tile_id,source_image,source_site,source_split,component_idx,bbox_x,bbox_y,bbox_w,bbox_h,bbox_area,pixel_area,aspect_ratio,density,touches_left,touches_right,touches_top,touches_bottom,touches_boundary
Artificial_Reef_06__tile_r0002_c0000,Artificial_Reef_06.png,Artificial_Reef,test,1,485,242,155,165,25575,9140,0.939,0.3574,False,True,False,False,True
Artificial_Reef_06__tile_r0002_c0000,Artificial_Reef_06.png,Artificial_Reef,test,2,568,345,55,29,1595,206,1.897,0.1292,False,False,False,False,False
Artificial_Reef_06__tile_r0002_c0000,Artificial_Reef_06.png,Artificial_Reef,test,3,560,375,6,9,54,35,0.667,0.6481,False,False,False,False,False
Artificial_Reef_06__tile_r0002_c0000,Artificial_Reef_06.png,Artificial_Reef,test,4,546,388,11,10,110,68,1.1,0.6182,False,False,False,False,False
Artificial_Reef_06__tile_r0002_c0001,Artificial_Reef_06.png,Artificial_Reef,test,1,0,242,212,165,34980,10565,1.285,0.302,True,False,False,False,True
Artificial_Reef_06__tile_r0002_c0001,Artificial_Reef_06.png,Artificial_Reef,test,2,195,268,8,7,56,31,1.143,0.5536,False,False,False,False,False
Artificial_Reef_06__tile_r0002_c0001,Artificial_Reef_06.png,Artificial_Reef,test,3,56,345,55,29,1595,206,1.897,0.1292,False,False,False,False,False
Artificial_Reef_06__tile_r0002_c0001,Artificial_Reef_06.png,Artificial_Reef,test,4,48,375,6,9,54,35,0.667,0.6481,False,False,False,False,False
Artificial_Reef_06__tile_r0002_c0001,Artificial_Reef_06.png,Artificial_Reef,test,5,34,388,11,10,110,68,1.1,0.6182,False,False,False,False,False
Barge_No_1_02__tile_r0000_c0000,Barge_No_1_02.png,Barge_No_1,test,1,95,630,17,10,170,123,1.7,0.7235,False,False,False,True,True
Barge_No_1_02__tile_r0001_c0000,Barge_No_1_02.png,Barge_No_1,test,1,0,118,173,447,77331,36663,0.387,0.4741,True,False,False,False,True
Barge_No_1_02__tile_r0002_c0000,Barge_No_1_02.png,Barge_No_1,test,1,0,0,37,53,1961,1051,0.698,0.536,True,False,True,False,True
Barge_No_1_03__tile_r0002_c0002,Barge_No_1_03.png,Barge_No_1,test,1,218,589,28,37,1036,522,0.757,0.5039,False,False,False,False,False
Barge_No_1_03__tile_r0002_c0002,Barge_No_1_03.png,Barge_No_1,test,2,178,623,10,17,170,118,0.588,0.6941,False,False,False,True,True
Barge_No_1_03__tile_r0002_c0002,Barge_No_1_03.png,Barge_No_1,test,3,227,629,41,11,451,297,3.727,0.6585,False,False,False,True,True
Barge_No_1_03__tile_r0003_c0001,Barge_No_1_03.png,Barge_No_1,test,1,524,272,116,248,28768,15828,0.468,0.5502,False,True,False,False,True
Barge_No_1_03__tile_r0003_c0002,Barge_No_1_03.png,Barge_No_1,test,1,218,77,28,37,1036,522,0.757,0.5039,False,False,False,False,False
Barge_No_1_03__tile_r0003_c0002,Barge_No_1_03.png,Barge_No_1,test,2,178,111,15,32,480,244,0.469,0.5083,False,False,False,False,False
Barge_No_1_03__tile_r0003_c0002,Barge_No_1_03.png,Barge_No_1,test,3,12,117,301,403,121303,49516,0.747,0.4082,False,False,False,False,False
Barge_No_1_03__tile_r0004_c0001,Barge_No_1_03.png,Barge_No_1,test,1,576,0,38,8,304,113,4.75,0.3717,False,False,True,False,True
Barge_No_1_03__tile_r0004_c0002,Barge_No_1_03.png,Barge_No_1,test,1,64,0,38,8,304,113,4.75,0.3717,False,False,True,False,True
Barge_No_1_04__tile_r0000_c0001,Barge_No_1_04.png,Barge_No_1,test,1,410,573,106,67,7102,4508,1.582,0.6348,False,False,False,True,True
Barge_No_1_04__tile_r0000_c0002,Barge_No_1_04.png,Barge_No_1,test,1,0,603,4,17,68,47,0.235,0.6912,True,False,False,False,True
Barge_No_1_04__tile_r0001_c0001,Barge_No_1_04.png,Barge_No_1,test,1,410,61,106,321,34026,12439,0.33,0.3656,False,False,False,False,False
Barge_No_1_04__tile_r0001_c0001,Barge_No_1_04.png,Barge_No_1,test,2,195,128,85,368,31280,15666,0.231,0.5008,False,False,False,False,False
Barge_No_1_04__tile_r0001_c0002,Barge_No_1_04.png,Barge_No_1,test,1,0,91,4,17,68,47,0.235,0.6912,True,False,False,False,True
Barge_No_1_04__tile_r0003_c0000,Barge_No_1_04.png,Barge_No_1,test,1,629,592,11,10,110,88,1.1,0.8,False,True,False,False,True
Barge_No_1_04__tile_r0003_c0001,Barge_No_1_04.png,Barge_No_1,test,1,117,592,65,16,1040,487,4.062,0.4683,False,False,False,False,False
Barge_No_1_04__tile_r0004_c0000,Barge_No_1_04.png,Barge_No_1,test,1,629,80,11,10,110,88,1.1,0.8,False,True,False,False,True
Barge_No_1_04__tile_r0004_c0001,Barge_No_1_04.png,Barge_No_1,test,1,117,80,65,16,1040,487,4.062,0.4683,False,False,False,False,False
Barge_No_1_05__tile_r0000_c0001,Barge_No_1_05.png,Barge_No_1,test,1,199,496,58,28,1624,535,2.071,0.3294,False,False,False,False,False
Barge_No_1_05__tile_r0000_c0002,Barge_No_1_05.png,Barge_No_1,test,1,621,575,19,46,874,431,0.413,0.4931,False,True,False,False,True
Barge_No_1_05__tile_r0000_c0003,Barge_No_1_05.png,Barge_No_1,test,1,109,575,30,46,1380,745,0.652,0.5399,False,False,False,False,False
Barge_No_1_05__tile_r0001_c0001,Barge_No_1_05.png,Barge_No_1,test,1,201,0,56,12,672,265,4.667,0.3943,False,False,True,False,True
Barge_No_1_05__tile_r0001_c0002,Barge_No_1_05.png,Barge_No_1,test,1,621,63,19,46,874,431,0.413,0.4931,False,True,False,False,True
Barge_No_1_05__tile_r0001_c0003,Barge_No_1_05.png,Barge_No_1,test,1,109,63,30,46,1380,745,0.652,0.5399,False,False,False,False,False
Barge_No_1_05__tile_r0002_c0000,Barge_No_1_05.png,Barge_No_1,test,1,371,556,121,84,10164,4694,1.44,0.4618,False,False,False,True,True
Barge_No_1_05__tile_r0002_c0000,Barge_No_1_05.png,Barge_No_1,test,2,350,584,22,31,682,365,0.71,0.5352,False,False,False,False,False
Barge_No_1_05__tile_r0003_c0000,Barge_No_1_05.png,Barge_No_1,test,1,174,44,318,431,137058,51925,0.738,0.3789,False,False,False,False,False
Barge_No_1_05__tile_r0003_c0000,Barge_No_1_05.png,Barge_No_1,test,2,350,72,22,31,682,365,0.71,0.5352,False,False,False,False,False
Barge_No_1_06__tile_r0000_c0003,Barge_No_1_06.png,Barge_No_1,test,1,129,523,63,117,7371,4451,0.538,0.6039,False,True,False,True,True
Barge_No_1_06__tile_r0001_c0002,Barge_No_1_06.png,Barge_No_1,test,1,539,130,101,328,33128,18963,0.308,0.5724,False,True,False,False,True
Barge_No_1_06__tile_r0001_c0003,Barge_No_1_06.png,Barge_No_1,test,1,27,11,165,457,75405,44858,0.361,0.5949,False,True,False,False,True
Barge_No_1_14__tile_r0000_c0002,Barge_No_1_14.png,Barge_No_1,test,1,268,487,79,15,1185,732,5.267,0.6177,False,False,False,False,False
Barge_No_1_14__tile_r0003_c0002,Barge_No_1_14.png,Barge_No_1,test,1,466,261,174,379,65946,43111,0.459,0.6537,False,True,False,True,True
Barge_No_1_14__tile_r0003_c0002,Barge_No_1_14.png,Barge_No_1,test,2,454,302,42,33,1386,559,1.273,0.4033,False,False,False,False,False
Barge_No_1_14__tile_r0003_c0003,Barge_No_1_14.png,Barge_No_1,test,1,0,277,137,363,49731,35029,0.377,0.7044,True,False,False,True,True
Barge_No_1_14__tile_r0004_c0002,Barge_No_1_14.png,Barge_No_1,test,1,451,0,177,301,53277,34852,0.588,0.6542,False,False,True,False,True
Barge_No_1_14__tile_r0004_c0002,Barge_No_1_14.png,Barge_No_1,test,2,206,131,9,6,54,20,1.5,0.3704,False,False,False,False,False
Barge_No_1_14__tile_r0004_c0002,Barge_No_1_14.png,Barge_No_1,test,3,344,154,7,18,126,58,0.389,0.4603,False,False,False,False,False
Barge_No_1_14__tile_r0004_c0002,Barge_No_1_14.png,Barge_No_1,test,4,202,162,7,10,70,43,0.7,0.6143,False,False,False,False,False
Barge_No_1_14__tile_r0004_c0002,Barge_No_1_14.png,Barge_No_1,test,5,189,185,10,14,140,52,0.714,0.3714,False,False,False,False,False
Barge_No_1_14__tile_r0004_c0002,Barge_No_1_14.png,Barge_No_1,test,6,220,470,10,33,330,152,0.303,0.4606,False,False,False,False,False
Barge_No_1_14__tile_r0004_c0003,Barge_No_1_14.png,Barge_No_1,test,1,0,0,116,301,34916,23026,0.385,0.6595,True,False,True,False,True
Barge_No_1_15__tile_r0001_c0001,Barge_No_1_15.png,Barge_No_1,test,1,489,213,151,427,64477,48859,0.354,0.7578,False,True,False,True,True
Barge_No_1_15__tile_r0001_c0002,Barge_No_1_15.png,Barge_No_1,test,1,0,213,167,427,71309,50598,0.391,0.7096,True,False,False,True,True
Barge_No_1_15__tile_r0002_c0001,Barge_No_1_15.png,Barge_No_1,test,1,489,0,141,259,36519,26825,0.544,0.7345,False,False,True,False,True
Barge_No_1_15__tile_r0002_c0002,Barge_No_1_15.png,Barge_No_1,test,1,0,0,118,259,30562,22735,0.456,0.7439,True,False,True,False,True
Barge_No_1_15__tile_r0004_c0000,Barge_No_1_15.png,Barge_No_1,test,1,153,625,9,15,135,90,0.6,0.6667,False,False,False,True,True
Barge_No_1_15__tile_r0004_c0002,Barge_No_1_15.png,Barge_No_1,test,1,145,546,79,15,1185,740,5.267,0.6245,False,False,False,False,False
Barge_No_1_15__tile_r0005_c0000,Barge_No_1_15.png,Barge_No_1,test,1,153,113,32,81,2592,592,0.395,0.2284,False,False,False,False,False
Barge_No_1_15__tile_r0005_c0002,Barge_No_1_15.png,Barge_No_1,test,1,145,34,79,15,1185,740,5.267,0.6245,False,False,False,False,False
Corsair_02__tile_r0001_c0000,Corsair_02.png,Corsair,test,1,397,337,172,96,16512,7399,1.792,0.4481,False,False,False,False,False
Corsair_02__tile_r0001_c0000,Corsair_02.png,Corsair,test,2,383,407,8,14,112,68,0.571,0.6071,False,False,False,False,False
Corsair_02__tile_r0001_c0000,Corsair_02.png,Corsair,test,3,423,420,46,21,966,770,2.19,0.7971,False,False,False,False,False
Corsair_02__tile_r0001_c0001,Corsair_02.png,Corsair,test,1,0,337,34,43,1462,972,0.791,0.6648,True,False,False,False,True
Corsair_02__tile_r0001_c0001,Corsair_02.png,Corsair,test,2,0,385,3,5,15,14,0.6,0.9333,True,False,False,False,True
Corsair_02__tile_r0001_c0001,Corsair_02.png,Corsair,test,3,0,398,57,35,1995,695,1.629,0.3484,True,False,False,False,True
Corsair_03__tile_r0001_c0000,Corsair_03.png,Corsair,test,1,217,389,229,86,19694,11977,2.663,0.6082,False,False,False,False,False
Corsican_02__tile_r0001_c0000,Corsican_02.png,Corsican,test,1,302,203,227,105,23835,8936,2.162,0.3749,False,False,False,False,False
Corsican_02__tile_r0001_c0001,Corsican_02.png,Corsican,test,1,0,225,8,10,80,39,0.8,0.4875,True,False,False,False,True
Corsican_02__tile_r0001_c0001,Corsican_02.png,Corsican,test,2,0,291,17,17,289,121,1.0,0.4187,True,False,False,False,True
Corsican_03__tile_r0001_c0000,Corsican_03.png,Corsican,test,1,352,199,205,68,13940,7180,3.015,0.5151,False,False,False,False,False
Corsican_03__tile_r0001_c0001,Corsican_03.png,Corsican,test,1,0,214,45,47,2115,1603,0.957,0.7579,True,False,False,False,True
Corsican_03__tile_r0001_c0001,Corsican_03.png,Corsican,test,2,0,265,1,2,2,2,0.5,1.0,True,False,False,False,True
Corsican_05__tile_r0003_c0002,Corsican_05.png,Corsican,test,1,262,567,103,73,7519,3971,1.411,0.5281,False,False,False,True,True
Corsican_05__tile_r0004_c0002,Corsican_05.png,Corsican,test,1,182,55,183,133,24339,7443,1.376,0.3058,False,False,False,False,False
Corsican_06__tile_r0000_c0002,Corsican_06.png,Corsican,test,1,189,324,180,145,26100,9368,1.241,0.3589,False,False,False,False,False
Haltiner_Barge_01__tile_r0000_c0001,Haltiner_Barge_01.png,Haltiner_Barge,test,1,582,218,28,68,1904,568,0.412,0.2983,False,False,False,False,False
Haltiner_Barge_01__tile_r0000_c0002,Haltiner_Barge_01.png,Haltiner_Barge,test,1,511,146,129,321,41409,33096,0.402,0.7992,False,True,False,False,True
Haltiner_Barge_01__tile_r0000_c0002,Haltiner_Barge_01.png,Haltiner_Barge,test,2,70,218,28,68,1904,568,0.412,0.2983,False,False,False,False,False
Haltiner_Barge_01__tile_r0000_c0003,Haltiner_Barge_01.png,Haltiner_Barge,test,1,0,145,192,326,62592,47035,0.589,0.7515,True,True,False,False,True
Haltiner_Barge_02__tile_r0000_c0000,Haltiner_Barge_02.png,Haltiner_Barge,test,1,0,72,85,102,8670,3487,0.833,0.4022,True,False,False,False,True
Haltiner_Barge_02__tile_r0000_c0000,Haltiner_Barge_02.png,Haltiner_Barge,test,2,155,344,232,296,68672,51169,0.784,0.7451,False,False,False,True,True
Haltiner_Barge_02__tile_r0001_c0000,Haltiner_Barge_02.png,Haltiner_Barge,test,1,183,0,204,156,31824,24709,1.308,0.7764,False,False,True,False,True
Haltiner_Barge_03__tile_r0000_c0002,Haltiner_Barge_03.png,Haltiner_Barge,test,1,213,407,109,124,13516,8439,0.879,0.6244,False,False,False,False,False
Haltiner_Barge_03__tile_r0000_c0002,Haltiner_Barge_03.png,Haltiner_Barge,test,2,306,595,78,26,2028,1138,3.0,0.5611,False,False,False,True,True
Haltiner_Barge_03__tile_r0001_c0002,Haltiner_Barge_03.png,Haltiner_Barge,test,1,213,0,83,19,1577,1048,4.368,0.6646,False,False,True,False,True
Haltiner_Barge_03__tile_r0001_c0002,Haltiner_Barge_03.png,Haltiner_Barge,test,2,306,83,78,26,2028,1138,3.0,0.5611,False,False,False,True,True
Haltiner_Barge_04__tile_r0000_c0000,Haltiner_Barge_04.png,Haltiner_Barge,test,1,585,27,55,53,2915,1585,1.038,0.5437,False,True,False,False,True
Haltiner_Barge_04__tile_r0000_c0000,Haltiner_Barge_04.png,Haltiner_Barge,test,2,132,315,31,31,961,353,1.0,0.3673,False,False,False,False,False
Haltiner_Barge_04__tile_r0000_c0000,Haltiner_Barge_04.png,Haltiner_Barge,test,3,175,325,9,33,297,169,0.273,0.569,False,False,False,False,False
Haltiner_Barge_04__tile_r0000_c0000,Haltiner_Barge_04.png,Haltiner_Barge,test,4,192,529,120,111,13320,3175,1.081,0.2384,False,False,False,True,True
Haltiner_Barge_04__tile_r0000_c0001,Haltiner_Barge_04.png,Haltiner_Barge,test,1,73,12,98,68,6664,2371,1.441,0.3558,False,False,False,False,False
Haltiner_Barge_04__tile_r0000_c0001,Haltiner_Barge_04.png,Haltiner_Barge,test,2,131,144,104,119,12376,8144,0.874,0.658,False,False,False,False,False
Haltiner_Barge_04__tile_r0001_c0000,Haltiner_Barge_04.png,Haltiner_Barge,test,1,191,17,121,122,14762,3253,0.992,0.2204,False,False,False,False,False
Haltiner_Barge_05__tile_r0000_c0001,Haltiner_Barge_05.png,Haltiner_Barge,test,1,165,425,110,116,12760,7409,0.948,0.5806,False,False,False,False,False
Haltiner_Barge_05__tile_r0000_c0001,Haltiner_Barge_05.png,Haltiner_Barge,test,2,246,609,54,31,1674,682,1.742,0.4074,False,False,False,True,True
Haltiner_Barge_05__tile_r0000_c0002,Haltiner_Barge_05.png,Haltiner_Barge,test,1,132,73,130,110,14300,3150,1.182,0.2203,False,False,False,False,False
Haltiner_Barge_05__tile_r0000_c0002,Haltiner_Barge_05.png,Haltiner_Barge,test,2,255,112,26,15,390,148,1.733,0.3795,False,False,False,False,False
Haltiner_Barge_05__tile_r0000_c0002,Haltiner_Barge_05.png,Haltiner_Barge,test,3,240,358,21,33,693,323,0.636,0.4661,False,False,False,False,False
Haltiner_Barge_05__tile_r0000_c0002,Haltiner_Barge_05.png,Haltiner_Barge,test,4,259,373,24,31,744,368,0.774,0.4946,False,False,False,False,False
Haltiner_Barge_05__tile_r0001_c0001,Haltiner_Barge_05.png,Haltiner_Barge,test,1,165,0,85,29,2465,1814,2.931,0.7359,False,False,True,False,True
Haltiner_Barge_05__tile_r0001_c0001,Haltiner_Barge_05.png,Haltiner_Barge,test,2,217,97,83,48,3984,1537,1.729,0.3858,False,False,False,True,True
Haltiner_Barge_06__tile_r0000_c0001,Haltiner_Barge_06.png,Haltiner_Barge,test,1,186,301,22,31,682,455,0.71,0.6672,False,False,False,False,False
Haltiner_Barge_06__tile_r0000_c0001,Haltiner_Barge_06.png,Haltiner_Barge,test,2,209,315,19,23,437,298,0.826,0.6819,False,False,False,False,False
Haltiner_Barge_06__tile_r0000_c0001,Haltiner_Barge_06.png,Haltiner_Barge,test,3,236,523,91,106,9646,2197,0.858,0.2278,False,False,False,False,False
Haltiner_Barge_06__tile_r0000_c0001,Haltiner_Barge_06.png,Haltiner_Barge,test,4,196,566,67,57,3819,1779,1.175,0.4658,False,False,False,False,False
Haltiner_Barge_06__tile_r0000_c0002,Haltiner_Barge_06.png,Haltiner_Barge,test,1,129,0,96,66,6336,2366,1.455,0.3734,False,False,True,False,True
Haltiner_Barge_06__tile_r0000_c0002,Haltiner_Barge_06.png,Haltiner_Barge,test,2,184,130,99,120,11880,8486,0.825,0.7143,False,False,False,False,False
Haltiner_Barge_06__tile_r0001_c0001,Haltiner_Barge_06.png,Haltiner_Barge,test,1,236,11,91,106,9646,2197,0.858,0.2278,False,False,False,False,False
Haltiner_Barge_06__tile_r0001_c0001,Haltiner_Barge_06.png,Haltiner_Barge,test,2,196,54,67,57,3819,1779,1.175,0.4658,False,False,False,False,False
Haltiner_Barge_07__tile_r0000_c0000,Haltiner_Barge_07.png,Haltiner_Barge,test,1,612,98,28,10,280,122,2.8,0.4357,False,True,False,False,True
Haltiner_Barge_07__tile_r0000_c0001,Haltiner_Barge_07.png,Haltiner_Barge,test,1,100,50,124,105,13020,2677,1.181,0.2056,False,False,False,False,False
Haltiner_Barge_07__tile_r0000_c0001,Haltiner_Barge_07.png,Haltiner_Barge,test,2,181,57,89,60,5340,2228,1.483,0.4172,False,False,False,False,False
Haltiner_Barge_07__tile_r0000_c0001,Haltiner_Barge_07.png,Haltiner_Barge,test,3,204,341,19,21,399,237,0.905,0.594,False,False,False,False,False
Haltiner_Barge_07__tile_r0000_c0001,Haltiner_Barge_07.png,Haltiner_Barge,test,4,229,345,29,36,1044,503,0.806,0.4818,False,False,False,False,False
James_Davidson_01__tile_r0000_c0000,James_Davidson_01.png,James_Davidson,test,1,364,617,33,23,759,294,1.435,0.3874,False,False,False,True,True
James_Davidson_01__tile_r0001_c0000,James_Davidson_01.png,James_Davidson,test,1,364,105,189,331,62559,21303,0.571,0.3405,False,False,False,False,False
James_Davidson_01__tile_r0001_c0001,James_Davidson_01.png,James_Davidson,test,1,0,227,41,209,8569,6523,0.196,0.7612,True,False,False,False,True
James_Davidson_01__tile_r0012_c0000,James_Davidson_01.png,James_Davidson,test,1,208,502,80,77,6160,1922,1.039,0.312,False,False,False,False,False
James_Davidson_01__tile_r0013_c0000,James_Davidson_01.png,James_Davidson,test,1,208,0,80,67,5360,1816,1.194,0.3388,False,False,True,False,True
James_Davidson_02__tile_r0009_c0002,James_Davidson_02.png,James_Davidson,test,1,266,411,39,129,5031,2410,0.302,0.479,False,False,False,False,False
James_Davidson_02__tile_r0010_c0002,James_Davidson_02.png,James_Davidson,test,1,267,0,16,28,448,374,0.571,0.8348,False,False,True,False,True
James_Davidson_02__tile_r0010_c0002,James_Davidson_02.png,James_Davidson,test,2,316,581,132,59,7788,2942,2.237,0.3778,False,False,False,True,True
James_Davidson_02__tile_r0011_c0002,James_Davidson_02.png,James_Davidson,test,1,316,69,324,309,100116,31894,1.049,0.3186,False,True,False,False,True
James_Davidson_02__tile_r0011_c0003,James_Davidson_02.png,James_Davidson,test,1,0,181,187,224,41888,13370,0.835,0.3192,True,False,False,False,True
James_Davidson_03__tile_r0008_c0000,James_Davidson_03.png,James_Davidson,test,1,95,502,103,62,6386,1799,1.661,0.2817,False,False,False,False,False
James_Davidson_03__tile_r0009_c0000,James_Davidson_03.png,James_Davidson,test,1,95,0,103,52,5356,1591,1.981,0.2971,False,False,True,False,True
James_Davidson_04__tile_r0000_c0000,James_Davidson_04.png,James_Davidson,test,1,453,605,50,35,1750,655,1.429,0.3743,False,False,False,True,True
James_Davidson_04__tile_r0001_c0000,James_Davidson_04.png,James_Davidson,test,1,379,93,124,95,11780,3123,1.305,0.2651,False,False,False,False,False
James_Davidson_04__tile_r0001_c0000,James_Davidson_04.png,James_Davidson,test,2,97,478,183,162,29646,20853,1.13,0.7034,False,False,False,True,True
James_Davidson_04__tile_r0002_c0000,James_Davidson_04.png,James_Davidson,test,1,0,0,280,448,125440,64548,0.625,0.5146,True,False,True,False,True
Lucinda_van_Valkenburg_05__tile_r0002_c0000,Lucinda_van_Valkenburg_05.png,Lucinda_van_Valkenburg,test,1,2,360,177,81,14337,7046,2.185,0.4915,False,False,False,False,False
Lucinda_van_Valkenburg_06__tile_r0000_c0000,Lucinda_van_Valkenburg_06.png,Lucinda_van_Valkenburg,test,1,1,500,31,17,527,248,1.824,0.4706,False,False,False,False,False
Lucinda_van_Valkenburg_06__tile_r0000_c0000,Lucinda_van_Valkenburg_06.png,Lucinda_van_Valkenburg,test,2,15,538,42,60,2520,1037,0.7,0.4115,False,False,False,False,False
Lucinda_van_Valkenburg_06__tile_r0000_c0000,Lucinda_van_Valkenburg_06.png,Lucinda_van_Valkenburg,test,3,94,540,24,25,600,416,0.96,0.6933,False,False,False,False,False
Lucinda_van_Valkenburg_06__tile_r0000_c0001,Lucinda_van_Valkenburg_06.png,Lucinda_van_Valkenburg,test,1,145,398,88,73,6424,4107,1.205,0.6393,False,False,False,False,False
Lucinda_van_Valkenburg_06__tile_r0000_c0001,Lucinda_van_Valkenburg_06.png,Lucinda_van_Valkenburg,test,2,575,480,44,32,1408,1071,1.375,0.7607,False,False,False,False,False
Lucinda_van_Valkenburg_06__tile_r0000_c0001,Lucinda_van_Valkenburg_06.png,Lucinda_van_Valkenburg,test,3,539,483,17,17,289,162,1.0,0.5606,False,False,False,False,False
Lucinda_van_Valkenburg_06__tile_r0000_c0001,Lucinda_van_Valkenburg_06.png,Lucinda_van_Valkenburg,test,4,566,585,21,55,1155,509,0.382,0.4407,False,False,False,True,True
Lucinda_van_Valkenburg_06__tile_r0000_c0001,Lucinda_van_Valkenburg_06.png,Lucinda_van_Valkenburg,test,5,623,602,17,38,646,370,0.447,0.5728,False,True,False,True,True
Lucinda_van_Valkenburg_06__tile_r0000_c0001,Lucinda_van_Valkenburg_06.png,Lucinda_van_Valkenburg,test,6,584,606,17,34,578,375,0.5,0.6488,False,False,False,True,True
Lucinda_van_Valkenburg_06__tile_r0000_c0002,Lucinda_van_Valkenburg_06.png,Lucinda_van_Valkenburg,test,1,63,480,44,32,1408,1071,1.375,0.7607,False,False,False,False,False
Lucinda_van_Valkenburg_06__tile_r0000_c0002,Lucinda_van_Valkenburg_06.png,Lucinda_van_Valkenburg,test,2,27,483,17,17,289,162,1.0,0.5606,False,False,False,False,False
Lucinda_van_Valkenburg_06__tile_r0000_c0002,Lucinda_van_Valkenburg_06.png,Lucinda_van_Valkenburg,test,3,415,495,38,58,2204,1169,0.655,0.5304,False,False,False,False,False
Lucinda_van_Valkenburg_06__tile_r0000_c0002,Lucinda_van_Valkenburg_06.png,Lucinda_van_Valkenburg,test,4,202,559,16,81,1296,881,0.198,0.6798,False,False,False,True,True
Lucinda_van_Valkenburg_06__tile_r0000_c0002,Lucinda_van_Valkenburg_06.png,Lucinda_van_Valkenburg,test,5,262,568,60,72,4320,1234,0.833,0.2856,False,False,False,True,True
Lucinda_van_Valkenburg_06__tile_r0000_c0002,Lucinda_van_Valkenburg_06.png,Lucinda_van_Valkenburg,test,6,54,585,21,55,1155,509,0.382,0.4407,False,False,False,True,True
Lucinda_van_Valkenburg_06__tile_r0000_c0002,Lucinda_van_Valkenburg_06.png,Lucinda_van_Valkenburg,test,7,111,602,38,38,1444,726,1.0,0.5028,False,False,False,True,True
Lucinda_van_Valkenburg_06__tile_r0000_c0002,Lucinda_van_Valkenburg_06.png,Lucinda_van_Valkenburg,test,8,72,606,17,34,578,375,0.5,0.6488,False,False,False,True,True
Lucinda_van_Valkenburg_06__tile_r0000_c0002,Lucinda_van_Valkenburg_06.png,Lucinda_van_Valkenburg,test,9,265,625,21,15,315,142,1.4,0.4508,False,False,False,True,True
Lucinda_van_Valkenburg_06__tile_r0000_c0002,Lucinda_van_Valkenburg_06.png,Lucinda_van_Valkenburg,test,10,353,630,9,10,90,50,0.9,0.5556,False,False,False,True,True
Lucinda_van_Valkenburg_06__tile_r0001_c0000,Lucinda_van_Valkenburg_06.png,Lucinda_van_Valkenburg,test,1,2,0,16,5,80,43,3.2,0.5375,False,False,True,False,True
Lucinda_van_Valkenburg_06__tile_r0001_c0000,Lucinda_van_Valkenburg_06.png,Lucinda_van_Valkenburg,test,2,15,26,42,60,2520,1037,0.7,0.4115,False,False,False,False,False
Lucinda_van_Valkenburg_06__tile_r0001_c0000,Lucinda_van_Valkenburg_06.png,Lucinda_van_Valkenburg,test,3,94,28,24,25,600,416,0.96,0.6933,False,False,False,False,False
Lucinda_van_Valkenburg_06__tile_r0001_c0001,Lucinda_van_Valkenburg_06.png,Lucinda_van_Valkenburg,test,1,552,73,35,130,4550,1126,0.269,0.2475,False,False,False,False,False
Lucinda_van_Valkenburg_06__tile_r0001_c0001,Lucinda_van_Valkenburg_06.png,Lucinda_van_Valkenburg,test,2,623,90,17,42,714,376,0.405,0.5266,False,True,False,False,True
Lucinda_van_Valkenburg_06__tile_r0001_c0001,Lucinda_van_Valkenburg_06.png,Lucinda_van_Valkenburg,test,3,570,94,31,152,4712,1784,0.204,0.3786,False,False,False,False,False
Lucinda_van_Valkenburg_06__tile_r0001_c0001,Lucinda_van_Valkenburg_06.png,Lucinda_van_Valkenburg,test,4,588,134,52,60,3120,1987,0.867,0.6369,False,True,False,False,True
Lucinda_van_Valkenburg_06__tile_r0001_c0001,Lucinda_van_Valkenburg_06.png,Lucinda_van_Valkenburg,test,5,614,179,26,116,3016,1589,0.224,0.5269,False,True,False,False,True
Lucinda_van_Valkenburg_06__tile_r0001_c0001,Lucinda_van_Valkenburg_06.png,Lucinda_van_Valkenburg,test,6,572,356,61,89,5429,1235,0.685,0.2275,False,False,False,False,False
Lucinda_van_Valkenburg_06__tile_r0001_c0002,Lucinda_van_Valkenburg_06.png,Lucinda_van_Valkenburg,test,1,415,0,38,41,1558,924,0.927,0.5931,False,False,True,False,True
Lucinda_van_Valkenburg_06__tile_r0001_c0002,Lucinda_van_Valkenburg_06.png,Lucinda_van_Valkenburg,test,2,202,47,16,97,1552,1085,0.165,0.6991,False,False,False,False,False
Lucinda_van_Valkenburg_06__tile_r0001_c0002,Lucinda_van_Valkenburg_06.png,Lucinda_van_Valkenburg,test,3,262,56,80,115,9200,1885,0.696,0.2049,False,False,False,False,False
Lucinda_van_Valkenburg_06__tile_r0001_c0002,Lucinda_van_Valkenburg_06.png,Lucinda_van_Valkenburg,test,4,40,73,35,130,4550,1126,0.269,0.2475,False,False,False,False,False
Lucinda_van_Valkenburg_06__tile_r0001_c0002,Lucinda_van_Valkenburg_06.png,Lucinda_van_Valkenburg,test,5,111,90,64,80,5120,1670,0.8,0.3262,False,False,False,False,False
Lucinda_van_Valkenburg_06__tile_r0001_c0002,Lucinda_van_Valkenburg_06.png,Lucinda_van_Valkenburg,test,6,58,94,31,152,4712,1784,0.204,0.3786,False,False,False,False,False
Lucinda_van_Valkenburg_06__tile_r0001_c0002,Lucinda_van_Valkenburg_06.png,Lucinda_van_Valkenburg,test,7,265,113,46,51,2346,469,0.902,0.1999,False,False,False,False,False
Lucinda_van_Valkenburg_06__tile_r0001_c0002,Lucinda_van_Valkenburg_06.png,Lucinda_van_Valkenburg,test,8,347,118,20,67,1340,691,0.299,0.5157,False,False,False,False,False
Lucinda_van_Valkenburg_06__tile_r0001_c0002,Lucinda_van_Valkenburg_06.png,Lucinda_van_Valkenburg,test,9,76,134,67,60,4020,2238,1.117,0.5567,False,False,False,False,False
Lucinda_van_Valkenburg_06__tile_r0001_c0002,Lucinda_van_Valkenburg_06.png,Lucinda_van_Valkenburg,test,10,102,163,437,477,208449,125734,0.916,0.6032,False,False,False,True,True
Lucinda_van_Valkenburg_06__tile_r0001_c0002,Lucinda_van_Valkenburg_06.png,Lucinda_van_Valkenburg,test,11,60,356,61,89,5429,1235,0.685,0.2275,False,False,False,False,False
Lucinda_van_Valkenburg_06__tile_r0001_c0003,Lucinda_van_Valkenburg_06.png,Lucinda_van_Valkenburg,test,1,0,603,27,37,999,532,0.73,0.5325,True,False,False,True,True
Lucinda_van_Valkenburg_06__tile_r0002_c0001,Lucinda_van_Valkenburg_06.png,Lucinda_van_Valkenburg,test,1,617,195,23,35,805,536,0.657,0.6658,False,True,False,False,True
Lucinda_van_Valkenburg_06__tile_r0002_c0001,Lucinda_van_Valkenburg_06.png,Lucinda_van_Valkenburg,test,2,596,434,19,26,494,289,0.731,0.585,False,False,False,False,False
Lucinda_van_Valkenburg_06__tile_r0002_c0002,Lucinda_van_Valkenburg_06.png,Lucinda_van_Valkenburg,test,1,133,0,15,18,270,196,0.833,0.7259,False,False,True,False,True
Lucinda_van_Valkenburg_06__tile_r0002_c0002,Lucinda_van_Valkenburg_06.png,Lucinda_van_Valkenburg,test,2,164,0,116,291,33756,5273,0.399,0.1562,False,False,True,False,True
Lucinda_van_Valkenburg_06__tile_r0002_c0002,Lucinda_van_Valkenburg_06.png,Lucinda_van_Valkenburg,test,3,190,0,404,431,174124,108174,0.937,0.6212,False,False,True,False,True
Lucinda_van_Valkenburg_06__tile_r0002_c0002,Lucinda_van_Valkenburg_06.png,Lucinda_van_Valkenburg,test,4,105,188,64,43,2752,1651,1.488,0.5999,False,False,False,False,False
Lucinda_van_Valkenburg_06__tile_r0002_c0002,Lucinda_van_Valkenburg_06.png,Lucinda_van_Valkenburg,test,5,152,394,18,13,234,118,1.385,0.5043,False,False,False,False,False
Lucinda_van_Valkenburg_06__tile_r0002_c0002,Lucinda_van_Valkenburg_06.png,Lucinda_van_Valkenburg,test,6,138,413,10,26,260,154,0.385,0.5923,False,False,False,False,False
Lucinda_van_Valkenburg_06__tile_r0002_c0002,Lucinda_van_Valkenburg_06.png,Lucinda_van_Valkenburg,test,7,84,434,19,26,494,289,0.731,0.585,False,False,False,False,False
Lucinda_van_Valkenburg_06__tile_r0002_c0002,Lucinda_van_Valkenburg_06.png,Lucinda_van_Valkenburg,test,8,481,527,26,16,416,163,1.625,0.3918,False,False,False,False,False
Lucinda_van_Valkenburg_06__tile_r0002_c0003,Lucinda_van_Valkenburg_06.png,Lucinda_van_Valkenburg,test,1,0,91,82,223,18286,11935,0.368,0.6527,True,False,False,False,True
Lucinda_van_Valkenburg_06__tile_r0002_c0003,Lucinda_van_Valkenburg_06.png,Lucinda_van_Valkenburg,test,2,0,351,11,33,363,184,0.333,0.5069,True,False,False,False,True
Lucinda_van_Valkenburg_06__tile_r0003_c0002,Lucinda_van_Valkenburg_06.png,Lucinda_van_Valkenburg,test,1,481,15,26,16,416,163,1.625,0.3918,False,False,False,False,False
Lucinda_van_Valkenburg_07__tile_r0000_c0001,Lucinda_van_Valkenburg_07.png,Lucinda_van_Valkenburg,test,1,501,413,139,227,31553,18093,0.612,0.5734,False,True,False,True,True
Lucinda_van_Valkenburg_07__tile_r0000_c0002,Lucinda_van_Valkenburg_07.png,Lucinda_van_Valkenburg,test,1,631,135,9,9,81,56,1.0,0.6914,False,True,False,False,True
Lucinda_van_Valkenburg_07__tile_r0000_c0002,Lucinda_van_Valkenburg_07.png,Lucinda_van_Valkenburg,test,2,468,363,27,27,729,425,1.0,0.583,False,False,False,False,False
Lucinda_van_Valkenburg_07__tile_r0000_c0002,Lucinda_van_Valkenburg_07.png,Lucinda_van_Valkenburg,test,3,418,385,18,23,414,232,0.783,0.5604,False,False,False,False,False
Lucinda_van_Valkenburg_07__tile_r0000_c0002,Lucinda_van_Valkenburg_07.png,Lucinda_van_Valkenburg,test,4,135,405,24,28,672,307,0.857,0.4568,False,False,False,False,False
Lucinda_van_Valkenburg_07__tile_r0000_c0002,Lucinda_van_Valkenburg_07.png,Lucinda_van_Valkenburg,test,5,0,413,353,227,80131,50976,1.555,0.6362,True,False,False,True,True
Lucinda_van_Valkenburg_07__tile_r0000_c0002,Lucinda_van_Valkenburg_07.png,Lucinda_van_Valkenburg,test,6,404,412,20,11,220,97,1.818,0.4409,False,False,False,False,False
Lucinda_van_Valkenburg_07__tile_r0000_c0002,Lucinda_van_Valkenburg_07.png,Lucinda_van_Valkenburg,test,7,190,414,26,13,338,161,2.0,0.4763,False,False,False,False,False
Lucinda_van_Valkenburg_07__tile_r0000_c0003,Lucinda_van_Valkenburg_07.png,Lucinda_van_Valkenburg,test,1,119,119,43,38,1634,680,1.132,0.4162,False,False,False,False,False
Lucinda_van_Valkenburg_07__tile_r0001_c0001,Lucinda_van_Valkenburg_07.png,Lucinda_van_Valkenburg,test,1,480,0,160,278,44480,28168,0.576,0.6333,False,True,True,False,True
Lucinda_van_Valkenburg_07__tile_r0001_c0001,Lucinda_van_Valkenburg_07.png,Lucinda_van_Valkenburg,test,2,548,215,32,56,1792,651,0.571,0.3633,False,False,False,False,False
Lucinda_van_Valkenburg_07__tile_r0001_c0001,Lucinda_van_Valkenburg_07.png,Lucinda_van_Valkenburg,test,3,565,265,75,234,17550,7476,0.321,0.426,False,True,False,False,True
Lucinda_van_Valkenburg_07__tile_r0001_c0001,Lucinda_van_Valkenburg_07.png,Lucinda_van_Valkenburg,test,4,516,340,21,70,1470,778,0.3,0.5293,False,False,False,False,False
Lucinda_van_Valkenburg_07__tile_r0001_c0001,Lucinda_van_Valkenburg_07.png,Lucinda_van_Valkenburg,test,5,515,434,57,53,3021,889,1.075,0.2943,False,False,False,False,False
Lucinda_van_Valkenburg_07__tile_r0001_c0002,Lucinda_van_Valkenburg_07.png,Lucinda_van_Valkenburg,test,1,0,0,520,640,332800,191623,0.812,0.5758,True,False,True,True,True
Lucinda_van_Valkenburg_07__tile_r0001_c0002,Lucinda_van_Valkenburg_07.png,Lucinda_van_Valkenburg,test,2,36,215,32,56,1792,651,0.571,0.3633,False,False,False,False,False
Lucinda_van_Valkenburg_07__tile_r0001_c0002,Lucinda_van_Valkenburg_07.png,Lucinda_van_Valkenburg,test,3,4,340,21,70,1470,778,0.3,0.5293,False,False,False,False,False
Lucinda_van_Valkenburg_07__tile_r0001_c0002,Lucinda_van_Valkenburg_07.png,Lucinda_van_Valkenburg,test,4,3,434,57,53,3021,889,1.075,0.2943,False,False,False,False,False
Lucinda_van_Valkenburg_07__tile_r0001_c0003,Lucinda_van_Valkenburg_07.png,Lucinda_van_Valkenburg,test,1,0,615,8,19,152,89,0.421,0.5855,True,False,False,False,True
Lucinda_van_Valkenburg_07__tile_r0002_c0000,Lucinda_van_Valkenburg_07.png,Lucinda_van_Valkenburg,test,1,591,333,49,33,1617,589,1.485,0.3643,False,True,False,False,True
Lucinda_van_Valkenburg_07__tile_r0002_c0000,Lucinda_van_Valkenburg_07.png,Lucinda_van_Valkenburg,test,2,589,394,51,39,1989,736,1.308,0.37,False,True,False,False,True
Lucinda_van_Valkenburg_07__tile_r0002_c0001,Lucinda_van_Valkenburg_07.png,Lucinda_van_Valkenburg,test,1,79,331,131,35,4585,1367,3.743,0.2981,False,False,False,False,False
Lucinda_van_Valkenburg_07__tile_r0002_c0001,Lucinda_van_Valkenburg_07.png,Lucinda_van_Valkenburg,test,2,77,386,71,47,3337,991,1.511,0.297,False,False,False,False,False
Lucinda_van_Valkenburg_07__tile_r0002_c0002,Lucinda_van_Valkenburg_07.png,Lucinda_van_Valkenburg,test,1,235,0,285,266,75810,36084,1.071,0.476,False,False,True,False,True
Lucinda_van_Valkenburg_07__tile_r0002_c0002,Lucinda_van_Valkenburg_07.png,Lucinda_van_Valkenburg,test,2,492,133,69,83,5727,1988,0.831,0.3471,False,False,False,False,False
Lucinda_van_Valkenburg_07__tile_r0002_c0002,Lucinda_van_Valkenburg_07.png,Lucinda_van_Valkenburg,test,3,527,133,83,75,6225,3304,1.107,0.5308,False,False,False,False,False
Lucinda_van_Valkenburg_07__tile_r0002_c0002,Lucinda_van_Valkenburg_07.png,Lucinda_van_Valkenburg,test,4,360,149,40,49,1960,666,0.816,0.3398,False,False,False,False,False
Lucinda_van_Valkenburg_07__tile_r0002_c0002,Lucinda_van_Valkenburg_07.png,Lucinda_van_Valkenburg,test,5,335,165,66,96,6336,1003,0.688,0.1583,False,False,False,False,False
Lucinda_van_Valkenburg_07__tile_r0002_c0002,Lucinda_van_Valkenburg_07.png,Lucinda_van_Valkenburg,test,6,478,228,11,18,198,141,0.611,0.7121,False,False,False,False,False
Lucinda_van_Valkenburg_07__tile_r0002_c0002,Lucinda_van_Valkenburg_07.png,Lucinda_van_Valkenburg,test,7,220,287,37,43,1591,725,0.86,0.4557,False,False,False,False,False
Lucinda_van_Valkenburg_07__tile_r0002_c0002,Lucinda_van_Valkenburg_07.png,Lucinda_van_Valkenburg,test,8,571,300,46,36,1656,951,1.278,0.5743,False,False,False,False,False
Lucinda_van_Valkenburg_07__tile_r0002_c0003,Lucinda_van_Valkenburg_07.png,Lucinda_van_Valkenburg,test,1,0,103,8,19,152,89,0.421,0.5855,True,False,False,False,True
Lucinda_van_Valkenburg_07__tile_r0002_c0003,Lucinda_van_Valkenburg_07.png,Lucinda_van_Valkenburg,test,2,15,133,83,75,6225,3304,1.107,0.5308,False,False,False,False,False
Lucinda_van_Valkenburg_07__tile_r0002_c0003,Lucinda_van_Valkenburg_07.png,Lucinda_van_Valkenburg,test,3,0,134,49,82,4018,1234,0.598,0.3071,True,False,False,False,True
Lucinda_van_Valkenburg_07__tile_r0002_c0003,Lucinda_van_Valkenburg_07.png,Lucinda_van_Valkenburg,test,4,131,152,58,48,2784,1334,1.208,0.4792,False,False,False,False,False
Lucinda_van_Valkenburg_07__tile_r0002_c0003,Lucinda_van_Valkenburg_07.png,Lucinda_van_Valkenburg,test,5,59,300,46,36,1656,951,1.278,0.5743,False,False,False,False,False
Lucinda_van_Valkenburg_12__tile_r0002_c0000,Lucinda_van_Valkenburg_12.png,Lucinda_van_Valkenburg,test,1,200,284,9,26,234,177,0.346,0.7564,False,False,False,False,False
Lucinda_van_Valkenburg_12__tile_r0002_c0000,Lucinda_van_Valkenburg_12.png,Lucinda_van_Valkenburg,test,2,205,345,27,35,945,606,0.771,0.6413,False,False,False,False,False
Lucinda_van_Valkenburg_12__tile_r0002_c0000,Lucinda_van_Valkenburg_12.png,Lucinda_van_Valkenburg,test,3,172,373,25,27,675,451,0.926,0.6681,False,False,False,False,False
Lucinda_van_Valkenburg_12__tile_r0002_c0000,Lucinda_van_Valkenburg_12.png,Lucinda_van_Valkenburg,test,4,10,398,68,147,9996,6661,0.463,0.6664,False,False,False,False,False
Lucinda_van_Valkenburg_12__tile_r0002_c0001,Lucinda_van_Valkenburg_12.png,Lucinda_van_Valkenburg,test,1,424,310,90,82,7380,3665,1.098,0.4966,False,False,False,False,False
Lucinda_van_Valkenburg_12__tile_r0002_c0001,Lucinda_van_Valkenburg_12.png,Lucinda_van_Valkenburg,test,2,387,392,222,119,26418,16509,1.866,0.6249,False,False,False,False,False
Lucinda_van_Valkenburg_12__tile_r0002_c0001,Lucinda_van_Valkenburg_12.png,Lucinda_van_Valkenburg,test,3,375,506,265,134,35510,22416,1.978,0.6313,False,True,False,True,True
Lucinda_van_Valkenburg_12__tile_r0002_c0002,Lucinda_van_Valkenburg_12.png,Lucinda_van_Valkenburg,test,1,493,250,96,121,11616,6337,0.793,0.5455,False,False,False,False,False
Lucinda_van_Valkenburg_12__tile_r0002_c0002,Lucinda_van_Valkenburg_12.png,Lucinda_van_Valkenburg,test,2,285,344,355,296,105080,61994,1.199,0.59,False,True,False,True,True
Lucinda_van_Valkenburg_12__tile_r0002_c0002,Lucinda_van_Valkenburg_12.png,Lucinda_van_Valkenburg,test,3,464,356,176,73,12848,5479,2.411,0.4264,False,True,False,False,True
Lucinda_van_Valkenburg_12__tile_r0002_c0002,Lucinda_van_Valkenburg_12.png,Lucinda_van_Valkenburg,test,4,0,375,2,11,22,17,0.182,0.7727,True,False,False,False,True
Lucinda_van_Valkenburg_12__tile_r0002_c0002,Lucinda_van_Valkenburg_12.png,Lucinda_van_Valkenburg,test,5,0,407,97,104,10088,8021,0.933,0.7951,True,False,False,False,True
Lucinda_van_Valkenburg_12__tile_r0002_c0002,Lucinda_van_Valkenburg_12.png,Lucinda_van_Valkenburg,test,6,633,439,7,8,56,44,0.875,0.7857,False,True,False,False,True
Lucinda_van_Valkenburg_12__tile_r0002_c0002,Lucinda_van_Valkenburg_12.png,Lucinda_van_Valkenburg,test,7,0,553,142,87,12354,7896,1.632,0.6391,True,False,False,True,True
Lucinda_van_Valkenburg_12__tile_r0002_c0002,Lucinda_van_Valkenburg_12.png,Lucinda_van_Valkenburg,test,8,154,639,3,1,3,3,3.0,1.0,False,False,False,True,True
Lucinda_van_Valkenburg_12__tile_r0002_c0003,Lucinda_van_Valkenburg_12.png,Lucinda_van_Valkenburg,test,1,0,250,77,121,9317,5591,0.636,0.6001,True,False,False,False,True
Lucinda_van_Valkenburg_12__tile_r0002_c0003,Lucinda_van_Valkenburg_12.png,Lucinda_van_Valkenburg,test,2,0,282,192,358,68736,44452,0.536,0.6467,True,True,False,True,True
Lucinda_van_Valkenburg_12__tile_r0003_c0000,Lucinda_van_Valkenburg_12.png,Lucinda_van_Valkenburg,test,1,10,0,3,6,18,15,0.5,0.8333,False,False,True,False,True
Lucinda_van_Valkenburg_12__tile_r0003_c0000,Lucinda_van_Valkenburg_12.png,Lucinda_van_Valkenburg,test,2,21,0,45,33,1485,823,1.364,0.5542,False,False,True,False,True
Lucinda_van_Valkenburg_12__tile_r0003_c0001,Lucinda_van_Valkenburg_12.png,Lucinda_van_Valkenburg,test,1,368,0,272,214,58208,39300,1.271,0.6752,False,True,True,False,True
Lucinda_van_Valkenburg_12__tile_r0003_c0001,Lucinda_van_Valkenburg_12.png,Lucinda_van_Valkenburg,test,2,595,362,23,26,598,382,0.885,0.6388,False,False,False,False,False
Lucinda_van_Valkenburg_12__tile_r0003_c0002,Lucinda_van_Valkenburg_12.png,Lucinda_van_Valkenburg,test,1,325,0,315,132,41580,23853,2.386,0.5737,False,True,True,False,True
Lucinda_van_Valkenburg_12__tile_r0003_c0002,Lucinda_van_Valkenburg_12.png,Lucinda_van_Valkenburg,test,2,0,41,170,161,27370,17001,1.056,0.6212,True,False,False,False,True
Lucinda_van_Valkenburg_12__tile_r0003_c0002,Lucinda_van_Valkenburg_12.png,Lucinda_van_Valkenburg,test,3,83,362,23,26,598,382,0.885,0.6388,False,False,False,False,False
Lucinda_van_Valkenburg_12__tile_r0003_c0003,Lucinda_van_Valkenburg_12.png,Lucinda_van_Valkenburg,test,1,0,0,192,146,28032,23473,1.315,0.8374,True,True,True,False,True
Lucinda_van_Valkenburg_13__tile_r0002_c0000,Lucinda_van_Valkenburg_13.png,Lucinda_van_Valkenburg,test,1,203,245,198,147,29106,11571,1.347,0.3975,False,False,False,False,False
Lucinda_van_Valkenburg_13__tile_r0002_c0000,Lucinda_van_Valkenburg_13.png,Lucinda_van_Valkenburg,test,2,172,307,85,53,4505,937,1.604,0.208,False,False,False,False,False
Lucinda_van_Valkenburg_13__tile_r0002_c0002,Lucinda_van_Valkenburg_13.png,Lucinda_van_Valkenburg,test,1,480,280,124,57,7068,1258,2.175,0.178,False,False,False,False,False
Lucinda_van_Valkenburg_13__tile_r0002_c0002,Lucinda_van_Valkenburg_13.png,Lucinda_van_Valkenburg,test,2,289,291,351,349,122499,62328,1.006,0.5088,False,True,False,True,True
Lucinda_van_Valkenburg_13__tile_r0002_c0002,Lucinda_van_Valkenburg_13.png,Lucinda_van_Valkenburg,test,3,224,435,75,70,5250,2633,1.071,0.5015,False,False,False,False,False
Lucinda_van_Valkenburg_13__tile_r0002_c0003,Lucinda_van_Valkenburg_13.png,Lucinda_van_Valkenburg,test,1,0,296,92,41,3772,957,2.244,0.2537,True,False,False,False,True
Lucinda_van_Valkenburg_13__tile_r0002_c0003,Lucinda_van_Valkenburg_13.png,Lucinda_van_Valkenburg,test,2,0,343,192,274,52608,34898,0.701,0.6634,True,True,False,False,True
Lucinda_van_Valkenburg_13__tile_r0003_c0002,Lucinda_van_Valkenburg_13.png,Lucinda_van_Valkenburg,test,1,390,0,36,188,6768,2111,0.191,0.3119,False,False,True,False,True
Lucinda_van_Valkenburg_13__tile_r0003_c0002,Lucinda_van_Valkenburg_13.png,Lucinda_van_Valkenburg,test,2,434,0,206,161,33166,11378,1.28,0.3431,False,True,True,False,True
Lucinda_van_Valkenburg_13__tile_r0003_c0003,Lucinda_van_Valkenburg_13.png,Lucinda_van_Valkenburg,test,1,0,0,192,105,20160,7219,1.829,0.3581,True,True,True,False,True
Lucinda_van_Valkenburg_14__tile_r0001_c0002,Lucinda_van_Valkenburg_14.png,Lucinda_van_Valkenburg,test,1,586,582,54,58,3132,2549,0.931,0.8139,False,True,False,True,True
Lucinda_van_Valkenburg_14__tile_r0001_c0003,Lucinda_van_Valkenburg_14.png,Lucinda_van_Valkenburg,test,1,74,582,117,58,6786,4381,2.017,0.6456,False,False,False,True,True
Lucinda_van_Valkenburg_14__tile_r0002_c0000,Lucinda_van_Valkenburg_14.png,Lucinda_van_Valkenburg,test,1,438,638,40,2,80,66,20.0,0.825,False,False,False,True,True
Lucinda_van_Valkenburg_14__tile_r0002_c0001,Lucinda_van_Valkenburg_14.png,Lucinda_van_Valkenburg,test,1,386,229,254,190,48260,12837,1.337,0.266,False,True,False,False,True
Lucinda_van_Valkenburg_14__tile_r0002_c0002,Lucinda_van_Valkenburg_14.png,Lucinda_van_Valkenburg,test,1,586,70,54,61,3294,2578,0.885,0.7826,False,True,False,False,True
Lucinda_van_Valkenburg_14__tile_r0002_c0002,Lucinda_van_Valkenburg_14.png,Lucinda_van_Valkenburg,test,2,282,146,358,483,172914,74682,0.741,0.4319,False,True,False,False,True
Lucinda_van_Valkenburg_14__tile_r0002_c0002,Lucinda_van_Valkenburg_14.png,Lucinda_van_Valkenburg,test,3,602,178,37,39,1443,622,0.949,0.431,False,False,False,False,False
Lucinda_van_Valkenburg_14__tile_r0002_c0002,Lucinda_van_Valkenburg_14.png,Lucinda_van_Valkenburg,test,4,0,227,223,158,35234,18387,1.411,0.5219,True,False,False,False,True
Lucinda_van_Valkenburg_14__tile_r0002_c0002,Lucinda_van_Valkenburg_14.png,Lucinda_van_Valkenburg,test,5,414,247,54,37,1998,919,1.459,0.46,False,False,False,False,False
Lucinda_van_Valkenburg_14__tile_r0002_c0003,Lucinda_van_Valkenburg_14.png,Lucinda_van_Valkenburg,test,1,74,70,118,94,11092,5427,1.255,0.4893,False,True,False,False,True
Lucinda_van_Valkenburg_14__tile_r0002_c0003,Lucinda_van_Valkenburg_14.png,Lucinda_van_Valkenburg,test,2,0,157,192,405,77760,46456,0.474,0.5974,True,True,False,False,True
Lucinda_van_Valkenburg_14__tile_r0002_c0003,Lucinda_van_Valkenburg_14.png,Lucinda_van_Valkenburg,test,3,90,178,37,39,1443,622,0.949,0.431,False,False,False,False,False
Lucinda_van_Valkenburg_14__tile_r0003_c0000,Lucinda_van_Valkenburg_14.png,Lucinda_van_Valkenburg,test,1,319,126,173,57,9861,3921,3.035,0.3976,False,False,False,False,False
Lucinda_van_Valkenburg_14__tile_r0003_c0000,Lucinda_van_Valkenburg_14.png,Lucinda_van_Valkenburg,test,2,281,180,26,30,780,609,0.867,0.7808,False,False,False,False,False
Lucinda_van_Valkenburg_14__tile_r0003_c0000,Lucinda_van_Valkenburg_14.png,Lucinda_van_Valkenburg,test,3,224,321,82,115,9430,4677,0.713,0.496,False,False,False,False,False
Lucinda_van_Valkenburg_14__tile_r0003_c0002,Lucinda_van_Valkenburg_14.png,Lucinda_van_Valkenburg,test,1,282,0,358,117,41886,17282,3.06,0.4126,False,True,True,False,True
Lucinda_van_Valkenburg_14__tile_r0003_c0003,Lucinda_van_Valkenburg_14.png,Lucinda_van_Valkenburg,test,1,0,0,137,50,6850,3539,2.74,0.5166,True,False,True,False,True
Lucinda_van_Valkenburg_15__tile_r0002_c0000,Lucinda_van_Valkenburg_15.png,Lucinda_van_Valkenburg,test,1,293,437,9,37,333,160,0.243,0.4805,False,False,False,False,False
Lucinda_van_Valkenburg_15__tile_r0002_c0000,Lucinda_van_Valkenburg_15.png,Lucinda_van_Valkenburg,test,2,264,494,138,146,20148,8490,0.945,0.4214,False,False,False,True,True
Lucinda_van_Valkenburg_15__tile_r0002_c0002,Lucinda_van_Valkenburg_15.png,Lucinda_van_Valkenburg,test,1,296,214,344,426,146544,79920,0.808,0.5454,False,True,False,True,True
Lucinda_van_Valkenburg_15__tile_r0002_c0002,Lucinda_van_Valkenburg_15.png,Lucinda_van_Valkenburg,test,2,598,610,42,30,1260,804,1.4,0.6381,False,True,False,True,True
Lucinda_van_Valkenburg_15__tile_r0002_c0003,Lucinda_van_Valkenburg_15.png,Lucinda_van_Valkenburg,test,1,0,214,192,395,75840,51621,0.486,0.6807,True,True,False,False,True
Lucinda_van_Valkenburg_15__tile_r0002_c0003,Lucinda_van_Valkenburg_15.png,Lucinda_van_Valkenburg,test,2,86,610,105,30,3150,2142,3.5,0.68,False,False,False,True,True
Lucinda_van_Valkenburg_15__tile_r0003_c0000,Lucinda_van_Valkenburg_15.png,Lucinda_van_Valkenburg,test,1,240,0,162,191,30942,11804,0.848,0.3815,False,False,True,False,True
Lucinda_van_Valkenburg_15__tile_r0003_c0000,Lucinda_van_Valkenburg_15.png,Lucinda_van_Valkenburg,test,2,303,187,19,57,1083,438,0.333,0.4044,False,False,False,False,False
Lucinda_van_Valkenburg_15__tile_r0003_c0000,Lucinda_van_Valkenburg_15.png,Lucinda_van_Valkenburg,test,3,207,201,73,21,1533,281,3.476,0.1833,False,False,False,False,False
Lucinda_van_Valkenburg_15__tile_r0003_c0000,Lucinda_van_Valkenburg_15.png,Lucinda_van_Valkenburg,test,4,224,219,42,9,378,191,4.667,0.5053,False,False,False,False,False
Lucinda_van_Valkenburg_15__tile_r0003_c0002,Lucinda_van_Valkenburg_15.png,Lucinda_van_Valkenburg,test,1,296,0,344,240,82560,25825,1.433,0.3128,False,True,True,False,True
Lucinda_van_Valkenburg_15__tile_r0003_c0002,Lucinda_van_Valkenburg_15.png,Lucinda_van_Valkenburg,test,2,598,98,42,33,1386,824,1.273,0.5945,False,True,False,False,True
Lucinda_van_Valkenburg_15__tile_r0003_c0003,Lucinda_van_Valkenburg_15.png,Lucinda_van_Valkenburg,test,1,0,0,131,97,12707,10418,1.351,0.8199,True,False,True,False,True
Lucinda_van_Valkenburg_15__tile_r0003_c0003,Lucinda_van_Valkenburg_15.png,Lucinda_van_Valkenburg,test,2,86,98,105,39,4095,2450,2.692,0.5983,False,False,False,False,False
Lucinda_van_Valkenburg_15__tile_r0003_c0003,Lucinda_van_Valkenburg_15.png,Lucinda_van_Valkenburg,test,3,0,172,55,68,3740,557,0.809,0.1489,True,False,False,False,True
Lucinda_van_Valkenburg_16__tile_r0001_c0002,Lucinda_van_Valkenburg_16.png,Lucinda_van_Valkenburg,test,1,502,495,138,145,20010,13052,0.952,0.6523,False,True,False,True,True
Lucinda_van_Valkenburg_16__tile_r0001_c0002,Lucinda_van_Valkenburg_16.png,Lucinda_van_Valkenburg,test,2,435,607,43,33,1419,708,1.303,0.4989,False,False,False,True,True
Lucinda_van_Valkenburg_16__tile_r0001_c0003,Lucinda_van_Valkenburg_16.png,Lucinda_van_Valkenburg,test,1,0,486,192,154,29568,20809,1.247,0.7038,True,True,False,True,True
Lucinda_van_Valkenburg_16__tile_r0002_c0002,Lucinda_van_Valkenburg_16.png,Lucinda_van_Valkenburg,test,1,397,0,243,640,155520,101563,0.38,0.6531,False,True,True,True,True
Lucinda_van_Valkenburg_16__tile_r0002_c0002,Lucinda_van_Valkenburg_16.png,Lucinda_van_Valkenburg,test,2,421,95,57,58,3306,1403,0.983,0.4244,False,False,False,False,False
Lucinda_van_Valkenburg_16__tile_r0002_c0003,Lucinda_van_Valkenburg_16.png,Lucinda_van_Valkenburg,test,1,0,0,192,640,122880,109814,0.3,0.8937,True,True,True,True,True
Lucinda_van_Valkenburg_16__tile_r0003_c0002,Lucinda_van_Valkenburg_16.png,Lucinda_van_Valkenburg,test,1,393,0,247,231,57057,38001,1.069,0.666,False,True,True,False,True
Lucinda_van_Valkenburg_16__tile_r0003_c0002,Lucinda_van_Valkenburg_16.png,Lucinda_van_Valkenburg,test,2,585,159,22,92,2024,722,0.239,0.3567,False,False,False,False,False
Lucinda_van_Valkenburg_16__tile_r0003_c0002,Lucinda_van_Valkenburg_16.png,Lucinda_van_Valkenburg,test,3,448,180,19,53,1007,571,0.358,0.567,False,False,False,False,False
Lucinda_van_Valkenburg_16__tile_r0003_c0002,Lucinda_van_Valkenburg_16.png,Lucinda_van_Valkenburg,test,4,554,188,25,96,2400,735,0.26,0.3063,False,False,False,False,False
Lucinda_van_Valkenburg_16__tile_r0003_c0002,Lucinda_van_Valkenburg_16.png,Lucinda_van_Valkenburg,test,5,483,199,56,93,5208,1288,0.602,0.2473,False,False,False,False,False
Lucinda_van_Valkenburg_16__tile_r0003_c0002,Lucinda_van_Valkenburg_16.png,Lucinda_van_Valkenburg,test,6,577,216,63,78,4914,861,0.808,0.1752,False,True,False,False,True
Lucinda_van_Valkenburg_16__tile_r0003_c0002,Lucinda_van_Valkenburg_16.png,Lucinda_van_Valkenburg,test,7,583,252,57,60,3420,503,0.95,0.1471,False,True,False,False,True
Lucinda_van_Valkenburg_16__tile_r0003_c0002,Lucinda_van_Valkenburg_16.png,Lucinda_van_Valkenburg,test,8,625,285,15,18,270,157,0.833,0.5815,False,True,False,False,True
Lucinda_van_Valkenburg_16__tile_r0003_c0002,Lucinda_van_Valkenburg_16.png,Lucinda_van_Valkenburg,test,9,493,376,41,39,1599,914,1.051,0.5716,False,False,False,False,False
Lucinda_van_Valkenburg_16__tile_r0003_c0002,Lucinda_van_Valkenburg_16.png,Lucinda_van_Valkenburg,test,10,532,400,32,39,1248,629,0.821,0.504,False,False,False,False,False
Lucinda_van_Valkenburg_16__tile_r0003_c0002,Lucinda_van_Valkenburg_16.png,Lucinda_van_Valkenburg,test,11,583,509,57,50,2850,2039,1.14,0.7154,False,True,False,False,True
Lucinda_van_Valkenburg_16__tile_r0003_c0003,Lucinda_van_Valkenburg_16.png,Lucinda_van_Valkenburg,test,1,0,0,170,210,35700,21725,0.81,0.6085,True,False,True,False,True
Lucinda_van_Valkenburg_16__tile_r0003_c0003,Lucinda_van_Valkenburg_16.png,Lucinda_van_Valkenburg,test,2,73,159,22,92,2024,722,0.239,0.3567,False,False,False,False,False
Lucinda_van_Valkenburg_16__tile_r0003_c0003,Lucinda_van_Valkenburg_16.png,Lucinda_van_Valkenburg,test,3,42,188,25,96,2400,735,0.26,0.3063,False,False,False,False,False
Lucinda_van_Valkenburg_16__tile_r0003_c0003,Lucinda_van_Valkenburg_16.png,Lucinda_van_Valkenburg,test,4,65,189,93,105,9765,1327,0.886,0.1359,False,False,False,False,False
Lucinda_van_Valkenburg_16__tile_r0003_c0003,Lucinda_van_Valkenburg_16.png,Lucinda_van_Valkenburg,test,5,0,199,27,60,1620,652,0.45,0.4025,True,False,False,False,True
Lucinda_van_Valkenburg_16__tile_r0003_c0003,Lucinda_van_Valkenburg_16.png,Lucinda_van_Valkenburg,test,6,71,223,87,89,7743,718,0.978,0.0927,False,False,False,False,False
Lucinda_van_Valkenburg_16__tile_r0003_c0003,Lucinda_van_Valkenburg_16.png,Lucinda_van_Valkenburg,test,7,113,278,71,35,2485,1329,2.029,0.5348,False,False,False,False,False
Lucinda_van_Valkenburg_16__tile_r0003_c0003,Lucinda_van_Valkenburg_16.png,Lucinda_van_Valkenburg,test,8,0,376,22,39,858,460,0.564,0.5361,True,False,False,False,True
Lucinda_van_Valkenburg_16__tile_r0003_c0003,Lucinda_van_Valkenburg_16.png,Lucinda_van_Valkenburg,test,9,20,400,32,39,1248,629,0.821,0.504,False,False,False,False,False
Lucinda_van_Valkenburg_16__tile_r0003_c0003,Lucinda_van_Valkenburg_16.png,Lucinda_van_Valkenburg,test,10,71,508,121,63,7623,5554,1.921,0.7286,False,True,False,False,True
Lucinda_van_Valkenburg_16__tile_r0004_c0002,Lucinda_van_Valkenburg_16.png,Lucinda_van_Valkenburg,test,1,583,0,57,47,2679,1960,1.213,0.7316,False,True,True,False,True
Lucinda_van_Valkenburg_16__tile_r0004_c0003,Lucinda_van_Valkenburg_16.png,Lucinda_van_Valkenburg,test,1,71,0,121,59,7139,5229,2.051,0.7325,False,True,True,False,True
Lucinda_van_Valkenburg_17__tile_r0001_c0002,Lucinda_van_Valkenburg_17.png,Lucinda_van_Valkenburg,test,1,443,574,46,66,3036,1407,0.697,0.4634,False,False,False,True,True
Lucinda_van_Valkenburg_17__tile_r0001_c0002,Lucinda_van_Valkenburg_17.png,Lucinda_van_Valkenburg,test,2,550,602,22,38,836,295,0.579,0.3529,False,False,False,True,True
Lucinda_van_Valkenburg_17__tile_r0001_c0002,Lucinda_van_Valkenburg_17.png,Lucinda_van_Valkenburg,test,3,492,605,15,35,525,379,0.429,0.7219,False,False,False,True,True
Lucinda_van_Valkenburg_17__tile_r0001_c0002,Lucinda_van_Valkenburg_17.png,Lucinda_van_Valkenburg,test,4,594,613,16,27,432,253,0.593,0.5856,False,False,False,True,True
Lucinda_van_Valkenburg_17__tile_r0001_c0003,Lucinda_van_Valkenburg_17.png,Lucinda_van_Valkenburg,test,1,38,602,22,38,836,295,0.579,0.3529,False,False,False,True,True
Lucinda_van_Valkenburg_17__tile_r0001_c0003,Lucinda_van_Valkenburg_17.png,Lucinda_van_Valkenburg,test,2,82,613,16,27,432,253,0.593,0.5856,False,False,False,True,True
Lucinda_van_Valkenburg_17__tile_r0002_c0002,Lucinda_van_Valkenburg_17.png,Lucinda_van_Valkenburg,test,1,304,62,306,578,176868,96924,0.529,0.548,False,False,False,True,True
Lucinda_van_Valkenburg_17__tile_r0002_c0002,Lucinda_van_Valkenburg_17.png,Lucinda_van_Valkenburg,test,2,518,90,54,95,5130,1030,0.568,0.2008,False,False,False,False,False
Lucinda_van_Valkenburg_17__tile_r0002_c0003,Lucinda_van_Valkenburg_17.png,Lucinda_van_Valkenburg,test,1,6,90,54,95,5130,1030,0.568,0.2008,False,False,False,False,False
Lucinda_van_Valkenburg_17__tile_r0002_c0003,Lucinda_van_Valkenburg_17.png,Lucinda_van_Valkenburg,test,2,0,101,98,327,32046,5967,0.3,0.1862,True,False,False,False,True
Lucinda_van_Valkenburg_17__tile_r0002_c0003,Lucinda_van_Valkenburg_17.png,Lucinda_van_Valkenburg,test,3,0,551,26,89,2314,1781,0.292,0.7697,True,False,False,True,True
Lucinda_van_Valkenburg_17__tile_r0003_c0002,Lucinda_van_Valkenburg_17.png,Lucinda_van_Valkenburg,test,1,304,0,242,413,99946,66515,0.586,0.6655,False,False,True,False,True
Lucinda_van_Valkenburg_17__tile_r0003_c0002,Lucinda_van_Valkenburg_17.png,Lucinda_van_Valkenburg,test,2,563,239,77,55,4235,1914,1.4,0.4519,False,True,False,False,True
Lucinda_van_Valkenburg_17__tile_r0003_c0002,Lucinda_van_Valkenburg_17.png,Lucinda_van_Valkenburg,test,3,472,354,45,29,1305,389,1.552,0.2981,False,False,False,False,False
Lucinda_van_Valkenburg_17__tile_r0003_c0003,Lucinda_van_Valkenburg_17.png,Lucinda_van_Valkenburg,test,1,0,39,34,300,10200,5993,0.113,0.5875,True,False,False,False,True
Lucinda_van_Valkenburg_17__tile_r0003_c0003,Lucinda_van_Valkenburg_17.png,Lucinda_van_Valkenburg,test,2,51,239,86,55,4730,2001,1.564,0.423,False,False,False,False,False
Lucinda_van_Valkenburg_17__tile_r0003_c0003,Lucinda_van_Valkenburg_17.png,Lucinda_van_Valkenburg,test,3,0,375,5,8,40,24,0.625,0.6,True,False,False,False,True
Lucinda_van_Valkenburg_18__tile_r0001_c0002,Lucinda_van_Valkenburg_18.png,Lucinda_van_Valkenburg,test,1,312,458,296,182,53872,33734,1.626,0.6262,False,False,False,True,True
Lucinda_van_Valkenburg_18__tile_r0001_c0002,Lucinda_van_Valkenburg_18.png,Lucinda_van_Valkenburg,test,2,625,551,15,20,300,201,0.75,0.67,False,True,False,False,True
Lucinda_van_Valkenburg_18__tile_r0001_c0003,Lucinda_van_Valkenburg_18.png,Lucinda_van_Valkenburg,test,1,0,533,96,107,10272,5461,0.897,0.5316,True,False,False,True,True
Lucinda_van_Valkenburg_18__tile_r0001_c0003,Lucinda_van_Valkenburg_18.png,Lucinda_van_Valkenburg,test,2,113,540,61,44,2684,1577,1.386,0.5876,False,False,False,False,False
Lucinda_van_Valkenburg_18__tile_r0002_c0002,Lucinda_van_Valkenburg_18.png,Lucinda_van_Valkenburg,test,1,312,0,328,570,186960,108293,0.575,0.5792,False,True,True,False,True
Lucinda_van_Valkenburg_18__tile_r0002_c0002,Lucinda_van_Valkenburg_18.png,Lucinda_van_Valkenburg,test,2,625,39,15,20,300,201,0.75,0.67,False,True,False,False,True
Lucinda_van_Valkenburg_18__tile_r0002_c0002,Lucinda_van_Valkenburg_18.png,Lucinda_van_Valkenburg,test,3,407,368,59,90,5310,833,0.656,0.1569,False,False,False,False,False
Lucinda_van_Valkenburg_18__tile_r0002_c0002,Lucinda_van_Valkenburg_18.png,Lucinda_van_Valkenburg,test,4,467,500,25,34,850,231,0.735,0.2718,False,False,False,False,False
Lucinda_van_Valkenburg_18__tile_r0002_c0003,Lucinda_van_Valkenburg_18.png,Lucinda_van_Valkenburg,test,1,0,21,192,619,118848,80382,0.31,0.6763,True,True,False,True,True
Lucinda_van_Valkenburg_18__tile_r0002_c0003,Lucinda_van_Valkenburg_18.png,Lucinda_van_Valkenburg,test,2,113,28,61,44,2684,1577,1.386,0.5876,False,False,False,False,False
Lucinda_van_Valkenburg_18__tile_r0003_c0002,Lucinda_van_Valkenburg_18.png,Lucinda_van_Valkenburg,test,1,467,0,20,22,440,207,0.909,0.4705,False,False,True,False,True
Lucinda_van_Valkenburg_18__tile_r0003_c0002,Lucinda_van_Valkenburg_18.png,Lucinda_van_Valkenburg,test,2,502,0,138,58,8004,3292,2.379,0.4113,False,True,True,False,True
Lucinda_van_Valkenburg_18__tile_r0003_c0003,Lucinda_van_Valkenburg_18.png,Lucinda_van_Valkenburg,test,1,0,0,192,128,24576,9288,1.5,0.3779,True,True,True,False,True
Lucinda_van_Valkenburg_19__tile_r0002_c0002,Lucinda_van_Valkenburg_19.png,Lucinda_van_Valkenburg,test,1,297,270,329,370,121730,38232,0.889,0.3141,False,False,False,True,True
Lucinda_van_Valkenburg_19__tile_r0002_c0003,Lucinda_van_Valkenburg_19.png,Lucinda_van_Valkenburg,test,1,0,560,114,80,9120,5057,1.425,0.5545,True,False,False,True,True
Lucinda_van_Valkenburg_19__tile_r0003_c0002,Lucinda_van_Valkenburg_19.png,Lucinda_van_Valkenburg,test,1,297,0,343,540,185220,118796,0.635,0.6414,False,True,True,False,True
Lucinda_van_Valkenburg_19__tile_r0003_c0003,Lucinda_van_Valkenburg_19.png,Lucinda_van_Valkenburg,test,1,0,48,192,492,94464,75902,0.39,0.8035,True,True,False,False,True
Lucinda_van_Valkenburg_19__tile_r0004_c0002,Lucinda_van_Valkenburg_19.png,Lucinda_van_Valkenburg,test,1,590,0,50,28,1400,679,1.786,0.485,False,True,True,False,True
Lucinda_van_Valkenburg_19__tile_r0004_c0003,Lucinda_van_Valkenburg_19.png,Lucinda_van_Valkenburg,test,1,78,0,50,28,1400,679,1.786,0.485,False,False,True,False,True
Lucinda_van_Valkenburg_19__tile_r0004_c0003,Lucinda_van_Valkenburg_19.png,Lucinda_van_Valkenburg,test,2,150,0,15,14,210,148,1.071,0.7048,False,False,True,False,True
Monohansett_02__tile_r0000_c0001,Monohansett_02.png,Monohansett,test,1,149,619,36,21,756,203,1.714,0.2685,False,False,False,True,True
Monohansett_02__tile_r0000_c0002,Monohansett_02.png,Monohansett,test,1,273,344,81,55,4455,1414,1.473,0.3174,False,False,False,False,False
Monohansett_02__tile_r0001_c0001,Monohansett_02.png,Monohansett,test,1,149,107,106,86,9116,907,1.233,0.0995,False,False,False,False,False
Monohansett_02__tile_r0003_c0001,Monohansett_02.png,Monohansett,test,1,439,302,59,55,3245,693,1.073,0.2136,False,False,False,False,False
Monohansett_03__tile_r0001_c0001,Monohansett_03.png,Monohansett,test,1,637,637,3,3,9,6,1.0,0.6667,False,True,False,True,True
Monohansett_03__tile_r0001_c0002,Monohansett_03.png,Monohansett,test,1,602,208,20,32,640,332,0.625,0.5188,False,False,False,False,False
Monohansett_03__tile_r0001_c0002,Monohansett_03.png,Monohansett,test,2,318,224,11,17,187,138,0.647,0.738,False,False,False,False,False
Monohansett_03__tile_r0001_c0002,Monohansett_03.png,Monohansett,test,3,325,246,17,29,493,123,0.586,0.2495,False,False,False,False,False
Monohansett_03__tile_r0001_c0002,Monohansett_03.png,Monohansett,test,4,125,356,226,284,64184,15399,0.796,0.2399,False,False,False,True,True
Monohansett_03__tile_r0001_c0002,Monohansett_03.png,Monohansett,test,5,131,548,18,37,666,375,0.486,0.5631,False,False,False,False,False
Monohansett_03__tile_r0001_c0003,Monohansett_03.png,Monohansett,test,1,90,208,20,32,640,332,0.625,0.5188,False,False,False,False,False
Monohansett_03__tile_r0002_c0001,Monohansett_03.png,Monohansett,test,1,607,125,33,39,1287,541,0.846,0.4204,False,True,False,False,True
Monohansett_03__tile_r0002_c0001,Monohansett_03.png,Monohansett,test,2,472,130,111,119,13209,5699,0.933,0.4314,False,False,False,False,False
Monohansett_03__tile_r0002_c0002,Monohansett_03.png,Monohansett,test,1,95,0,151,164,24764,6798,0.921,0.2745,False,False,True,False,True
Monohansett_03__tile_r0002_c0002,Monohansett_03.png,Monohansett,test,2,131,36,18,37,666,375,0.486,0.5631,False,False,False,False,False
Monohansett_03__tile_r0002_c0002,Monohansett_03.png,Monohansett,test,3,0,130,71,114,8094,3581,0.623,0.4424,True,False,False,False,True
Monohansett_03__tile_r0010_c0000,Monohansett_03.png,Monohansett,test,1,228,190,59,67,3953,2516,0.881,0.6365,False,False,False,False,False
Monohansett_03__tile_r0014_c0002,Monohansett_03.png,Monohansett,test,1,320,132,150,400,60000,39989,0.375,0.6665,False,False,False,False,False
Monohansett_03__tile_r0015_c0002,Monohansett_03.png,Monohansett,test,1,376,0,2,2,4,3,1.0,0.75,False,False,True,False,True
Monohansett_03__tile_r0015_c0002,Monohansett_03.png,Monohansett,test,2,448,0,22,20,440,220,1.1,0.5,False,False,True,False,True
Monohansett_03__tile_r0015_c0002,Monohansett_03.png,Monohansett,test,3,330,219,81,68,5508,1236,1.191,0.2244,False,False,False,False,False
Monohansett_04__tile_r0004_c0000,Monohansett_04.png,Monohansett,test,1,108,609,108,31,3348,2545,3.484,0.7602,False,False,False,True,True
Monohansett_04__tile_r0005_c0000,Monohansett_04.png,Monohansett,test,1,108,97,123,123,15129,9383,1.0,0.6202,False,False,False,False,False
Monohansett_04__tile_r0005_c0000,Monohansett_04.png,Monohansett,test,2,58,239,221,401,88621,31370,0.551,0.354,False,False,False,True,True
Monohansett_04__tile_r0005_c0001,Monohansett_04.png,Monohansett,test,1,440,150,100,255,25500,16191,0.392,0.6349,False,False,False,False,False
Monohansett_04__tile_r0005_c0002,Monohansett_04.png,Monohansett,test,1,0,152,28,198,5544,2718,0.141,0.4903,True,False,False,False,True
Monohansett_04__tile_r0006_c0000,Monohansett_04.png,Monohansett,test,1,148,0,147,236,34692,19011,0.623,0.548,False,False,True,False,True
Monohansett_04__tile_r0006_c0000,Monohansett_04.png,Monohansett,test,2,321,321,11,46,506,214,0.239,0.4229,False,False,False,False,False
Monohansett_04__tile_r0006_c0000,Monohansett_04.png,Monohansett,test,3,362,331,9,30,270,160,0.3,0.5926,False,False,False,False,False
Monohansett_04__tile_r0006_c0000,Monohansett_04.png,Monohansett,test,4,330,376,6,30,180,129,0.2,0.7167,False,False,False,False,False
Monohansett_04__tile_r0007_c0000,Monohansett_04.png,Monohansett,test,1,25,183,32,101,3232,556,0.317,0.172,False,False,False,False,False
Monohansett_04__tile_r0007_c0001,Monohansett_04.png,Monohansett,test,1,203,235,24,50,1200,376,0.48,0.3133,False,False,False,False,False
Monohansett_04__tile_r0007_c0001,Monohansett_04.png,Monohansett,test,2,503,253,42,54,2268,601,0.778,0.265,False,False,False,False,False
Monohansett_04__tile_r0007_c0002,Monohansett_04.png,Monohansett,test,1,0,253,33,54,1782,518,0.611,0.2907,True,False,False,False,True
Monohansett_05__tile_r0001_c0002,Monohansett_05.png,Monohansett,test,1,506,345,25,86,2150,575,0.291,0.2674,False,False,False,False,False
Monohansett_05__tile_r0001_c0002,Monohansett_05.png,Monohansett,test,2,486,612,43,28,1204,677,1.536,0.5623,False,False,False,True,True
Monohansett_05__tile_r0001_c0003,Monohansett_05.png,Monohansett,test,1,0,345,19,84,1596,453,0.226,0.2838,True,False,False,False,True
Monohansett_05__tile_r0001_c0003,Monohansett_05.png,Monohansett,test,2,0,612,17,23,391,253,0.739,0.6471,True,False,False,False,True
Monohansett_05__tile_r0001_c0003,Monohansett_05.png,Monohansett,test,3,0,637,2,3,6,4,0.667,0.6667,True,False,False,True,True
Monohansett_05__tile_r0002_c0001,Monohansett_05.png,Monohansett,test,1,622,457,18,49,882,247,0.367,0.28,False,True,False,False,True
Monohansett_05__tile_r0002_c0002,Monohansett_05.png,Monohansett,test,1,486,100,43,42,1806,918,1.024,0.5083,False,False,False,False,False
Monohansett_05__tile_r0002_c0002,Monohansett_05.png,Monohansett,test,2,364,227,12,70,840,350,0.171,0.4167,False,False,False,False,False
Monohansett_05__tile_r0002_c0002,Monohansett_05.png,Monohansett,test,3,255,263,23,87,2001,443,0.264,0.2214,False,False,False,False,False
Monohansett_05__tile_r0002_c0002,Monohansett_05.png,Monohansett,test,4,155,276,46,51,2346,678,0.902,0.289,False,False,False,False,False
Monohansett_05__tile_r0002_c0002,Monohansett_05.png,Monohansett,test,5,220,302,35,42,1470,318,0.833,0.2163,False,False,False,False,False
Monohansett_05__tile_r0002_c0002,Monohansett_05.png,Monohansett,test,6,523,357,11,42,462,210,0.262,0.4545,False,False,False,False,False
Monohansett_05__tile_r0002_c0002,Monohansett_05.png,Monohansett,test,7,326,391,144,249,35856,18063,0.578,0.5038,False,False,False,True,True
Monohansett_05__tile_r0002_c0002,Monohansett_05.png,Monohansett,test,8,110,452,24,54,1296,283,0.444,0.2184,False,False,False,False,False
Monohansett_05__tile_r0002_c0003,Monohansett_05.png,Monohansett,test,1,0,100,17,23,391,253,0.739,0.6471,True,False,False,False,True
Monohansett_05__tile_r0002_c0003,Monohansett_05.png,Monohansett,test,2,0,125,10,17,170,91,0.588,0.5353,True,False,False,False,True
Monohansett_05__tile_r0002_c0003,Monohansett_05.png,Monohansett,test,3,11,357,11,42,462,210,0.262,0.4545,False,False,False,False,False
Monohansett_05__tile_r0003_c0002,Monohansett_05.png,Monohansett,test,1,337,0,215,424,91160,29557,0.507,0.3242,False,False,True,False,True
Monohansett_05__tile_r0003_c0002,Monohansett_05.png,Monohansett,test,2,399,446,115,121,13915,6792,0.95,0.4881,False,False,False,False,False
Monohansett_05__tile_r0003_c0003,Monohansett_05.png,Monohansett,test,1,0,230,4,9,36,24,0.444,0.6667,True,False,False,False,True
Monohansett_05__tile_r0003_c0003,Monohansett_05.png,Monohansett,test,2,0,248,5,13,65,49,0.385,0.7538,True,False,False,False,True
Monohansett_05__tile_r0003_c0003,Monohansett_05.png,Monohansett,test,3,0,287,40,136,5440,2583,0.294,0.4748,True,False,False,False,True
Monohansett_05__tile_r0003_c0003,Monohansett_05.png,Monohansett,test,4,0,477,2,4,8,5,0.5,0.625,True,False,False,False,True
Monohansett_05__tile_r0004_c0002,Monohansett_05.png,Monohansett,test,1,400,0,76,55,4180,2417,1.382,0.5782,False,False,True,False,True
Monrovia_01__tile_r0000_c0000,Monrovia_01.png,Monrovia,test,1,513,337,57,21,1197,648,2.714,0.5414,False,False,False,False,False
Monrovia_01__tile_r0000_c0000,Monrovia_01.png,Monrovia,test,2,543,362,58,23,1334,608,2.522,0.4558,False,False,False,False,False
Monrovia_01__tile_r0000_c0001,Monrovia_01.png,Monrovia,test,1,1,337,57,21,1197,648,2.714,0.5414,False,False,False,False,False
Monrovia_01__tile_r0000_c0001,Monrovia_01.png,Monrovia,test,2,31,362,58,23,1334,608,2.522,0.4558,False,False,False,False,False
Monrovia_01__tile_r0000_c0001,Monrovia_01.png,Monrovia,test,3,446,568,194,72,13968,10489,2.694,0.7509,False,True,False,True,True
Monrovia_01__tile_r0000_c0002,Monrovia_01.png,Monrovia,test,1,138,293,30,42,1260,732,0.714,0.581,False,False,False,False,False
Monrovia_01__tile_r0000_c0002,Monrovia_01.png,Monrovia,test,2,187,421,29,36,1044,314,0.806,0.3008,False,False,False,False,False
Monrovia_01__tile_r0000_c0002,Monrovia_01.png,Monrovia,test,3,0,543,305,97,29585,17071,3.144,0.577,True,False,False,True,True
Monrovia_01__tile_r0001_c0000,Monrovia_01.png,Monrovia,test,1,403,296,53,52,2756,563,1.019,0.2043,False,False,False,False,False
Monrovia_01__tile_r0001_c0001,Monrovia_01.png,Monrovia,test,1,427,56,213,192,40896,23148,1.109,0.566,False,True,False,False,True
Monrovia_01__tile_r0001_c0001,Monrovia_01.png,Monrovia,test,2,159,136,185,99,18315,7832,1.869,0.4276,False,False,False,False,False
Monrovia_01__tile_r0001_c0002,Monrovia_01.png,Monrovia,test,1,0,31,305,132,40260,21814,2.311,0.5418,True,False,False,False,True
Monrovia_01__tile_r0001_c0002,Monrovia_01.png,Monrovia,test,2,264,144,1,1,1,1,1.0,1.0,False,False,False,False,False
Monrovia_01__tile_r0001_c0002,Monrovia_01.png,Monrovia,test,3,0,173,32,31,992,669,1.032,0.6744,True,False,False,False,True
Monrovia_01__tile_r0001_c0002,Monrovia_01.png,Monrovia,test,4,0,202,128,46,5888,3080,2.783,0.5231,True,False,False,False,True
Monrovia_02__tile_r0000_c0000,Monrovia_02.png,Monrovia,test,1,635,575,5,9,45,27,0.556,0.6,False,True,False,False,True
Monrovia_02__tile_r0000_c0001,Monrovia_02.png,Monrovia,test,1,123,555,45,31,1395,574,1.452,0.4115,False,False,False,False,False
Monrovia_02__tile_r0001_c0000,Monrovia_02.png,Monrovia,test,1,635,63,5,9,45,27,0.556,0.6,False,True,False,False,True
Monrovia_02__tile_r0001_c0000,Monrovia_02.png,Monrovia,test,2,437,366,57,20,1140,673,2.85,0.5904,False,False,False,False,False
Monrovia_02__tile_r0001_c0001,Monrovia_02.png,Monrovia,test,1,123,43,45,31,1395,574,1.452,0.4115,False,False,False,False,False
Monrovia_02__tile_r0001_c0001,Monrovia_02.png,Monrovia,test,2,451,392,189,194,36666,17956,0.974,0.4897,False,True,False,False,True
Monrovia_02__tile_r0001_c0001,Monrovia_02.png,Monrovia,test,3,143,534,116,106,12296,7933,1.094,0.6452,False,False,False,True,True
Monrovia_02__tile_r0001_c0002,Monrovia_02.png,Monrovia,test,1,0,290,571,285,162735,53131,2.004,0.3265,True,False,False,False,True
Monrovia_02__tile_r0001_c0002,Monrovia_02.png,Monrovia,test,2,278,602,10,38,380,191,0.263,0.5026,False,False,False,True,True
Monrovia_02__tile_r0001_c0003,Monrovia_02.png,Monrovia,test,1,0,319,59,77,4543,3030,0.766,0.667,True,False,False,False,True
Monrovia_02__tile_r0002_c0001,Monrovia_02.png,Monrovia,test,1,451,0,189,74,13986,7936,2.554,0.5674,False,True,True,False,True
Monrovia_02__tile_r0002_c0001,Monrovia_02.png,Monrovia,test,2,143,22,116,120,13920,8032,0.967,0.577,False,False,False,False,False
Monrovia_02__tile_r0002_c0002,Monrovia_02.png,Monrovia,test,1,0,0,140,63,8820,5003,2.222,0.5672,True,False,True,False,True
Monrovia_02__tile_r0002_c0002,Monrovia_02.png,Monrovia,test,2,278,90,10,55,550,289,0.182,0.5255,False,False,False,False,False
Monrovia_03__tile_r0000_c0000,Monrovia_03.png,Monrovia,test,1,429,379,50,32,1600,611,1.562,0.3819,False,False,False,False,False
Monrovia_03__tile_r0000_c0001,Monrovia_03.png,Monrovia,test,1,144,495,137,145,19865,10973,0.945,0.5524,False,False,False,True,True
Monrovia_03__tile_r0000_c0002,Monrovia_03.png,Monrovia,test,1,292,550,47,35,1645,652,1.343,0.3964,False,False,False,False,False
Monrovia_03__tile_r0000_c0002,Monrovia_03.png,Monrovia,test,2,260,616,10,24,240,200,0.417,0.8333,False,False,False,True,True
Monrovia_03__tile_r0001_c0000,Monrovia_03.png,Monrovia,test,1,360,184,280,351,98280,38275,0.798,0.3894,False,True,False,False,True
Monrovia_03__tile_r0001_c0000,Monrovia_03.png,Monrovia,test,2,636,425,4,7,28,20,0.571,0.7143,False,True,False,False,True
Monrovia_03__tile_r0001_c0000,Monrovia_03.png,Monrovia,test,3,629,441,11,8,88,33,1.375,0.375,False,True,False,False,True
Monrovia_03__tile_r0001_c0000,Monrovia_03.png,Monrovia,test,4,574,450,19,39,741,250,0.487,0.3374,False,False,False,False,False
Monrovia_03__tile_r0001_c0000,Monrovia_03.png,Monrovia,test,5,626,457,14,6,84,34,2.333,0.4048,False,True,False,False,True
Monrovia_03__tile_r0001_c0001,Monrovia_03.png,Monrovia,test,1,0,0,281,508,142748,52380,0.553,0.3669,True,False,True,False,True
Monrovia_03__tile_r0001_c0001,Monrovia_03.png,Monrovia,test,2,114,425,30,38,1140,302,0.789,0.2649,False,False,False,False,False
Monrovia_03__tile_r0001_c0001,Monrovia_03.png,Monrovia,test,3,62,450,19,39,741,250,0.487,0.3374,False,False,False,False,False
Monrovia_03__tile_r0001_c0002,Monrovia_03.png,Monrovia,test,1,292,38,47,35,1645,652,1.343,0.3964,False,False,False,False,False
Monrovia_03__tile_r0001_c0002,Monrovia_03.png,Monrovia,test,2,260,104,12,92,1104,869,0.13,0.7871,False,False,False,False,False
Monrovia_03__tile_r0001_c0002,Monrovia_03.png,Monrovia,test,3,391,396,34,35,1190,536,0.971,0.4504,False,False,False,False,False
Monrovia_03__tile_r0002_c0000,Monrovia_03.png,Monrovia,test,1,417,0,91,23,2093,1336,3.957,0.6383,False,False,True,False,True
Monrovia_04__tile_r0000_c0002,Monrovia_04.png,Monrovia,test,1,365,626,60,14,840,540,4.286,0.6429,False,False,False,True,True
Monrovia_04__tile_r0000_c0002,Monrovia_04.png,Monrovia,test,2,316,637,4,3,12,9,1.333,0.75,False,False,False,True,True
Monrovia_04__tile_r0001_c0000,Monrovia_04.png,Monrovia,test,1,453,275,29,33,957,486,0.879,0.5078,False,False,False,False,False
Monrovia_04__tile_r0001_c0000,Monrovia_04.png,Monrovia,test,2,633,628,7,12,84,49,0.583,0.5833,False,True,False,True,True
Monrovia_04__tile_r0001_c0001,Monrovia_04.png,Monrovia,test,1,624,520,16,21,336,120,0.762,0.3571,False,True,False,False,True
Monrovia_04__tile_r0001_c0001,Monrovia_04.png,Monrovia,test,2,635,563,5,27,135,97,0.185,0.7185,False,True,False,False,True
Monrovia_04__tile_r0001_c0001,Monrovia_04.png,Monrovia,test,3,121,607,34,33,1122,537,1.03,0.4786,False,False,False,True,True
Monrovia_04__tile_r0001_c0001,Monrovia_04.png,Monrovia,test,4,634,624,6,15,90,48,0.4,0.5333,False,True,False,False,True
Monrovia_04__tile_r0001_c0002,Monrovia_04.png,Monrovia,test,1,112,114,337,526,177262,73582,0.641,0.4151,False,False,False,True,True
Monrovia_04__tile_r0001_c0002,Monrovia_04.png,Monrovia,test,2,316,125,6,31,186,122,0.194,0.6559,False,False,False,False,False
Monrovia_04__tile_r0002_c0000,Monrovia_04.png,Monrovia,test,1,633,116,7,15,105,58,0.467,0.5524,False,True,False,False,True
Monrovia_04__tile_r0002_c0000,Monrovia_04.png,Monrovia,test,2,537,410,40,38,1520,546,1.053,0.3592,False,False,False,False,False
Monrovia_04__tile_r0002_c0001,Monrovia_04.png,Monrovia,test,1,624,8,16,21,336,120,0.762,0.3571,False,True,False,False,True
Monrovia_04__tile_r0002_c0001,Monrovia_04.png,Monrovia,test,2,635,51,5,27,135,97,0.185,0.7185,False,True,False,False,True
Monrovia_04__tile_r0002_c0001,Monrovia_04.png,Monrovia,test,3,121,95,34,39,1326,592,0.872,0.4465,False,False,False,False,False
Monrovia_04__tile_r0002_c0001,Monrovia_04.png,Monrovia,test,4,634,112,6,15,90,48,0.4,0.5333,False,True,False,False,True
Monrovia_04__tile_r0002_c0001,Monrovia_04.png,Monrovia,test,5,25,410,40,38,1520,546,1.053,0.3592,False,False,False,False,False
Monrovia_04__tile_r0002_c0002,Monrovia_04.png,Monrovia,test,1,112,0,201,182,36582,19868,1.104,0.5431,False,False,True,False,True
Monrovia_05__tile_r0000_c0000,Monrovia_05.png,Monrovia,test,1,611,180,18,37,666,456,0.486,0.6847,False,False,False,False,False
Monrovia_05__tile_r0000_c0000,Monrovia_05.png,Monrovia,test,2,516,607,102,33,3366,1994,3.091,0.5924,False,False,False,True,True
Monrovia_05__tile_r0000_c0001,Monrovia_05.png,Monrovia,test,1,99,180,18,37,666,456,0.486,0.6847,False,False,False,False,False
Monrovia_05__tile_r0000_c0001,Monrovia_05.png,Monrovia,test,2,526,456,13,34,442,334,0.382,0.7557,False,False,False,False,False
Monrovia_05__tile_r0000_c0001,Monrovia_05.png,Monrovia,test,3,4,607,102,33,3366,1994,3.091,0.5924,False,False,False,True,True
Monrovia_05__tile_r0000_c0002,Monrovia_05.png,Monrovia,test,1,14,456,13,34,442,334,0.382,0.7557,False,False,False,False,False
Monrovia_05__tile_r0000_c0002,Monrovia_05.png,Monrovia,test,2,467,601,34,39,1326,690,0.872,0.5204,False,False,False,True,True
Monrovia_05__tile_r0001_c0000,Monrovia_05.png,Monrovia,test,1,516,95,124,216,26784,14282,0.574,0.5332,False,True,False,False,True
Monrovia_05__tile_r0001_c0000,Monrovia_05.png,Monrovia,test,2,270,599,15,15,225,136,1.0,0.6044,False,False,False,False,False
Monrovia_05__tile_r0001_c0000,Monrovia_05.png,Monrovia,test,3,218,608,42,16,672,231,2.625,0.3438,False,False,False,False,False
Monrovia_05__tile_r0001_c0001,Monrovia_05.png,Monrovia,test,1,4,95,342,473,161766,51665,0.723,0.3194,False,False,False,False,False
Monrovia_05__tile_r0001_c0001,Monrovia_05.png,Monrovia,test,2,432,472,97,166,16102,8165,0.584,0.5071,False,False,False,False,False
Monrovia_05__tile_r0001_c0002,Monrovia_05.png,Monrovia,test,1,467,89,36,48,1728,825,0.75,0.4774,False,False,False,False,False
Monrovia_05__tile_r0001_c0002,Monrovia_05.png,Monrovia,test,2,0,474,2,4,8,6,0.5,0.75,True,False,False,False,True
Monrovia_05__tile_r0001_c0002,Monrovia_05.png,Monrovia,test,3,0,551,4,60,240,127,0.067,0.5292,True,False,False,False,True
Monrovia_05__tile_r0001_c0002,Monrovia_05.png,Monrovia,test,4,0,618,17,19,323,147,0.895,0.4551,True,False,False,False,True
Monrovia_05__tile_r0002_c0000,Monrovia_05.png,Monrovia,test,1,270,87,15,15,225,136,1.0,0.6044,False,False,False,False,False
Monrovia_05__tile_r0002_c0000,Monrovia_05.png,Monrovia,test,2,218,96,42,16,672,231,2.625,0.3438,False,False,False,False,False
Monrovia_05__tile_r0002_c0000,Monrovia_05.png,Monrovia,test,3,498,186,22,39,858,623,0.564,0.7261,False,False,False,False,False
Monrovia_05__tile_r0002_c0001,Monrovia_05.png,Monrovia,test,1,207,0,95,56,5320,2990,1.696,0.562,False,False,True,False,True
Monrovia_05__tile_r0002_c0001,Monrovia_05.png,Monrovia,test,2,434,0,95,126,11970,7395,0.754,0.6178,False,False,True,False,True
Monrovia_05__tile_r0002_c0001,Monrovia_05.png,Monrovia,test,3,0,186,8,38,304,202,0.211,0.6645,True,False,False,False,True
Monrovia_05__tile_r0002_c0002,Monrovia_05.png,Monrovia,test,1,0,39,4,60,240,127,0.067,0.5292,True,False,False,False,True
Monrovia_05__tile_r0002_c0002,Monrovia_05.png,Monrovia,test,2,0,106,17,19,323,147,0.895,0.4551,True,False,False,False,True
Monrovia_06__tile_r0000_c0001,Monrovia_06.png,Monrovia,test,1,524,532,116,108,12528,9702,1.074,0.7744,False,True,False,True,True
Monrovia_06__tile_r0000_c0002,Monrovia_06.png,Monrovia,test,1,473,438,24,35,840,609,0.686,0.725,False,False,False,False,False
Monrovia_06__tile_r0000_c0002,Monrovia_06.png,Monrovia,test,2,421,522,10,53,530,214,0.189,0.4038,False,False,False,False,False
Monrovia_06__tile_r0000_c0002,Monrovia_06.png,Monrovia,test,3,12,532,162,108,17496,10924,1.5,0.6244,False,False,False,True,True
Monrovia_06__tile_r0000_c0002,Monrovia_06.png,Monrovia,test,4,229,636,10,4,40,21,2.5,0.525,False,False,False,True,True
Monrovia_06__tile_r0001_c0000,Monrovia_06.png,Monrovia,test,1,501,520,36,39,1404,612,0.923,0.4359,False,False,False,False,False
Monrovia_06__tile_r0001_c0001,Monrovia_06.png,Monrovia,test,1,524,20,116,248,28768,15023,0.468,0.5222,False,True,False,False,True
Monrovia_06__tile_r0001_c0001,Monrovia_06.png,Monrovia,test,2,544,174,46,15,690,182,3.067,0.2638,False,False,False,False,False
Monrovia_06__tile_r0001_c0001,Monrovia_06.png,Monrovia,test,3,0,520,25,39,975,492,0.641,0.5046,True,False,False,False,True
Monrovia_06__tile_r0001_c0002,Monrovia_06.png,Monrovia,test,1,421,10,10,53,530,214,0.189,0.4038,False,False,False,False,False
Monrovia_06__tile_r0001_c0002,Monrovia_06.png,Monrovia,test,2,12,20,483,543,262269,80806,0.89,0.3081,False,False,False,False,False
Monrovia_06__tile_r0001_c0002,Monrovia_06.png,Monrovia,test,3,32,174,46,15,690,182,3.067,0.2638,False,False,False,False,False
Monrovia_06__tile_r0002_c0000,Monrovia_06.png,Monrovia,test,1,501,8,36,39,1404,612,0.923,0.4359,False,False,False,False,False
Monrovia_06__tile_r0002_c0001,Monrovia_06.png,Monrovia,test,1,0,8,25,39,975,492,0.641,0.5046,True,False,False,False,True
Monrovia_06__tile_r0002_c0001,Monrovia_06.png,Monrovia,test,2,616,162,24,36,864,538,0.667,0.6227,False,True,False,False,True
Monrovia_06__tile_r0002_c0002,Monrovia_06.png,Monrovia,test,1,332,0,163,51,8313,5235,3.196,0.6297,False,False,True,False,True
Monrovia_06__tile_r0002_c0002,Monrovia_06.png,Monrovia,test,2,104,162,28,36,1008,570,0.778,0.5655,False,False,False,False,False
Monrovia_06__tile_r0002_c0002,Monrovia_06.png,Monrovia,test,3,352,438,20,42,840,564,0.476,0.6714,False,False,False,False,False
Monrovia_07__tile_r0000_c0000,Monrovia_07.png,Monrovia,test,1,550,623,55,17,935,449,3.235,0.4802,False,False,False,True,True
Monrovia_07__tile_r0000_c0001,Monrovia_07.png,Monrovia,test,1,38,623,55,17,935,449,3.235,0.4802,False,False,False,True,True
Monrovia_07__tile_r0001_c0000,Monrovia_07.png,Monrovia,test,1,550,111,55,24,1320,542,2.292,0.4106,False,False,False,False,False
Monrovia_07__tile_r0001_c0000,Monrovia_07.png,Monrovia,test,2,506,321,134,98,13132,7689,1.367,0.5855,False,True,False,False,True
Monrovia_07__tile_r0001_c0000,Monrovia_07.png,Monrovia,test,3,632,512,8,9,72,56,0.889,0.7778,False,True,False,False,True
Monrovia_07__tile_r0001_c0000,Monrovia_07.png,Monrovia,test,4,602,532,38,14,532,415,2.714,0.7801,False,True,False,False,True
Monrovia_07__tile_r0001_c0001,Monrovia_07.png,Monrovia,test,1,38,111,55,24,1320,542,2.292,0.4106,False,False,False,False,False
Monrovia_07__tile_r0001_c0001,Monrovia_07.png,Monrovia,test,2,0,321,287,268,76916,26847,1.071,0.349,True,False,False,False,True
Monrovia_07__tile_r0001_c0001,Monrovia_07.png,Monrovia,test,3,404,387,144,141,20304,11015,1.021,0.5425,False,False,False,False,False
Monrovia_07__tile_r0001_c0001,Monrovia_07.png,Monrovia,test,4,173,488,17,18,306,144,0.944,0.4706,False,False,False,False,False
Monrovia_07__tile_r0001_c0002,Monrovia_07.png,Monrovia,test,1,0,387,36,11,396,159,3.273,0.4015,True,False,False,False,True
Monrovia_07__tile_r0001_c0002,Monrovia_07.png,Monrovia,test,2,0,442,27,19,513,444,1.421,0.8655,True,False,False,False,True
Monrovia_07__tile_r0001_c0002,Monrovia_07.png,Monrovia,test,3,0,507,5,4,20,13,1.25,0.65,True,False,False,False,True
Monrovia_07__tile_r0002_c0000,Monrovia_07.png,Monrovia,test,1,632,0,8,9,72,56,0.889,0.7778,False,True,True,False,True
Monrovia_07__tile_r0002_c0000,Monrovia_07.png,Monrovia,test,2,602,20,38,14,532,415,2.714,0.7801,False,True,False,False,True
Monrovia_07__tile_r0002_c0000,Monrovia_07.png,Monrovia,test,3,282,165,41,37,1517,645,1.108,0.4252,False,False,False,False,False
Monrovia_07__tile_r0002_c0001,Monrovia_07.png,Monrovia,test,1,90,0,191,77,14707,7433,2.481,0.5054,False,False,True,False,True
Monrovia_07__tile_r0002_c0001,Monrovia_07.png,Monrovia,test,2,404,0,92,16,1472,1222,5.75,0.8302,False,False,True,False,True
Monrovia_07__tile_r0002_c0002,Monrovia_07.png,Monrovia,test,1,147,308,49,35,1715,728,1.4,0.4245,False,False,False,False,False
Monrovia_08__tile_r0000_c0000,Monrovia_08.png,Monrovia,test,1,593,609,47,31,1457,1215,1.516,0.8339,False,True,False,True,True
Monrovia_08__tile_r0000_c0001,Monrovia_08.png,Monrovia,test,1,81,609,197,31,6107,3994,6.355,0.654,False,False,False,True,True
Monrovia_08__tile_r0000_c0001,Monrovia_08.png,Monrovia,test,2,320,630,12,10,120,47,1.2,0.3917,False,False,False,True,True
Monrovia_08__tile_r0000_c0002,Monrovia_08.png,Monrovia,test,1,201,362,54,29,1566,582,1.862,0.3716,False,False,False,False,False
Monrovia_08__tile_r0000_c0002,Monrovia_08.png,Monrovia,test,2,202,392,35,39,1365,545,0.897,0.3993,False,False,False,False,False
Monrovia_08__tile_r0000_c0002,Monrovia_08.png,Monrovia,test,3,631,560,9,16,144,79,0.562,0.5486,False,True,False,False,True
Monrovia_08__tile_r0000_c0002,Monrovia_08.png,Monrovia,test,4,538,606,25,19,475,166,1.316,0.3495,False,False,False,False,False
Monrovia_08__tile_r0000_c0002,Monrovia_08.png,Monrovia,test,5,248,615,20,17,340,111,1.176,0.3265,False,False,False,False,False
Monrovia_08__tile_r0000_c0002,Monrovia_08.png,Monrovia,test,6,554,617,17,16,272,91,1.062,0.3346,False,False,False,False,False
Monrovia_08__tile_r0000_c0002,Monrovia_08.png,Monrovia,test,7,197,633,27,7,189,109,3.857,0.5767,False,False,False,True,True
Monrovia_08__tile_r0000_c0003,Monrovia_08.png,Monrovia,test,1,119,548,38,28,1064,425,1.357,0.3994,False,False,False,False,False
Monrovia_08__tile_r0000_c0003,Monrovia_08.png,Monrovia,test,2,26,606,25,19,475,166,1.316,0.3495,False,False,False,False,False
Monrovia_08__tile_r0000_c0003,Monrovia_08.png,Monrovia,test,3,42,617,17,16,272,91,1.062,0.3346,False,False,False,False,False
Monrovia_08__tile_r0001_c0000,Monrovia_08.png,Monrovia,test,1,592,97,48,51,2448,2061,0.941,0.8419,False,True,False,False,True
Monrovia_08__tile_r0001_c0001,Monrovia_08.png,Monrovia,test,1,80,97,260,146,37960,14783,1.781,0.3894,False,False,False,False,False
Monrovia_08__tile_r0001_c0001,Monrovia_08.png,Monrovia,test,2,403,132,237,190,45030,20680,1.247,0.4592,False,True,False,False,True
Monrovia_08__tile_r0001_c0002,Monrovia_08.png,Monrovia,test,1,631,48,9,16,144,79,0.562,0.5486,False,True,False,False,True
Monrovia_08__tile_r0001_c0002,Monrovia_08.png,Monrovia,test,2,538,94,25,19,475,166,1.316,0.3495,False,False,False,False,False
Monrovia_08__tile_r0001_c0002,Monrovia_08.png,Monrovia,test,3,248,103,20,17,340,111,1.176,0.3265,False,False,False,False,False
Monrovia_08__tile_r0001_c0002,Monrovia_08.png,Monrovia,test,4,554,105,17,16,272,91,1.062,0.3346,False,False,False,False,False
Monrovia_08__tile_r0001_c0002,Monrovia_08.png,Monrovia,test,5,180,121,78,24,1872,1109,3.25,0.5924,False,False,False,False,False
Monrovia_08__tile_r0001_c0002,Monrovia_08.png,Monrovia,test,6,0,198,487,182,88634,56537,2.676,0.6379,True,False,False,False,True
Monrovia_08__tile_r0001_c0002,Monrovia_08.png,Monrovia,test,7,327,564,47,29,1363,519,1.621,0.3808,False,False,False,False,False
Monrovia_08__tile_r0001_c0003,Monrovia_08.png,Monrovia,test,1,119,36,38,28,1064,425,1.357,0.3994,False,False,False,False,False
Monrovia_08__tile_r0001_c0003,Monrovia_08.png,Monrovia,test,2,26,94,25,19,475,166,1.316,0.3495,False,False,False,False,False
Monrovia_08__tile_r0001_c0003,Monrovia_08.png,Monrovia,test,3,42,105,17,16,272,91,1.062,0.3346,False,False,False,False,False
Monrovia_08__tile_r0002_c0002,Monrovia_08.png,Monrovia,test,1,327,52,47,29,1363,519,1.621,0.3808,False,False,False,False,False
Shamrock_01__tile_r0000_c0000,Shamrock_01.png,Shamrock,test,1,0,550,512,90,46080,38206,5.689,0.8291,True,False,False,True,True
Shamrock_01__tile_r0001_c0000,Shamrock_01.png,Shamrock,test,1,0,38,512,141,72192,54827,3.631,0.7595,True,False,False,False,True
Shamrock_01__tile_r0002_c0000,Shamrock_01.png,Shamrock,test,1,1,260,115,111,12765,7904,1.036,0.6192,False,False,False,False,False
Shamrock_02__tile_r0000_c0002,Shamrock_02.png,Shamrock,test,1,618,547,22,41,902,611,0.537,0.6774,False,True,False,False,True
Shamrock_02__tile_r0000_c0003,Shamrock_02.png,Shamrock,test,1,106,508,86,103,8858,5315,0.835,0.6,False,True,False,False,True
Shamrock_02__tile_r0001_c0002,Shamrock_02.png,Shamrock,test,1,618,35,22,41,902,611,0.537,0.6774,False,True,False,False,True
Shamrock_02__tile_r0001_c0003,Shamrock_02.png,Shamrock,test,1,106,0,86,99,8514,5282,0.869,0.6204,False,True,True,False,True
Shamrock_02__tile_r0002_c0002,Shamrock_02.png,Shamrock,test,1,293,199,347,113,39211,30107,3.071,0.7678,False,True,False,False,True
Shamrock_02__tile_r0002_c0003,Shamrock_02.png,Shamrock,test,1,0,199,192,113,21696,18980,1.699,0.8748,True,True,False,False,True
Shamrock_03__tile_r0001_c0000,Shamrock_03.png,Shamrock,test,1,50,154,544,150,81600,64078,3.627,0.7853,False,False,False,False,False
Shamrock_03__tile_r0001_c0001,Shamrock_03.png,Shamrock,test,1,0,175,82,114,9348,7073,0.719,0.7566,True,False,False,False,True
Shamrock_03__tile_r0003_c0000,Shamrock_03.png,Shamrock,test,1,0,135,69,60,4140,2514,1.15,0.6072,True,False,False,False,True
Viator_01__tile_r0003_c0000,Viator_01.png,Viator,test,1,39,161,344,176,60544,31791,1.955,0.5251,False,False,False,False,False
Viator_01__tile_r0003_c0002,Viator_01.png,Viator,test,1,421,276,198,119,23562,15645,1.664,0.664,False,False,False,False,False
Viator_01__tile_r0003_c0003,Viator_01.png,Viator,test,1,0,291,107,104,11128,8426,1.029,0.7572,True,False,False,False,True
Viator_02__tile_r0003_c0001,Viator_02.png,Viator,test,1,353,245,287,112,32144,26138,2.562,0.8132,False,True,False,False,True
Viator_02__tile_r0003_c0002,Viator_02.png,Viator,test,1,460,136,180,194,34920,18623,0.928,0.5333,False,True,False,False,True
Viator_02__tile_r0003_c0002,Viator_02.png,Viator,test,2,0,245,166,112,18592,13115,1.482,0.7054,True,False,False,False,True
Viator_02__tile_r0003_c0002,Viator_02.png,Viator,test,3,606,337,34,32,1088,682,1.062,0.6268,False,True,False,False,True
Viator_02__tile_r0003_c0003,Viator_02.png,Viator,test,1,0,136,192,196,37632,20875,0.98,0.5547,True,True,False,False,True
Viator_02__tile_r0003_c0003,Viator_02.png,Viator,test,2,94,337,61,39,2379,1252,1.564,0.5263,False,False,False,False,False
Viator_04__tile_r0001_c0000,Viator_04.png,Viator,test,1,427,477,213,95,20235,12410,2.242,0.6133,False,True,False,False,True
Viator_04__tile_r0001_c0001,Viator_04.png,Viator,test,1,0,480,239,116,27724,15907,2.06,0.5738,True,False,False,False,True
Viator_04__tile_r0001_c0001,Viator_04.png,Viator,test,2,513,548,127,81,10287,6107,1.568,0.5937,False,True,False,False,True
Viator_04__tile_r0001_c0001,Viator_04.png,Viator,test,3,167,614,23,26,598,195,0.885,0.3261,False,False,False,True,True
Viator_04__tile_r0001_c0002,Viator_04.png,Viator,test,1,1,548,134,81,10854,6328,1.654,0.583,False,False,False,False,False
Viator_04__tile_r0002_c0000,Viator_04.png,Viator,test,1,431,0,209,60,12540,6945,3.483,0.5538,False,True,True,False,True
Viator_04__tile_r0002_c0001,Viator_04.png,Viator,test,1,0,0,239,84,20076,12780,2.845,0.6366,True,False,True,False,True
Viator_04__tile_r0002_c0001,Viator_04.png,Viator,test,2,513,36,127,81,10287,6107,1.568,0.5937,False,True,False,False,True
Viator_04__tile_r0002_c0001,Viator_04.png,Viator,test,3,167,102,23,32,736,217,0.719,0.2948,False,False,False,False,False
Viator_04__tile_r0002_c0002,Viator_04.png,Viator,test,1,1,36,134,81,10854,6328,1.654,0.583,False,False,False,False,False
Viator_05__tile_r0001_c0001,Viator_05.png,Viator,test,1,533,502,107,87,9309,5876,1.23,0.6312,False,True,False,False,True
Viator_05__tile_r0001_c0002,Viator_05.png,Viator,test,1,21,478,515,142,73130,30764,3.627,0.4207,False,False,False,False,False
Viator_05__tile_r0001_c0003,Viator_05.png,Viator,test,1,0,561,24,38,912,539,0.632,0.591,True,False,False,False,True
Viator_05__tile_r0002_c0001,Viator_05.png,Viator,test,1,533,0,107,77,8239,5778,1.39,0.7013,False,True,True,False,True
Viator_05__tile_r0002_c0002,Viator_05.png,Viator,test,1,21,0,515,108,55620,30305,4.769,0.5449,False,False,True,False,True
Viator_05__tile_r0002_c0003,Viator_05.png,Viator,test,1,0,49,24,38,912,539,0.632,0.591,True,False,False,False,True
Viator_06__tile_r0001_c0000,Viator_06.png,Viator,test,1,516,588,124,52,6448,4299,2.385,0.6667,False,True,False,True,True
Viator_06__tile_r0001_c0001,Viator_06.png,Viator,test,1,471,488,169,152,25688,10382,1.112,0.4042,False,True,False,True,True
Viator_06__tile_r0001_c0001,Viator_06.png,Viator,test,2,4,567,247,73,18031,11004,3.384,0.6103,False,False,False,True,True
Viator_06__tile_r0001_c0002,Viator_06.png,Viator,test,1,0,482,151,158,23858,10867,0.956,0.4555,True,False,False,True,True
Viator_06__tile_r0002_c0000,Viator_06.png,Viator,test,1,486,76,154,140,21560,13743,1.1,0.6374,False,True,False,False,True
Viator_06__tile_r0002_c0001,Viator_06.png,Viator,test,1,471,0,169,139,23491,9647,1.216,0.4107,False,True,True,False,True
Viator_06__tile_r0002_c0001,Viator_06.png,Viator,test,2,0,55,251,161,40411,21345,1.559,0.5282,True,False,False,False,True
Viator_06__tile_r0002_c0002,Viator_06.png,Viator,test,1,0,0,151,139,20989,9569,1.086,0.4559,True,False,True,False,True
Viator_07__tile_r0001_c0001,Viator_07.png,Viator,test,1,529,490,111,150,16650,10680,0.74,0.6414,False,True,False,True,True
Viator_07__tile_r0001_c0002,Viator_07.png,Viator,test,1,17,396,373,244,91012,33054,1.529,0.3632,False,False,False,True,True
Viator_07__tile_r0002_c0001,Viator_07.png,Viator,test,1,529,0,111,149,16539,10279,0.745,0.6215,False,True,True,False,True
Viator_07__tile_r0002_c0002,Viator_07.png,Viator,test,1,17,0,277,149,41273,15883,1.859,0.3848,False,False,True,False,True
Viator_08__tile_r0001_c0001,Viator_08.png,Viator,test,1,526,427,114,213,24282,13113,0.535,0.54,False,True,False,True,True
Viator_08__tile_r0001_c0002,Viator_08.png,Viator,test,1,14,427,199,213,42387,20271,0.934,0.4782,False,False,False,True,True
Viator_08__tile_r0002_c0001,Viator_08.png,Viator,test,1,497,0,143,316,45188,26470,0.453,0.5858,False,True,True,False,True
Viator_08__tile_r0002_c0002,Viator_08.png,Viator,test,1,0,0,213,316,67308,29475,0.674,0.4379,True,False,True,False,True
Viator_09__tile_r0001_c0001,Viator_09.png,Viator,test,1,479,302,130,338,43940,23801,0.385,0.5417,False,False,False,True,True
Viator_09__tile_r0001_c0002,Viator_09.png,Viator,test,1,0,302,97,338,32786,21649,0.287,0.6603,True,False,False,True,True
Viator_09__tile_r0002_c0001,Viator_09.png,Viator,test,1,479,0,127,201,25527,11732,0.632,0.4596,False,False,True,False,True
Viator_09__tile_r0002_c0002,Viator_09.png,Viator,test,1,0,0,94,201,18894,10659,0.468,0.5641,True,False,True,False,True
Viator_10__tile_r0001_c0001,Viator_10.png,Viator,test,1,597,425,43,99,4257,2554,0.434,0.6,False,True,False,False,True
Viator_10__tile_r0001_c0002,Viator_10.png,Viator,test,1,85,425,327,215,70305,26182,1.521,0.3724,False,False,False,True,True
Viator_10__tile_r0002_c0001,Viator_10.png,Viator,test,1,630,0,10,12,120,78,0.833,0.65,False,True,True,False,True
Viator_10__tile_r0002_c0002,Viator_10.png,Viator,test,1,118,0,361,241,87001,30345,1.498,0.3488,False,False,True,False,True
Viator_11__tile_r0001_c0000,Viator_11.png,Viator,test,1,544,350,96,192,18432,10032,0.5,0.5443,False,True,False,False,True
Viator_11__tile_r0001_c0000,Viator_11.png,Viator,test,2,620,557,20,8,160,112,2.5,0.7,False,True,False,False,True
Viator_11__tile_r0001_c0000,Viator_11.png,Viator,test,3,603,591,37,16,592,329,2.312,0.5557,False,True,False,False,True
Viator_11__tile_r0001_c0000,Viator_11.png,Viator,test,4,638,609,2,4,8,8,0.5,1.0,False,True,False,False,True
Viator_11__tile_r0001_c0001,Viator_11.png,Viator,test,1,32,350,198,290,57420,24955,0.683,0.4346,False,False,False,True,True
Viator_11__tile_r0002_c0000,Viator_11.png,Viator,test,1,627,0,13,30,390,198,0.433,0.5077,False,True,True,False,True
Viator_11__tile_r0002_c0000,Viator_11.png,Viator,test,2,620,45,20,8,160,112,2.5,0.7,False,True,False,False,True
Viator_11__tile_r0002_c0000,Viator_11.png,Viator,test,3,603,79,37,16,592,329,2.312,0.5557,False,True,False,False,True
Viator_11__tile_r0002_c0000,Viator_11.png,Viator,test,4,638,97,2,4,8,8,0.5,1.0,False,True,False,False,True
Viator_11__tile_r0002_c0001,Viator_11.png,Viator,test,1,91,0,139,157,21823,9465,0.885,0.4337,False,False,True,False,True
WH_Gilbert_01__tile_r0000_c0002,WH_Gilbert_01.png,WH_Gilbert,test,1,309,356,331,129,42699,19281,2.566,0.4516,False,True,False,False,True
WH_Gilbert_01__tile_r0000_c0002,WH_Gilbert_01.png,WH_Gilbert,test,2,487,491,11,10,110,74,1.1,0.6727,False,False,False,False,False
WH_Gilbert_01__tile_r0000_c0002,WH_Gilbert_01.png,WH_Gilbert,test,3,331,493,9,11,99,55,0.818,0.5556,False,False,False,False,False
WH_Gilbert_01__tile_r0000_c0002,WH_Gilbert_01.png,WH_Gilbert,test,4,437,492,14,12,168,110,1.167,0.6548,False,False,False,False,False
WH_Gilbert_01__tile_r0000_c0002,WH_Gilbert_01.png,WH_Gilbert,test,5,516,559,12,11,132,87,1.091,0.6591,False,False,False,False,False
WH_Gilbert_01__tile_r0000_c0003,WH_Gilbert_01.png,WH_Gilbert,test,1,0,349,191,98,18718,11731,1.949,0.6267,True,False,False,False,True
WH_Gilbert_01__tile_r0000_c0003,WH_Gilbert_01.png,WH_Gilbert,test,2,4,559,12,11,132,87,1.091,0.6591,False,False,False,False,False
WH_Gilbert_01__tile_r0001_c0002,WH_Gilbert_01.png,WH_Gilbert,test,1,516,47,12,11,132,87,1.091,0.6591,False,False,False,False,False
WH_Gilbert_01__tile_r0001_c0002,WH_Gilbert_01.png,WH_Gilbert,test,2,279,211,5,10,50,45,0.5,0.9,False,False,False,False,False
WH_Gilbert_01__tile_r0001_c0002,WH_Gilbert_01.png,WH_Gilbert,test,3,336,311,17,17,289,172,1.0,0.5952,False,False,False,False,False
WH_Gilbert_01__tile_r0001_c0003,WH_Gilbert_01.png,WH_Gilbert,test,1,4,47,12,11,132,87,1.091,0.6591,False,False,False,False,False
WH_Gilbert_02__tile_r0000_c0002,WH_Gilbert_02.png,WH_Gilbert,test,1,497,114,8,10,80,47,0.8,0.5875,False,False,False,False,False
WH_Gilbert_02__tile_r0000_c0002,WH_Gilbert_02.png,WH_Gilbert,test,2,488,121,6,8,48,26,0.75,0.5417,False,False,False,False,False
WH_Gilbert_02__tile_r0000_c0002,WH_Gilbert_02.png,WH_Gilbert,test,3,573,177,10,11,110,57,0.909,0.5182,False,False,False,False,False
WH_Gilbert_02__tile_r0000_c0002,WH_Gilbert_02.png,WH_Gilbert,test,4,524,181,7,9,63,38,0.778,0.6032,False,False,False,False,False
WH_Gilbert_02__tile_r0000_c0002,WH_Gilbert_02.png,WH_Gilbert,test,5,210,206,430,142,61060,22244,3.028,0.3643,False,True,False,False,True
WH_Gilbert_02__tile_r0000_c0003,WH_Gilbert_02.png,WH_Gilbert,test,1,61,177,10,11,110,57,0.909,0.5182,False,False,False,False,False
WH_Gilbert_02__tile_r0000_c0003,WH_Gilbert_02.png,WH_Gilbert,test,2,12,181,7,9,63,38,0.778,0.6032,False,False,False,False,False
WH_Gilbert_02__tile_r0000_c0003,WH_Gilbert_02.png,WH_Gilbert,test,3,139,195,7,9,63,49,0.778,0.7778,False,False,False,False,False
WH_Gilbert_02__tile_r0000_c0003,WH_Gilbert_02.png,WH_Gilbert,test,4,0,204,177,84,14868,8505,2.107,0.572,True,False,False,False,True
WH_Gilbert_04__tile_r0000_c0000,WH_Gilbert_04.png,WH_Gilbert,test,1,273,472,12,8,96,62,1.5,0.6458,False,False,False,False,False
WH_Gilbert_04__tile_r0000_c0000,WH_Gilbert_04.png,WH_Gilbert,test,2,305,479,149,161,23989,12754,0.925,0.5317,False,False,False,True,True
WH_Gilbert_04__tile_r0000_c0000,WH_Gilbert_04.png,WH_Gilbert,test,3,238,482,6,8,48,36,0.75,0.75,False,False,False,False,False
WH_Gilbert_04__tile_r0000_c0000,WH_Gilbert_04.png,WH_Gilbert,test,4,275,488,9,8,72,36,1.125,0.5,False,False,False,False,False
WH_Gilbert_04__tile_r0000_c0000,WH_Gilbert_04.png,WH_Gilbert,test,5,278,557,10,10,100,57,1.0,0.57,False,False,False,False,False
WH_Gilbert_04__tile_r0000_c0000,WH_Gilbert_04.png,WH_Gilbert,test,6,249,582,9,12,108,73,0.75,0.6759,False,False,False,False,False
WH_Gilbert_04__tile_r0000_c0000,WH_Gilbert_04.png,WH_Gilbert,test,7,196,600,12,8,96,58,1.5,0.6042,False,False,False,False,False
WH_Gilbert_04__tile_r0000_c0000,WH_Gilbert_04.png,WH_Gilbert,test,8,249,617,4,10,40,34,0.4,0.85,False,False,False,False,False
WH_Gilbert_04__tile_r0001_c0000,WH_Gilbert_04.png,WH_Gilbert,test,1,314,0,171,323,55233,23702,0.529,0.4291,False,False,True,False,True
WH_Gilbert_04__tile_r0001_c0000,WH_Gilbert_04.png,WH_Gilbert,test,2,278,45,10,10,100,57,1.0,0.57,False,False,False,False,False
WH_Gilbert_04__tile_r0001_c0000,WH_Gilbert_04.png,WH_Gilbert,test,3,249,70,9,12,108,73,0.75,0.6759,False,False,False,False,False
WH_Gilbert_04__tile_r0001_c0000,WH_Gilbert_04.png,WH_Gilbert,test,4,196,88,12,8,96,58,1.5,0.6042,False,False,False,False,False
WH_Gilbert_04__tile_r0001_c0000,WH_Gilbert_04.png,WH_Gilbert,test,5,249,105,4,10,40,34,0.4,0.85,False,False,False,False,False
WH_Gilbert_04__tile_r0001_c0000,WH_Gilbert_04.png,WH_Gilbert,test,6,189,130,10,11,110,53,0.909,0.4818,False,False,False,False,False
WH_Gilbert_05__tile_r0000_c0000,WH_Gilbert_05.png,WH_Gilbert,test,1,544,563,41,77,3157,1441,0.532,0.4564,False,False,False,True,True
WH_Gilbert_05__tile_r0000_c0001,WH_Gilbert_05.png,WH_Gilbert,test,1,32,563,41,77,3157,1441,0.532,0.4564,False,False,False,True,True
WH_Gilbert_05__tile_r0001_c0000,WH_Gilbert_05.png,WH_Gilbert,test,1,544,51,96,350,33600,14876,0.274,0.4427,False,True,False,False,True
WH_Gilbert_05__tile_r0001_c0001,WH_Gilbert_05.png,WH_Gilbert,test,1,32,51,174,350,60900,16037,0.497,0.2633,False,False,False,False,False
WH_Gilbert_06__tile_r0000_c0002,WH_Gilbert_06.png,WH_Gilbert,test,1,495,447,9,8,72,43,1.125,0.5972,False,False,False,False,False
WH_Gilbert_06__tile_r0000_c0002,WH_Gilbert_06.png,WH_Gilbert,test,2,519,455,121,185,22385,11000,0.654,0.4914,False,True,False,True,True
WH_Gilbert_06__tile_r0000_c0002,WH_Gilbert_06.png,WH_Gilbert,test,3,460,461,6,9,54,38,0.667,0.7037,False,False,False,False,False
WH_Gilbert_06__tile_r0000_c0002,WH_Gilbert_06.png,WH_Gilbert,test,4,499,522,10,11,110,71,0.909,0.6455,False,False,False,False,False
WH_Gilbert_06__tile_r0000_c0002,WH_Gilbert_06.png,WH_Gilbert,test,5,473,554,6,12,72,54,0.5,0.75,False,False,False,False,False
WH_Gilbert_06__tile_r0000_c0002,WH_Gilbert_06.png,WH_Gilbert,test,6,503,554,10,7,70,39,1.429,0.5571,False,False,False,False,False
WH_Gilbert_06__tile_r0000_c0002,WH_Gilbert_06.png,WH_Gilbert,test,7,420,573,10,8,80,41,1.25,0.5125,False,False,False,False,False
WH_Gilbert_06__tile_r0000_c0002,WH_Gilbert_06.png,WH_Gilbert,test,8,471,593,4,15,60,48,0.267,0.8,False,False,False,False,False
WH_Gilbert_06__tile_r0000_c0002,WH_Gilbert_06.png,WH_Gilbert,test,9,412,629,8,11,88,54,0.727,0.6136,False,False,False,True,True
WH_Gilbert_06__tile_r0000_c0003,WH_Gilbert_06.png,WH_Gilbert,test,1,7,455,156,185,28860,12290,0.843,0.4258,False,False,False,True,True
WH_Gilbert_06__tile_r0000_c0003,WH_Gilbert_06.png,WH_Gilbert,test,2,0,557,1,2,2,2,0.5,1.0,True,False,False,False,True
WH_Gilbert_06__tile_r0001_c0002,WH_Gilbert_06.png,WH_Gilbert,test,1,533,0,107,202,21614,9924,0.53,0.4591,False,True,True,False,True
WH_Gilbert_06__tile_r0001_c0002,WH_Gilbert_06.png,WH_Gilbert,test,2,499,10,10,11,110,71,0.909,0.6455,False,False,False,False,False
WH_Gilbert_06__tile_r0001_c0002,WH_Gilbert_06.png,WH_Gilbert,test,3,473,42,6,12,72,54,0.5,0.75,False,False,False,False,False
WH_Gilbert_06__tile_r0001_c0002,WH_Gilbert_06.png,WH_Gilbert,test,4,503,42,10,7,70,39,1.429,0.5571,False,False,False,False,False
WH_Gilbert_06__tile_r0001_c0002,WH_Gilbert_06.png,WH_Gilbert,test,5,420,61,10,8,80,41,1.25,0.5125,False,False,False,False,False
WH_Gilbert_06__tile_r0001_c0002,WH_Gilbert_06.png,WH_Gilbert,test,6,471,81,4,15,60,48,0.267,0.8,False,False,False,False,False
WH_Gilbert_06__tile_r0001_c0002,WH_Gilbert_06.png,WH_Gilbert,test,7,412,117,8,11,88,54,0.727,0.6136,False,False,False,False,False
WH_Gilbert_06__tile_r0001_c0002,WH_Gilbert_06.png,WH_Gilbert,test,8,610,187,30,23,690,182,1.304,0.2638,False,True,False,False,True
WH_Gilbert_06__tile_r0001_c0003,WH_Gilbert_06.png,WH_Gilbert,test,1,21,0,171,271,46341,16595,0.631,0.3581,False,True,True,False,True
WH_Gilbert_06__tile_r0001_c0003,WH_Gilbert_06.png,WH_Gilbert,test,2,0,45,1,2,2,2,0.5,1.0,True,False,False,False,True
WP_Thew_04__tile_r0002_c0000,WP_Thew_04.png,WP_Thew,test,1,0,214,452,426,192552,111002,1.061,0.5765,True,False,False,True,True
WP_Thew_04__tile_r0003_c0000,WP_Thew_04.png,WP_Thew,test,1,77,0,412,198,81576,39889,2.081,0.489,False,False,True,False,True
WP_Thew_05__tile_r0000_c0002,WP_Thew_05.png,WP_Thew,test,1,151,628,24,12,288,157,2.0,0.5451,False,False,False,True,True
WP_Thew_05__tile_r0001_c0000,WP_Thew_05.png,WP_Thew,test,1,1,449,396,191,75636,32948,2.073,0.4356,False,False,False,True,True
WP_Thew_05__tile_r0001_c0000,WP_Thew_05.png,WP_Thew,test,2,230,469,42,75,3150,1057,0.56,0.3356,False,False,False,False,False
WP_Thew_05__tile_r0001_c0000,WP_Thew_05.png,WP_Thew,test,3,140,496,86,38,3268,1491,2.263,0.4562,False,False,False,False,False
WP_Thew_05__tile_r0001_c0000,WP_Thew_05.png,WP_Thew,test,4,343,525,123,84,10332,4728,1.464,0.4576,False,False,False,False,False
WP_Thew_05__tile_r0001_c0002,WP_Thew_05.png,WP_Thew,test,1,151,116,117,137,16029,10792,0.854,0.6733,False,False,False,False,False
WP_Thew_05__tile_r0001_c0002,WP_Thew_05.png,WP_Thew,test,2,143,303,36,337,12132,8336,0.107,0.6871,False,False,False,True,True
WP_Thew_05__tile_r0002_c0000,WP_Thew_05.png,WP_Thew,test,1,1,0,577,640,369280,190180,0.902,0.515,False,False,True,True,True
WP_Thew_05__tile_r0002_c0000,WP_Thew_05.png,WP_Thew,test,2,171,0,55,22,1210,652,2.5,0.5388,False,False,True,False,True
WP_Thew_05__tile_r0002_c0000,WP_Thew_05.png,WP_Thew,test,3,249,0,23,32,736,458,0.719,0.6223,False,False,True,False,True
WP_Thew_05__tile_r0002_c0000,WP_Thew_05.png,WP_Thew,test,4,343,13,123,84,10332,4728,1.464,0.4576,False,False,False,False,False
WP_Thew_05__tile_r0002_c0001,WP_Thew_05.png,WP_Thew,test,1,0,194,66,446,29436,19973,0.148,0.6785,True,False,False,True,True
WP_Thew_05__tile_r0002_c0002,WP_Thew_05.png,WP_Thew,test,1,129,0,56,536,30016,14962,0.104,0.4985,False,False,True,False,True
WP_Thew_05__tile_r0002_c0002,WP_Thew_05.png,WP_Thew,test,2,323,196,30,61,1830,574,0.492,0.3137,False,False,False,False,False
WP_Thew_05__tile_r0002_c0002,WP_Thew_05.png,WP_Thew,test,3,290,234,169,139,23491,14524,1.216,0.6183,False,False,False,False,False
WP_Thew_05__tile_r0002_c0002,WP_Thew_05.png,WP_Thew,test,4,461,352,63,59,3717,1114,1.068,0.2997,False,False,False,False,False
WP_Thew_05__tile_r0002_c0002,WP_Thew_05.png,WP_Thew,test,5,186,455,39,79,3081,808,0.494,0.2623,False,False,False,False,False
WP_Thew_05__tile_r0002_c0003,WP_Thew_05.png,WP_Thew,test,1,0,352,12,11,132,87,1.091,0.6591,True,False,False,False,True
WP_Thew_05__tile_r0003_c0000,WP_Thew_05.png,WP_Thew,test,1,415,0,146,139,20294,9752,1.05,0.4805,False,False,True,False,True
WP_Thew_05__tile_r0003_c0001,WP_Thew_05.png,WP_Thew,test,1,0,0,49,139,6811,5605,0.353,0.8229,True,False,True,False,True
WP_Thew_05__tile_r0003_c0002,WP_Thew_05.png,WP_Thew,test,1,151,0,23,24,552,314,0.958,0.5688,False,False,True,False,True
WP_Thew_05__tile_r0003_c0002,WP_Thew_05.png,WP_Thew,test,2,208,0,17,22,374,214,0.773,0.5722,False,False,True,False,True
WP_Thew_09__tile_r0002_c0000,WP_Thew_09.png,WP_Thew,test,1,1,189,486,451,219186,127717,1.078,0.5827,False,False,False,True,True
WP_Thew_09__tile_r0003_c0000,WP_Thew_09.png,WP_Thew,test,1,90,0,414,208,86112,41823,1.99,0.4857,False,False,True,False,True
WP_Thew_10__tile_r0000_c0002,WP_Thew_10.png,WP_Thew,test,1,190,639,1,1,1,1,1.0,1.0,False,False,False,True,True
WP_Thew_10__tile_r0001_c0000,WP_Thew_10.png,WP_Thew,test,1,4,424,483,216,104328,49217,2.236,0.4718,False,False,False,True,True
WP_Thew_10__tile_r0001_c0000,WP_Thew_10.png,WP_Thew,test,2,175,483,81,40,3240,1436,2.025,0.4432,False,False,False,False,False
WP_Thew_10__tile_r0001_c0002,WP_Thew_10.png,WP_Thew,test,1,163,127,126,106,13356,8869,1.189,0.664,False,False,False,False,False
WP_Thew_10__tile_r0001_c0002,WP_Thew_10.png,WP_Thew,test,2,152,270,27,370,9990,9504,0.073,0.9514,False,False,False,True,True
WP_Thew_10__tile_r0002_c0000,WP_Thew_10.png,WP_Thew,test,1,4,0,552,610,336720,187769,0.905,0.5576,False,False,True,False,True
WP_Thew_10__tile_r0002_c0000,WP_Thew_10.png,WP_Thew,test,2,220,0,29,11,319,197,2.636,0.6176,False,False,True,False,True
WP_Thew_10__tile_r0002_c0001,WP_Thew_10.png,WP_Thew,test,1,0,176,44,434,19096,16279,0.101,0.8525,True,False,False,False,True
WP_Thew_10__tile_r0002_c0002,WP_Thew_10.png,WP_Thew,test,1,134,0,64,523,33472,16602,0.122,0.496,False,False,True,False,True
WP_Thew_10__tile_r0002_c0002,WP_Thew_10.png,WP_Thew,test,2,345,183,35,65,2275,836,0.538,0.3675,False,False,False,False,False
WP_Thew_10__tile_r0002_c0002,WP_Thew_10.png,WP_Thew,test,3,307,221,176,130,22880,13812,1.354,0.6037,False,False,False,False,False
WP_Thew_10__tile_r0002_c0002,WP_Thew_10.png,WP_Thew,test,4,491,333,53,66,3498,1131,0.803,0.3233,False,False,False,False,False
WP_Thew_10__tile_r0002_c0002,WP_Thew_10.png,WP_Thew,test,5,204,448,43,69,2967,734,0.623,0.2474,False,False,False,False,False
WP_Thew_10__tile_r0002_c0003,WP_Thew_10.png,WP_Thew,test,1,0,333,32,36,1152,631,0.889,0.5477,True,False,False,False,True
WP_Thew_10__tile_r0003_c0000,WP_Thew_10.png,WP_Thew,test,1,441,0,111,98,10878,5304,1.133,0.4876,False,False,True,False,True
WP_Thew_10__tile_r0003_c0001,WP_Thew_10.png,WP_Thew,test,1,0,0,40,98,3920,3189,0.408,0.8135,True,False,True,False,True
WP_Thew_10__tile_r0003_c0002,WP_Thew_10.png,WP_Thew,test,1,170,0,12,11,132,75,1.091,0.5682,False,False,True,False,True
WP_Thew_10__tile_r0003_c0002,WP_Thew_10.png,WP_Thew,test,2,234,0,11,5,55,29,2.2,0.5273,False,False,True,False,True
WP_Thew_11__tile_r0001_c0001,WP_Thew_11.png,WP_Thew,test,1,519,565,121,75,9075,4444,1.613,0.4897,False,True,False,True,True
WP_Thew_11__tile_r0001_c0002,WP_Thew_11.png,WP_Thew,test,1,7,529,150,111,16650,6109,1.351,0.3669,False,False,False,True,True
WP_Thew_11__tile_r0002_c0001,WP_Thew_11.png,WP_Thew,test,1,518,53,122,587,71614,53317,0.208,0.7445,False,True,False,True,True
WP_Thew_11__tile_r0002_c0002,WP_Thew_11.png,WP_Thew,test,1,6,17,151,623,94073,67176,0.242,0.7141,False,False,False,True,True
WP_Thew_11__tile_r0002_c0002,WP_Thew_11.png,WP_Thew,test,2,497,248,56,43,2408,1014,1.302,0.4211,False,False,False,False,False
WP_Thew_11__tile_r0002_c0002,WP_Thew_11.png,WP_Thew,test,3,571,294,69,115,7935,6669,0.6,0.8405,False,True,False,False,True
WP_Thew_11__tile_r0002_c0003,WP_Thew_11.png,WP_Thew,test,1,0,248,41,43,1763,909,0.953,0.5156,True,False,False,False,True
WP_Thew_11__tile_r0002_c0003,WP_Thew_11.png,WP_Thew,test,2,59,294,133,115,15295,11824,1.157,0.7731,False,True,False,False,True
WP_Thew_11__tile_r0003_c0001,WP_Thew_11.png,WP_Thew,test,1,537,0,103,371,38213,29410,0.278,0.7696,False,True,True,False,True
WP_Thew_11__tile_r0003_c0002,WP_Thew_11.png,WP_Thew,test,1,25,0,127,373,47371,37890,0.34,0.7999,False,False,True,False,True
WP_Thew_15__tile_r0001_c0000,WP_Thew_15.png,WP_Thew,test,1,1,565,189,75,14175,9852,2.52,0.695,False,False,False,True,True
WP_Thew_15__tile_r0001_c0001,WP_Thew_15.png,WP_Thew,test,1,172,533,163,107,17441,10688,1.523,0.6128,False,False,False,True,True
WP_Thew_15__tile_r0002_c0000,WP_Thew_15.png,WP_Thew,test,1,1,53,236,587,138532,114320,0.402,0.8252,False,False,False,True,True
WP_Thew_15__tile_r0002_c0000,WP_Thew_15.png,WP_Thew,test,2,558,156,82,301,24682,13815,0.272,0.5597,False,True,False,False,True
WP_Thew_15__tile_r0002_c0001,WP_Thew_15.png,WP_Thew,test,1,46,21,293,619,181367,119370,0.473,0.6582,False,False,False,True,True
WP_Thew_15__tile_r0003_c0000,WP_Thew_15.png,WP_Thew,test,1,1,0,253,273,69069,55988,0.927,0.8106,False,False,True,False,True
WP_Thew_15__tile_r0003_c0000,WP_Thew_15.png,WP_Thew,test,2,31,305,29,47,1363,316,0.617,0.2318,False,False,False,False,False
WP_Thew_15__tile_r0003_c0001,WP_Thew_15.png,WP_Thew,test,1,153,0,192,406,77952,48746,0.473,0.6253,False,False,True,False,True
WP_Thew_15__tile_r0003_c0002,WP_Thew_15.png,WP_Thew,test,1,227,150,67,103,6901,906,0.65,0.1313,False,False,False,False,False
WP_Thew_16__tile_r0001_c0000,WP_Thew_16.png,WP_Thew,test,1,32,194,370,446,165020,88649,0.83,0.5372,False,False,False,True,True
WP_Thew_16__tile_r0001_c0000,WP_Thew_16.png,WP_Thew,test,2,417,383,46,56,2576,977,0.821,0.3793,False,False,False,False,False
WP_Thew_16__tile_r0001_c0000,WP_Thew_16.png,WP_Thew,test,3,318,528,169,112,18928,11881,1.509,0.6277,False,False,False,True,True
WP_Thew_16__tile_r0001_c0002,WP_Thew_16.png,WP_Thew,test,1,453,403,187,146,27302,16337,1.281,0.5984,False,True,False,False,True
WP_Thew_16__tile_r0001_c0002,WP_Thew_16.png,WP_Thew,test,2,211,505,235,135,31725,9501,1.741,0.2995,False,False,False,True,True
WP_Thew_16__tile_r0001_c0003,WP_Thew_16.png,WP_Thew,test,1,0,403,152,146,22192,15684,1.041,0.7067,True,False,False,False,True
WP_Thew_16__tile_r0002_c0000,WP_Thew_16.png,WP_Thew,test,1,49,0,520,590,306800,200195,0.881,0.6525,False,False,True,False,True
WP_Thew_16__tile_r0002_c0000,WP_Thew_16.png,WP_Thew,test,2,454,529,26,83,2158,1038,0.313,0.481,False,False,False,False,False
WP_Thew_16__tile_r0002_c0001,WP_Thew_16.png,WP_Thew,test,1,0,232,57,233,13281,5713,0.245,0.4302,True,False,False,False,True
WP_Thew_16__tile_r0002_c0002,WP_Thew_16.png,WP_Thew,test,1,155,0,291,288,83808,17360,1.01,0.2071,False,False,True,False,True
WP_Thew_16__tile_r0002_c0002,WP_Thew_16.png,WP_Thew,test,2,524,0,116,37,4292,3161,3.135,0.7365,False,True,True,False,True
WP_Thew_16__tile_r0002_c0002,WP_Thew_16.png,WP_Thew,test,3,183,435,35,26,910,303,1.346,0.333,False,False,False,False,False
WP_Thew_16__tile_r0002_c0002,WP_Thew_16.png,WP_Thew,test,4,157,477,95,119,11305,7343,0.798,0.6495,False,False,False,False,False
WP_Thew_16__tile_r0002_c0003,WP_Thew_16.png,WP_Thew,test,1,12,0,140,37,5180,3570,3.784,0.6892,False,False,True,False,True
WP_Thew_16__tile_r0003_c0000,WP_Thew_16.png,WP_Thew,test,1,144,0,78,48,3744,3009,1.625,0.8037,False,False,True,False,True
WP_Thew_16__tile_r0003_c0000,WP_Thew_16.png,WP_Thew,test,2,156,0,198,78,15444,5309,2.538,0.3438,False,False,True,False,True
WP_Thew_16__tile_r0003_c0000,WP_Thew_16.png,WP_Thew,test,3,362,0,117,57,6669,3581,2.053,0.537,False,False,True,False,True
WP_Thew_16__tile_r0003_c0000,WP_Thew_16.png,WP_Thew,test,4,454,17,26,83,2158,1038,0.313,0.481,False,False,False,False,False
WP_Thew_16__tile_r0003_c0002,WP_Thew_16.png,WP_Thew,test,1,158,0,86,84,7224,4587,1.024,0.635,False,False,True,False,True
WP_Thew_16__tile_r0003_c0002,WP_Thew_16.png,WP_Thew,test,2,533,136,79,61,4819,2949,1.295,0.612,False,False,False,False,False
WP_Thew_16__tile_r0003_c0002,WP_Thew_16.png,WP_Thew,test,3,349,571,52,50,2600,1304,1.04,0.5015,False,False,False,False,False
WP_Thew_16__tile_r0003_c0003,WP_Thew_16.png,WP_Thew,test,1,21,136,79,61,4819,2949,1.295,0.612,False,False,False,False,False
WP_Thew_16__tile_r0004_c0002,WP_Thew_16.png,WP_Thew,test,1,349,59,52,50,2600,1304,1.04,0.5015,False,False,False,False,False
WP_Thew_17__tile_r0000_c0002,WP_Thew_17.png,WP_Thew,test,1,636,594,4,7,28,17,0.571,0.6071,False,True,False,False,True
WP_Thew_17__tile_r0000_c0003,WP_Thew_17.png,WP_Thew,test,1,124,563,47,44,2068,762,1.068,0.3685,False,False,False,False,False
WP_Thew_17__tile_r0001_c0002,WP_Thew_17.png,WP_Thew,test,1,636,82,4,7,28,17,0.571,0.6071,False,True,False,False,True
WP_Thew_17__tile_r0001_c0002,WP_Thew_17.png,WP_Thew,test,2,361,457,101,72,7272,4434,1.403,0.6097,False,False,False,False,False
WP_Thew_17__tile_r0001_c0002,WP_Thew_17.png,WP_Thew,test,3,488,495,75,54,4050,2461,1.389,0.6077,False,False,False,False,False
WP_Thew_17__tile_r0001_c0003,WP_Thew_17.png,WP_Thew,test,1,124,51,47,44,2068,762,1.068,0.3685,False,False,False,False,False
WP_Thew_17__tile_r0001_c0003,WP_Thew_17.png,WP_Thew,test,2,0,497,51,52,2652,1836,0.981,0.6923,True,False,False,False,True
WP_Thew_17__tile_r0002_c0001,WP_Thew_17.png,WP_Thew,test,1,386,267,254,241,61214,23752,1.054,0.388,False,True,False,False,True
WP_Thew_17__tile_r0002_c0002,WP_Thew_17.png,WP_Thew,test,1,361,0,84,17,1428,695,4.941,0.4867,False,False,True,False,True
WP_Thew_17__tile_r0002_c0002,WP_Thew_17.png,WP_Thew,test,2,488,0,75,37,2775,1888,2.027,0.6804,False,False,True,False,True
WP_Thew_17__tile_r0002_c0002,WP_Thew_17.png,WP_Thew,test,3,0,255,156,191,29796,14297,0.817,0.4798,True,False,False,False,True
WP_Thew_17__tile_r0002_c0002,WP_Thew_17.png,WP_Thew,test,4,0,460,32,16,512,230,2.0,0.4492,True,False,False,False,True
WP_Thew_17__tile_r0002_c0002,WP_Thew_17.png,WP_Thew,test,5,462,511,178,129,22962,8423,1.38,0.3668,False,True,False,True,True
WP_Thew_17__tile_r0002_c0002,WP_Thew_17.png,WP_Thew,test,6,261,613,113,27,3051,1996,4.185,0.6542,False,False,False,True,True
WP_Thew_17__tile_r0002_c0003,WP_Thew_17.png,WP_Thew,test,1,0,0,51,37,1887,1415,1.378,0.7499,True,False,True,False,True
WP_Thew_17__tile_r0002_c0003,WP_Thew_17.png,WP_Thew,test,2,0,472,192,159,30528,10139,1.208,0.3321,True,True,False,False,True
WP_Thew_17__tile_r0003_c0002,WP_Thew_17.png,WP_Thew,test,1,462,0,178,140,24920,8557,1.271,0.3434,False,True,True,False,True
WP_Thew_17__tile_r0003_c0002,WP_Thew_17.png,WP_Thew,test,2,259,101,174,139,24186,14098,1.252,0.5829,False,False,False,False,False
WP_Thew_17__tile_r0003_c0003,WP_Thew_17.png,WP_Thew,test,1,0,0,192,119,22848,8899,1.613,0.3895,True,True,True,False,True
DM_Wilson_03__tile_r0007_c0001,DM_Wilson_03.png,DM_Wilson,train,1,573,346,18,21,378,276,0.857,0.7302,False,False,False,False,False
DM_Wilson_03__tile_r0007_c0002,DM_Wilson_03.png,DM_Wilson,train,1,61,346,18,21,378,276,0.857,0.7302,False,False,False,False,False
DM_Wilson_03__tile_r0007_c0002,DM_Wilson_03.png,DM_Wilson,train,2,287,420,344,220,75680,35664,1.564,0.4712,False,False,False,True,True
DM_Wilson_03__tile_r0007_c0002,DM_Wilson_03.png,DM_Wilson,train,3,198,520,35,34,1190,709,1.029,0.5958,False,False,False,False,False
DM_Wilson_03__tile_r0007_c0003,DM_Wilson_03.png,DM_Wilson,train,1,0,522,119,118,14042,7740,1.008,0.5512,True,False,False,True,True
DM_Wilson_03__tile_r0008_c0002,DM_Wilson_03.png,DM_Wilson,train,1,323,0,317,293,92881,41874,1.082,0.4508,False,True,True,False,True
DM_Wilson_03__tile_r0008_c0002,DM_Wilson_03.png,DM_Wilson,train,2,198,8,35,34,1190,709,1.029,0.5958,False,False,False,False,False
DM_Wilson_03__tile_r0008_c0002,DM_Wilson_03.png,DM_Wilson,train,3,467,241,38,19,722,415,2.0,0.5748,False,False,False,False,False
DM_Wilson_03__tile_r0008_c0003,DM_Wilson_03.png,DM_Wilson,train,1,0,10,192,311,59712,31858,0.617,0.5335,True,True,False,False,True
DM_Wilson_04__tile_r0001_c0000,DM_Wilson_04.png,DM_Wilson,train,1,475,554,146,86,12556,3721,1.698,0.2964,False,False,False,True,True
DM_Wilson_04__tile_r0001_c0001,DM_Wilson_04.png,DM_Wilson,train,1,0,568,109,72,7848,3112,1.514,0.3965,True,False,False,True,True
DM_Wilson_04__tile_r0002_c0000,DM_Wilson_04.png,DM_Wilson,train,1,475,42,165,281,46365,14901,0.587,0.3214,False,True,False,False,True
DM_Wilson_04__tile_r0002_c0001,DM_Wilson_04.png,DM_Wilson,train,1,0,56,226,408,92208,34138,0.554,0.3702,True,False,False,False,True
DM_Wilson_04__tile_r0002_c0001,DM_Wilson_04.png,DM_Wilson,train,2,486,310,154,297,45738,21582,0.519,0.4719,False,True,False,False,True
DM_Wilson_04__tile_r0002_c0002,DM_Wilson_04.png,DM_Wilson,train,1,0,325,137,282,38634,18917,0.486,0.4896,True,False,False,False,True
DM_Wilson_04__tile_r0002_c0002,DM_Wilson_04.png,DM_Wilson,train,2,195,495,37,22,814,502,1.682,0.6167,False,False,False,False,False
DM_Wilson_04__tile_r0003_c0001,DM_Wilson_04.png,DM_Wilson,train,1,497,0,143,95,13585,8067,1.505,0.5938,False,True,True,False,True
DM_Wilson_04__tile_r0003_c0002,DM_Wilson_04.png,DM_Wilson,train,1,0,0,137,95,13015,7974,1.442,0.6127,True,False,True,False,True
DM_Wilson_04__tile_r0003_c0002,DM_Wilson_04.png,DM_Wilson,train,2,198,0,32,5,160,95,6.4,0.5938,False,False,True,False,True
DM_Wilson_04__tile_r0003_c0002,DM_Wilson_04.png,DM_Wilson,train,3,377,193,16,17,272,192,0.941,0.7059,False,False,False,False,False
DM_Wilson_05__tile_r0008_c0000,DM_Wilson_05.png,DM_Wilson,train,1,0,182,215,277,59555,29466,0.776,0.4948,True,False,False,False,True
DM_Wilson_05__tile_r0008_c0000,DM_Wilson_05.png,DM_Wilson,train,2,211,199,22,18,396,302,1.222,0.7626,False,False,False,False,False
DM_Wilson_05__tile_r0008_c0000,DM_Wilson_05.png,DM_Wilson,train,3,106,448,21,30,630,293,0.7,0.4651,False,False,False,False,False
DM_Wilson_05__tile_r0008_c0000,DM_Wilson_05.png,DM_Wilson,train,4,133,454,135,58,7830,1799,2.328,0.2298,False,False,False,False,False
DM_Wilson_05__tile_r0008_c0000,DM_Wilson_05.png,DM_Wilson,train,5,230,595,10,21,210,106,0.476,0.5048,False,False,False,False,False
DM_Wilson_05__tile_r0008_c0000,DM_Wilson_05.png,DM_Wilson,train,6,384,602,41,23,943,396,1.783,0.4199,False,False,False,False,False
DM_Wilson_05__tile_r0008_c0000,DM_Wilson_05.png,DM_Wilson,train,7,236,630,10,10,100,57,1.0,0.57,False,False,False,True,True
DM_Wilson_05__tile_r0009_c0000,DM_Wilson_05.png,DM_Wilson,train,1,230,83,10,21,210,106,0.476,0.5048,False,False,False,False,False
DM_Wilson_05__tile_r0009_c0000,DM_Wilson_05.png,DM_Wilson,train,2,384,90,41,23,943,396,1.783,0.4199,False,False,False,False,False
DM_Wilson_05__tile_r0009_c0000,DM_Wilson_05.png,DM_Wilson,train,3,229,118,19,21,399,167,0.905,0.4185,False,False,False,False,False
DM_Wilson_07__tile_r0007_c0002,DM_Wilson_07.png,DM_Wilson,train,1,164,206,75,93,6975,2962,0.806,0.4247,False,False,False,False,False
DM_Wilson_08__tile_r0001_c0000,DM_Wilson_08.png,DM_Wilson,train,1,165,365,22,48,1056,502,0.458,0.4754,False,False,False,False,False
DM_Wilson_08__tile_r0001_c0000,DM_Wilson_08.png,DM_Wilson,train,2,299,591,160,49,7840,4548,3.265,0.5801,False,False,False,True,True
DM_Wilson_08__tile_r0001_c0002,DM_Wilson_08.png,DM_Wilson,train,1,313,268,139,94,13066,4068,1.479,0.3113,False,False,False,False,False
DM_Wilson_08__tile_r0001_c0002,DM_Wilson_08.png,DM_Wilson,train,2,235,302,72,72,5184,1958,1.0,0.3777,False,False,False,False,False
DM_Wilson_08__tile_r0001_c0002,DM_Wilson_08.png,DM_Wilson,train,3,324,412,57,38,2166,759,1.5,0.3504,False,False,False,False,False
DM_Wilson_08__tile_r0001_c0002,DM_Wilson_08.png,DM_Wilson,train,4,504,551,65,15,975,623,4.333,0.639,False,False,False,False,False
DM_Wilson_08__tile_r0001_c0002,DM_Wilson_08.png,DM_Wilson,train,5,309,635,9,5,45,31,1.8,0.6889,False,False,False,True,True
DM_Wilson_08__tile_r0001_c0002,DM_Wilson_08.png,DM_Wilson,train,6,514,636,31,4,124,66,7.75,0.5323,False,False,False,True,True
DM_Wilson_08__tile_r0001_c0003,DM_Wilson_08.png,DM_Wilson,train,1,0,551,57,15,855,567,3.8,0.6632,True,False,False,False,True
DM_Wilson_08__tile_r0001_c0003,DM_Wilson_08.png,DM_Wilson,train,2,2,636,31,4,124,66,7.75,0.5323,False,False,False,True,True
DM_Wilson_08__tile_r0002_c0000,DM_Wilson_08.png,DM_Wilson,train,1,299,79,160,66,10560,5137,2.424,0.4865,False,False,False,False,False
DM_Wilson_08__tile_r0002_c0000,DM_Wilson_08.png,DM_Wilson,train,2,505,138,84,110,9240,5756,0.764,0.6229,False,False,False,False,False
DM_Wilson_08__tile_r0002_c0001,DM_Wilson_08.png,DM_Wilson,train,1,0,138,77,110,8470,5405,0.7,0.6381,True,False,False,False,True
DM_Wilson_08__tile_r0002_c0001,DM_Wilson_08.png,DM_Wilson,train,2,370,328,270,277,74790,53344,0.975,0.7133,False,True,False,False,True
DM_Wilson_08__tile_r0002_c0002,DM_Wilson_08.png,DM_Wilson,train,1,504,39,65,15,975,623,4.333,0.639,False,False,False,False,False
DM_Wilson_08__tile_r0002_c0002,DM_Wilson_08.png,DM_Wilson,train,2,307,123,14,35,490,255,0.4,0.5204,False,False,False,False,False
DM_Wilson_08__tile_r0002_c0002,DM_Wilson_08.png,DM_Wilson,train,3,487,124,60,34,2040,973,1.765,0.477,False,False,False,False,False
DM_Wilson_08__tile_r0002_c0002,DM_Wilson_08.png,DM_Wilson,train,4,156,134,484,356,172304,93130,1.36,0.5405,False,True,False,False,True
DM_Wilson_08__tile_r0002_c0002,DM_Wilson_08.png,DM_Wilson,train,5,0,368,241,250,60250,45220,0.964,0.7505,True,False,False,False,True
DM_Wilson_08__tile_r0002_c0002,DM_Wilson_08.png,DM_Wilson,train,6,355,437,13,20,260,184,0.65,0.7077,False,False,False,False,False
DM_Wilson_08__tile_r0002_c0003,DM_Wilson_08.png,DM_Wilson,train,1,0,39,57,15,855,567,3.8,0.6632,True,False,False,False,True
DM_Wilson_08__tile_r0002_c0003,DM_Wilson_08.png,DM_Wilson,train,2,0,124,35,15,525,290,2.333,0.5524,True,False,False,False,True
DM_Wilson_08__tile_r0002_c0003,DM_Wilson_08.png,DM_Wilson,train,3,0,142,29,16,464,219,1.812,0.472,True,False,False,False,True
DM_Wilson_08__tile_r0002_c0003,DM_Wilson_08.png,DM_Wilson,train,4,0,245,192,270,51840,39714,0.711,0.7661,True,True,False,False,True
DM_Wilson_08__tile_r0003_c0001,DM_Wilson_08.png,DM_Wilson,train,1,374,0,266,93,24738,14515,2.86,0.5867,False,True,True,False,True
DM_Wilson_08__tile_r0003_c0002,DM_Wilson_08.png,DM_Wilson,train,1,0,0,240,106,25440,19918,2.264,0.7829,True,False,True,False,True
DM_Wilson_08__tile_r0003_c0002,DM_Wilson_08.png,DM_Wilson,train,2,509,243,30,34,1020,724,0.882,0.7098,False,False,False,False,False
DM_Wilson_08__tile_r0003_c0003,DM_Wilson_08.png,DM_Wilson,train,1,187,0,5,3,15,9,1.667,0.6,False,True,True,False,True
DM_Wilson_08__tile_r0003_c0003,DM_Wilson_08.png,DM_Wilson,train,2,136,229,12,20,240,163,0.6,0.6792,False,False,False,False,False
DM_Wilson_08__tile_r0003_c0003,DM_Wilson_08.png,DM_Wilson,train,3,0,243,27,34,918,686,0.794,0.7473,True,False,False,False,True
DM_Wilson_09__tile_r0000_c0000,DM_Wilson_09.png,DM_Wilson,train,1,160,29,244,108,26352,4970,2.259,0.1886,False,False,False,False,False
DM_Wilson_09__tile_r0002_c0000,DM_Wilson_09.png,DM_Wilson,train,1,133,270,401,254,101854,54065,1.579,0.5308,False,False,False,False,False
DM_Wilson_09__tile_r0002_c0000,DM_Wilson_09.png,DM_Wilson,train,2,315,461,143,105,15015,2577,1.362,0.1716,False,False,False,False,False
DM_Wilson_09__tile_r0002_c0000,DM_Wilson_09.png,DM_Wilson,train,3,98,522,56,41,2296,1371,1.366,0.5971,False,False,False,False,False
DM_Wilson_09__tile_r0002_c0001,DM_Wilson_09.png,DM_Wilson,train,1,0,313,22,141,3102,1941,0.156,0.6257,True,False,False,False,True
DM_Wilson_09__tile_r0002_c0001,DM_Wilson_09.png,DM_Wilson,train,2,0,485,21,39,819,501,0.538,0.6117,True,False,False,False,True
DM_Wilson_09__tile_r0002_c0002,DM_Wilson_09.png,DM_Wilson,train,1,157,357,483,283,136689,87616,1.707,0.641,False,True,False,True,True
DM_Wilson_09__tile_r0002_c0002,DM_Wilson_09.png,DM_Wilson,train,2,532,356,108,44,4752,1245,2.455,0.262,False,True,False,False,True
DM_Wilson_09__tile_r0002_c0002,DM_Wilson_09.png,DM_Wilson,train,3,448,370,26,26,676,416,1.0,0.6154,False,False,False,False,False
DM_Wilson_09__tile_r0002_c0002,DM_Wilson_09.png,DM_Wilson,train,4,356,400,119,24,2856,718,4.958,0.2514,False,False,False,False,False
DM_Wilson_09__tile_r0002_c0002,DM_Wilson_09.png,DM_Wilson,train,5,497,414,78,18,1404,918,4.333,0.6538,False,False,False,False,False
DM_Wilson_09__tile_r0002_c0003,DM_Wilson_09.png,DM_Wilson,train,1,20,356,172,58,9976,2009,2.966,0.2014,False,True,False,False,True
DM_Wilson_09__tile_r0002_c0003,DM_Wilson_09.png,DM_Wilson,train,2,0,414,63,18,1134,800,3.5,0.7055,True,False,False,False,True
DM_Wilson_09__tile_r0002_c0003,DM_Wilson_09.png,DM_Wilson,train,3,0,469,192,171,32832,27319,1.123,0.8321,True,True,False,True,True
DM_Wilson_09__tile_r0003_c0000,DM_Wilson_09.png,DM_Wilson,train,1,364,0,94,54,5076,1528,1.741,0.301,False,False,True,False,True
DM_Wilson_09__tile_r0003_c0000,DM_Wilson_09.png,DM_Wilson,train,2,514,0,19,12,228,115,1.583,0.5044,False,False,True,False,True
DM_Wilson_09__tile_r0003_c0000,DM_Wilson_09.png,DM_Wilson,train,3,98,10,56,41,2296,1371,1.366,0.5971,False,False,False,False,False
DM_Wilson_09__tile_r0003_c0001,DM_Wilson_09.png,DM_Wilson,train,1,2,0,19,12,228,115,1.583,0.5044,False,False,True,False,True
DM_Wilson_09__tile_r0003_c0002,DM_Wilson_09.png,DM_Wilson,train,1,157,0,483,170,82110,57656,2.841,0.7022,False,True,True,False,True
DM_Wilson_09__tile_r0003_c0002,DM_Wilson_09.png,DM_Wilson,train,2,312,175,51,39,1989,925,1.308,0.4651,False,False,False,False,False
DM_Wilson_09__tile_r0003_c0002,DM_Wilson_09.png,DM_Wilson,train,3,518,179,82,48,3936,624,1.708,0.1585,False,False,False,False,False
DM_Wilson_09__tile_r0003_c0002,DM_Wilson_09.png,DM_Wilson,train,4,274,227,20,31,620,195,0.645,0.3145,False,False,False,False,False
DM_Wilson_09__tile_r0003_c0002,DM_Wilson_09.png,DM_Wilson,train,5,304,277,51,23,1173,418,2.217,0.3564,False,False,False,False,False
DM_Wilson_09__tile_r0003_c0002,DM_Wilson_09.png,DM_Wilson,train,6,482,376,76,39,2964,1316,1.949,0.444,False,False,False,False,False
DM_Wilson_09__tile_r0003_c0002,DM_Wilson_09.png,DM_Wilson,train,7,415,469,155,101,15655,3619,1.535,0.2312,False,False,False,False,False
DM_Wilson_09__tile_r0003_c0002,DM_Wilson_09.png,DM_Wilson,train,8,587,550,53,37,1961,604,1.432,0.308,False,True,False,False,True
DM_Wilson_09__tile_r0003_c0003,DM_Wilson_09.png,DM_Wilson,train,1,0,0,192,175,33600,31278,1.097,0.9309,True,True,True,False,True
DM_Wilson_09__tile_r0003_c0003,DM_Wilson_09.png,DM_Wilson,train,2,6,179,82,48,3936,624,1.708,0.1585,False,False,False,False,False
DM_Wilson_09__tile_r0003_c0003,DM_Wilson_09.png,DM_Wilson,train,3,0,382,46,33,1518,909,1.394,0.5988,True,False,False,False,True
DM_Wilson_09__tile_r0003_c0003,DM_Wilson_09.png,DM_Wilson,train,4,0,507,34,18,612,282,1.889,0.4608,True,False,False,False,True
DM_Wilson_09__tile_r0003_c0003,DM_Wilson_09.png,DM_Wilson,train,5,0,548,58,22,1276,369,2.636,0.2892,True,False,False,False,True
DM_Wilson_09__tile_r0003_c0003,DM_Wilson_09.png,DM_Wilson,train,6,75,550,80,50,4000,884,1.6,0.221,False,False,False,False,False
DM_Wilson_09__tile_r0004_c0002,DM_Wilson_09.png,DM_Wilson,train,1,446,0,124,58,7192,1647,2.138,0.229,False,False,True,False,True
DM_Wilson_09__tile_r0004_c0002,DM_Wilson_09.png,DM_Wilson,train,2,587,38,53,37,1961,604,1.432,0.308,False,True,False,False,True
DM_Wilson_09__tile_r0004_c0003,DM_Wilson_09.png,DM_Wilson,train,1,0,0,34,13,442,241,2.615,0.5452,True,False,True,False,True
DM_Wilson_09__tile_r0004_c0003,DM_Wilson_09.png,DM_Wilson,train,2,0,36,58,22,1276,369,2.636,0.2892,True,False,False,False,True
DM_Wilson_09__tile_r0004_c0003,DM_Wilson_09.png,DM_Wilson,train,3,75,38,80,50,4000,884,1.6,0.221,False,False,False,False,False
DM_Wilson_10__tile_r0001_c0000,DM_Wilson_10.png,DM_Wilson,train,1,449,528,121,112,13552,7240,1.08,0.5342,False,False,False,True,True
DM_Wilson_10__tile_r0001_c0000,DM_Wilson_10.png,DM_Wilson,train,2,314,600,72,40,2880,1044,1.8,0.3625,False,False,False,True,True
DM_Wilson_10__tile_r0001_c0001,DM_Wilson_10.png,DM_Wilson,train,1,372,260,268,241,64588,49626,1.112,0.7683,False,True,False,False,True
DM_Wilson_10__tile_r0001_c0001,DM_Wilson_10.png,DM_Wilson,train,2,0,528,58,112,6496,3641,0.518,0.5605,True,False,False,True,True
DM_Wilson_10__tile_r0001_c0002,DM_Wilson_10.png,DM_Wilson,train,1,0,247,230,225,51750,40482,1.022,0.7823,True,False,False,False,True
DM_Wilson_10__tile_r0001_c0002,DM_Wilson_10.png,DM_Wilson,train,2,384,284,45,43,1935,817,1.047,0.4222,False,False,False,False,False
DM_Wilson_10__tile_r0001_c0002,DM_Wilson_10.png,DM_Wilson,train,3,604,328,36,18,648,215,2.0,0.3318,False,True,False,False,True
DM_Wilson_10__tile_r0001_c0002,DM_Wilson_10.png,DM_Wilson,train,4,288,337,37,37,1369,526,1.0,0.3842,False,False,False,False,False
DM_Wilson_10__tile_r0001_c0002,DM_Wilson_10.png,DM_Wilson,train,5,157,341,483,299,144417,90269,1.615,0.6251,False,True,False,True,True
DM_Wilson_10__tile_r0001_c0003,DM_Wilson_10.png,DM_Wilson,train,1,92,318,80,28,2240,518,2.857,0.2313,False,False,False,False,False
DM_Wilson_10__tile_r0001_c0003,DM_Wilson_10.png,DM_Wilson,train,2,0,322,192,249,47808,37614,0.771,0.7868,True,True,False,False,True
DM_Wilson_10__tile_r0002_c0000,DM_Wilson_10.png,DM_Wilson,train,1,443,16,134,176,23584,13317,0.761,0.5647,False,False,False,False,False
DM_Wilson_10__tile_r0002_c0000,DM_Wilson_10.png,DM_Wilson,train,2,178,88,229,167,38243,11369,1.371,0.2973,False,False,False,False,False
DM_Wilson_10__tile_r0002_c0001,DM_Wilson_10.png,DM_Wilson,train,1,0,16,65,176,11440,6377,0.369,0.5574,True,False,False,False,True
DM_Wilson_10__tile_r0002_c0002,DM_Wilson_10.png,DM_Wilson,train,1,157,0,483,169,81627,42492,2.858,0.5206,False,True,True,False,True
DM_Wilson_10__tile_r0002_c0002,DM_Wilson_10.png,DM_Wilson,train,2,292,140,57,23,1311,594,2.478,0.4531,False,False,False,False,False
DM_Wilson_10__tile_r0002_c0002,DM_Wilson_10.png,DM_Wilson,train,3,374,143,28,23,644,381,1.217,0.5916,False,False,False,False,False
DM_Wilson_10__tile_r0002_c0002,DM_Wilson_10.png,DM_Wilson,train,4,389,296,33,36,1188,862,0.917,0.7256,False,False,False,False,False
DM_Wilson_10__tile_r0002_c0003,DM_Wilson_10.png,DM_Wilson,train,1,0,0,192,59,11328,6414,3.254,0.5662,True,True,True,False,True
DM_Wilson_11__tile_r0001_c0001,DM_Wilson_11.png,DM_Wilson,train,1,563,434,77,78,6006,2558,0.987,0.4259,False,True,False,False,True
DM_Wilson_11__tile_r0001_c0001,DM_Wilson_11.png,DM_Wilson,train,2,368,502,208,138,28704,22124,1.507,0.7708,False,False,False,True,True
DM_Wilson_11__tile_r0001_c0002,DM_Wilson_11.png,DM_Wilson,train,1,377,373,33,34,1122,951,0.971,0.8476,False,False,False,False,False
DM_Wilson_11__tile_r0001_c0002,DM_Wilson_11.png,DM_Wilson,train,2,51,434,187,78,14586,5924,2.397,0.4061,False,False,False,False,False
DM_Wilson_11__tile_r0001_c0002,DM_Wilson_11.png,DM_Wilson,train,3,0,511,64,103,6592,3810,0.621,0.578,True,False,False,False,True
DM_Wilson_11__tile_r0001_c0002,DM_Wilson_11.png,DM_Wilson,train,4,315,515,325,125,40625,20086,2.6,0.4944,False,True,False,True,True
DM_Wilson_11__tile_r0001_c0002,DM_Wilson_11.png,DM_Wilson,train,5,416,540,27,32,864,359,0.844,0.4155,False,False,False,False,False
DM_Wilson_11__tile_r0001_c0002,DM_Wilson_11.png,DM_Wilson,train,6,485,542,22,26,572,227,0.846,0.3969,False,False,False,False,False
DM_Wilson_11__tile_r0001_c0003,DM_Wilson_11.png,DM_Wilson,train,1,0,494,192,146,28032,21184,1.315,0.7557,True,True,False,True,True
DM_Wilson_11__tile_r0002_c0000,DM_Wilson_11.png,DM_Wilson,train,1,265,242,290,268,77720,37305,1.082,0.48,False,False,False,False,False
DM_Wilson_11__tile_r0002_c0001,DM_Wilson_11.png,DM_Wilson,train,1,369,0,207,155,32085,22349,1.335,0.6966,False,False,True,False,True
DM_Wilson_11__tile_r0002_c0001,DM_Wilson_11.png,DM_Wilson,train,2,0,242,43,224,9632,4652,0.192,0.483,True,False,False,False,True
DM_Wilson_11__tile_r0002_c0002,DM_Wilson_11.png,DM_Wilson,train,1,0,0,64,102,6528,3808,0.627,0.5833,True,False,True,False,True
DM_Wilson_11__tile_r0002_c0002,DM_Wilson_11.png,DM_Wilson,train,2,175,3,465,405,188325,88957,1.148,0.4724,False,True,False,False,True
DM_Wilson_11__tile_r0002_c0002,DM_Wilson_11.png,DM_Wilson,train,3,416,28,27,32,864,359,0.844,0.4155,False,False,False,False,False
DM_Wilson_11__tile_r0002_c0002,DM_Wilson_11.png,DM_Wilson,train,4,485,30,22,26,572,227,0.846,0.3969,False,False,False,False,False
DM_Wilson_11__tile_r0002_c0003,DM_Wilson_11.png,DM_Wilson,train,1,0,0,192,267,51264,40317,0.719,0.7865,True,True,True,False,True
DM_Wilson_11__tile_r0002_c0003,DM_Wilson_11.png,DM_Wilson,train,2,128,312,64,15,960,338,4.267,0.3521,False,True,False,False,True
DM_Wilson_12__tile_r0000_c0002,DM_Wilson_12.png,DM_Wilson,train,1,540,406,27,34,918,503,0.794,0.5479,False,False,False,False,False
DM_Wilson_12__tile_r0000_c0003,DM_Wilson_12.png,DM_Wilson,train,1,28,406,27,34,918,503,0.794,0.5479,False,False,False,False,False
DM_Wilson_12__tile_r0001_c0002,DM_Wilson_12.png,DM_Wilson,train,1,312,272,41,44,1804,954,0.932,0.5288,False,False,False,False,False
DM_Wilson_12__tile_r0001_c0002,DM_Wilson_12.png,DM_Wilson,train,2,303,285,337,355,119635,74667,0.949,0.6241,False,True,False,True,True
DM_Wilson_12__tile_r0001_c0003,DM_Wilson_12.png,DM_Wilson,train,1,0,285,183,355,64965,42096,0.515,0.648,True,False,False,True,True
DM_Wilson_12__tile_r0002_c0002,DM_Wilson_12.png,DM_Wilson,train,1,157,0,483,640,309120,157082,0.755,0.5082,False,True,True,True,True
DM_Wilson_12__tile_r0002_c0002,DM_Wilson_12.png,DM_Wilson,train,2,449,555,38,85,3230,754,0.447,0.2334,False,False,False,True,True
DM_Wilson_12__tile_r0002_c0003,DM_Wilson_12.png,DM_Wilson,train,1,0,0,130,262,34060,16866,0.496,0.4952,True,False,True,False,True
DM_Wilson_12__tile_r0003_c0000,DM_Wilson_12.png,DM_Wilson,train,1,330,525,42,19,798,332,2.211,0.416,False,False,False,False,False
DM_Wilson_12__tile_r0003_c0001,DM_Wilson_12.png,DM_Wilson,train,1,622,171,18,78,1404,689,0.231,0.4907,False,True,False,False,True
DM_Wilson_12__tile_r0003_c0002,DM_Wilson_12.png,DM_Wilson,train,1,110,0,266,249,66234,36715,1.068,0.5543,False,False,True,False,True
DM_Wilson_12__tile_r0003_c0002,DM_Wilson_12.png,DM_Wilson,train,2,383,43,104,228,23712,2232,0.456,0.0941,False,False,False,False,False
DM_Wilson_12__tile_r0003_c0002,DM_Wilson_12.png,DM_Wilson,train,3,316,160,37,80,2960,1177,0.463,0.3976,False,False,False,False,False
DM_Wilson_12__tile_r0003_c0002,DM_Wilson_12.png,DM_Wilson,train,4,309,312,44,68,2992,688,0.647,0.2299,False,False,False,False,False
DM_Wilson_12__tile_r0004_c0000,DM_Wilson_12.png,DM_Wilson,train,1,330,13,42,19,798,332,2.211,0.416,False,False,False,False,False
DM_Wilson_13__tile_r0001_c0002,DM_Wilson_13.png,DM_Wilson,train,1,592,544,48,39,1872,632,1.231,0.3376,False,True,False,False,True
DM_Wilson_13__tile_r0001_c0002,DM_Wilson_13.png,DM_Wilson,train,2,467,562,43,26,1118,464,1.654,0.415,False,False,False,False,False
DM_Wilson_13__tile_r0001_c0002,DM_Wilson_13.png,DM_Wilson,train,3,547,603,93,37,3441,2190,2.514,0.6364,False,True,False,True,True
DM_Wilson_13__tile_r0001_c0002,DM_Wilson_13.png,DM_Wilson,train,4,501,614,29,26,754,478,1.115,0.634,False,False,False,True,True
DM_Wilson_13__tile_r0001_c0003,DM_Wilson_13.png,DM_Wilson,train,1,80,544,57,42,2394,705,1.357,0.2945,False,False,False,False,False
DM_Wilson_13__tile_r0001_c0003,DM_Wilson_13.png,DM_Wilson,train,2,35,563,156,77,12012,4433,2.026,0.369,False,False,False,True,True
DM_Wilson_13__tile_r0001_c0003,DM_Wilson_13.png,DM_Wilson,train,3,0,614,18,26,468,356,0.692,0.7607,True,False,False,True,True
DM_Wilson_13__tile_r0002_c0000,DM_Wilson_13.png,DM_Wilson,train,1,410,513,27,34,918,571,0.794,0.622,False,False,False,False,False
DM_Wilson_13__tile_r0002_c0002,DM_Wilson_13.png,DM_Wilson,train,1,592,32,48,39,1872,632,1.231,0.3376,False,True,False,False,True
DM_Wilson_13__tile_r0002_c0002,DM_Wilson_13.png,DM_Wilson,train,2,467,50,43,26,1118,464,1.654,0.415,False,False,False,False,False
DM_Wilson_13__tile_r0002_c0002,DM_Wilson_13.png,DM_Wilson,train,3,247,91,393,549,215757,130755,0.716,0.606,False,True,False,True,True
DM_Wilson_13__tile_r0002_c0003,DM_Wilson_13.png,DM_Wilson,train,1,80,32,57,42,2394,705,1.357,0.2945,False,False,False,False,False
DM_Wilson_13__tile_r0002_c0003,DM_Wilson_13.png,DM_Wilson,train,2,0,51,192,589,113088,67949,0.326,0.6009,True,True,False,True,True
DM_Wilson_13__tile_r0002_c0003,DM_Wilson_13.png,DM_Wilson,train,3,0,102,18,41,738,424,0.439,0.5745,True,False,False,False,True
DM_Wilson_13__tile_r0002_c0003,DM_Wilson_13.png,DM_Wilson,train,4,164,629,7,11,77,35,0.636,0.4545,False,False,False,True,True
DM_Wilson_13__tile_r0003_c0000,DM_Wilson_13.png,DM_Wilson,train,1,410,1,27,34,918,571,0.794,0.622,False,False,False,False,False
DM_Wilson_13__tile_r0003_c0002,DM_Wilson_13.png,DM_Wilson,train,1,181,0,406,589,239134,116767,0.689,0.4883,False,False,True,False,True
DM_Wilson_13__tile_r0003_c0002,DM_Wilson_13.png,DM_Wilson,train,2,470,563,50,43,2150,1202,1.163,0.5591,False,False,False,False,False
DM_Wilson_13__tile_r0003_c0002,DM_Wilson_13.png,DM_Wilson,train,3,472,588,58,52,3016,699,1.115,0.2318,False,False,False,True,True
DM_Wilson_13__tile_r0003_c0003,DM_Wilson_13.png,DM_Wilson,train,1,0,0,75,149,11175,5529,0.503,0.4948,True,False,True,False,True
DM_Wilson_13__tile_r0003_c0003,DM_Wilson_13.png,DM_Wilson,train,2,141,117,30,70,2100,629,0.429,0.2995,False,False,False,False,False
DM_Wilson_13__tile_r0003_c0003,DM_Wilson_13.png,DM_Wilson,train,3,0,576,8,18,144,83,0.444,0.5764,True,False,False,False,True
DM_Wilson_13__tile_r0003_c0003,DM_Wilson_13.png,DM_Wilson,train,4,0,588,18,26,468,247,0.692,0.5278,True,False,False,False,True
DM_Wilson_13__tile_r0004_c0002,DM_Wilson_13.png,DM_Wilson,train,1,191,0,107,77,8239,2739,1.39,0.3324,False,False,True,False,True
DM_Wilson_13__tile_r0004_c0002,DM_Wilson_13.png,DM_Wilson,train,2,470,51,50,43,2150,1202,1.163,0.5591,False,False,False,False,False
DM_Wilson_13__tile_r0004_c0002,DM_Wilson_13.png,DM_Wilson,train,3,469,76,61,61,3721,872,1.0,0.2343,False,False,False,False,False
DM_Wilson_13__tile_r0004_c0003,DM_Wilson_13.png,DM_Wilson,train,1,0,64,8,18,144,83,0.444,0.5764,True,False,False,False,True
DM_Wilson_13__tile_r0004_c0003,DM_Wilson_13.png,DM_Wilson,train,2,0,76,18,26,468,247,0.692,0.5278,True,False,False,False,True
DM_Wilson_14__tile_r0001_c0000,DM_Wilson_14.png,DM_Wilson,train,1,158,146,40,40,1600,828,1.0,0.5175,False,False,False,False,False
DM_Wilson_14__tile_r0001_c0000,DM_Wilson_14.png,DM_Wilson,train,2,348,537,60,62,3720,1373,0.968,0.3691,False,False,False,False,False
DM_Wilson_14__tile_r0001_c0002,DM_Wilson_14.png,DM_Wilson,train,1,170,377,187,263,49181,20843,0.711,0.4238,False,False,False,True,True
DM_Wilson_14__tile_r0002_c0000,DM_Wilson_14.png,DM_Wilson,train,1,348,25,60,62,3720,1373,0.968,0.3691,False,False,False,False,False
DM_Wilson_14__tile_r0002_c0002,DM_Wilson_14.png,DM_Wilson,train,1,170,0,470,640,300800,151954,0.734,0.5052,False,True,True,True,True
DM_Wilson_14__tile_r0002_c0002,DM_Wilson_14.png,DM_Wilson,train,2,254,537,42,49,2058,1049,0.857,0.5097,False,False,False,False,False
DM_Wilson_14__tile_r0002_c0002,DM_Wilson_14.png,DM_Wilson,train,3,300,639,1,1,1,1,1.0,1.0,False,False,False,True,True
DM_Wilson_14__tile_r0002_c0003,DM_Wilson_14.png,DM_Wilson,train,1,0,384,151,256,38656,19746,0.59,0.5108,True,False,False,True,True
DM_Wilson_14__tile_r0003_c0002,DM_Wilson_14.png,DM_Wilson,train,1,280,0,360,302,108720,66906,1.192,0.6154,False,True,True,False,True
DM_Wilson_14__tile_r0003_c0002,DM_Wilson_14.png,DM_Wilson,train,2,254,25,42,49,2058,1049,0.857,0.5097,False,False,False,False,False
DM_Wilson_14__tile_r0003_c0002,DM_Wilson_14.png,DM_Wilson,train,3,300,127,38,145,5510,1451,0.262,0.2633,False,False,False,False,False
DM_Wilson_14__tile_r0003_c0002,DM_Wilson_14.png,DM_Wilson,train,4,380,151,30,73,2190,761,0.411,0.3475,False,False,False,False,False
DM_Wilson_14__tile_r0003_c0002,DM_Wilson_14.png,DM_Wilson,train,5,572,293,29,58,1682,807,0.5,0.4798,False,False,False,False,False
DM_Wilson_14__tile_r0003_c0002,DM_Wilson_14.png,DM_Wilson,train,6,614,323,26,40,1040,576,0.65,0.5538,False,True,False,False,True
DM_Wilson_14__tile_r0003_c0003,DM_Wilson_14.png,DM_Wilson,train,1,0,0,184,307,56488,39377,0.599,0.6971,True,False,True,False,True
DM_Wilson_14__tile_r0003_c0003,DM_Wilson_14.png,DM_Wilson,train,2,60,293,29,58,1682,807,0.5,0.4798,False,False,False,False,False
DM_Wilson_14__tile_r0003_c0003,DM_Wilson_14.png,DM_Wilson,train,3,132,315,57,51,2907,774,1.118,0.2663,False,False,False,False,False
DM_Wilson_14__tile_r0003_c0003,DM_Wilson_14.png,DM_Wilson,train,4,102,323,89,73,6497,2179,1.219,0.3354,False,False,False,False,False
DM_Wilson_14__tile_r0004_c0002,DM_Wilson_14.png,DM_Wilson,train,1,415,162,25,26,650,415,0.962,0.6385,False,False,False,False,False
DM_Wilson_15__tile_r0000_c0002,DM_Wilson_15.png,DM_Wilson,train,1,389,98,15,22,330,175,0.682,0.5303,False,False,False,False,False
DM_Wilson_15__tile_r0000_c0002,DM_Wilson_15.png,DM_Wilson,train,2,467,364,20,19,380,242,1.053,0.6368,False,False,False,False,False
DM_Wilson_15__tile_r0001_c0000,DM_Wilson_15.png,DM_Wilson,train,1,423,137,33,49,1617,556,0.673,0.3438,False,False,False,False,False
DM_Wilson_15__tile_r0001_c0002,DM_Wilson_15.png,DM_Wilson,train,1,143,392,185,248,45880,15373,0.746,0.3351,False,False,False,True,True
DM_Wilson_15__tile_r0001_c0002,DM_Wilson_15.png,DM_Wilson,train,2,516,466,19,43,817,322,0.442,0.3941,False,False,False,False,False
DM_Wilson_15__tile_r0001_c0003,DM_Wilson_15.png,DM_Wilson,train,1,4,466,19,43,817,322,0.442,0.3941,False,False,False,False,False
DM_Wilson_15__tile_r0002_c0002,DM_Wilson_15.png,DM_Wilson,train,1,143,0,486,640,311040,141857,0.759,0.4561,False,False,True,True,True
DM_Wilson_15__tile_r0002_c0002,DM_Wilson_15.png,DM_Wilson,train,2,454,162,9,40,360,217,0.225,0.6028,False,False,False,False,False
DM_Wilson_15__tile_r0002_c0002,DM_Wilson_15.png,DM_Wilson,train,3,576,309,64,31,1984,1236,2.065,0.623,False,True,False,False,True
DM_Wilson_15__tile_r0002_c0003,DM_Wilson_15.png,DM_Wilson,train,1,64,309,69,32,2208,1288,2.156,0.5833,False,False,False,False,False
DM_Wilson_15__tile_r0002_c0003,DM_Wilson_15.png,DM_Wilson,train,2,0,429,117,211,24687,11920,0.555,0.4828,True,False,False,True,True
DM_Wilson_15__tile_r0003_c0002,DM_Wilson_15.png,DM_Wilson,train,1,280,0,360,511,183960,111850,0.705,0.608,False,True,True,False,True
DM_Wilson_15__tile_r0003_c0003,DM_Wilson_15.png,DM_Wilson,train,1,0,0,192,551,105792,75902,0.348,0.7175,True,True,True,False,True
DM_Wilson_15__tile_r0004_c0003,DM_Wilson_15.png,DM_Wilson,train,1,129,0,62,39,2418,1406,1.59,0.5815,False,False,True,False,True
DM_Wilson_21__tile_r0000_c0002,DM_Wilson_21.png,DM_Wilson,train,1,414,75,39,41,1599,393,0.951,0.2458,False,False,False,False,False
DR_Hanna_02__tile_r0001_c0000,DR_Hanna_02.png,DR_Hanna,train,1,0,513,162,87,14094,9539,1.862,0.6768,True,False,False,False,True
DR_Hanna_02__tile_r0002_c0000,DR_Hanna_02.png,DR_Hanna,train,1,0,1,162,87,14094,9539,1.862,0.6768,True,False,False,False,True
DR_Hanna_03__tile_r0002_c0001,DR_Hanna_03.png,DR_Hanna,train,1,532,141,108,95,10260,5365,1.137,0.5229,False,True,False,False,True
DR_Hanna_03__tile_r0002_c0001,DR_Hanna_03.png,DR_Hanna,train,2,577,232,41,52,2132,605,0.788,0.2838,False,False,False,False,False
DR_Hanna_03__tile_r0002_c0002,DR_Hanna_03.png,DR_Hanna,train,1,20,141,620,327,202740,56012,1.896,0.2763,False,True,False,False,True
DR_Hanna_03__tile_r0002_c0002,DR_Hanna_03.png,DR_Hanna,train,2,65,232,41,52,2132,605,0.788,0.2838,False,False,False,False,False
DR_Hanna_03__tile_r0002_c0003,DR_Hanna_03.png,DR_Hanna,train,1,0,324,192,157,30144,17636,1.223,0.5851,True,True,False,False,True
DR_Hanna_04__tile_r0001_c0000,DR_Hanna_04.png,DR_Hanna,train,1,489,277,151,82,12382,7692,1.841,0.6212,False,True,False,False,True
DR_Hanna_04__tile_r0001_c0001,DR_Hanna_04.png,DR_Hanna,train,1,0,277,221,113,24973,14151,1.956,0.5667,True,False,False,False,True
DR_Hanna_04__tile_r0001_c0001,DR_Hanna_04.png,DR_Hanna,train,2,485,328,155,143,22165,12676,1.084,0.5719,False,True,False,False,True
DR_Hanna_04__tile_r0001_c0002,DR_Hanna_04.png,DR_Hanna,train,1,0,337,435,180,78300,24390,2.417,0.3115,True,False,False,False,True
DR_Hanna_04__tile_r0002_c0002,DR_Hanna_04.png,DR_Hanna,train,1,348,0,45,5,225,159,9.0,0.7067,False,False,True,False,True
DR_Hanna_05__tile_r0002_c0000,DR_Hanna_05.png,DR_Hanna,train,1,1,151,581,285,165585,45992,2.039,0.2778,False,False,False,False,False
DR_Hanna_05__tile_r0002_c0001,DR_Hanna_05.png,DR_Hanna,train,1,0,358,70,78,5460,3276,0.897,0.6,True,False,False,False,True
EB_Allen_06__tile_r0000_c0000,EB_Allen_06.png,EB_Allen,train,1,298,614,57,26,1482,608,2.192,0.4103,False,False,False,True,True
EB_Allen_06__tile_r0001_c0000,EB_Allen_06.png,EB_Allen,train,1,197,102,259,538,139342,116119,0.481,0.8333,False,False,False,True,True
EB_Allen_06__tile_r0001_c0000,EB_Allen_06.png,EB_Allen,train,2,529,408,62,50,3100,932,1.24,0.3006,False,False,False,False,False
EB_Allen_06__tile_r0001_c0000,EB_Allen_06.png,EB_Allen,train,3,459,557,37,63,2331,848,0.587,0.3638,False,False,False,False,False
EB_Allen_06__tile_r0001_c0001,EB_Allen_06.png,EB_Allen,train,1,17,408,62,50,3100,932,1.24,0.3006,False,False,False,False,False
EB_Allen_06__tile_r0002_c0000,EB_Allen_06.png,EB_Allen,train,1,207,0,433,453,196149,84234,0.956,0.4294,False,True,True,False,True
EB_Allen_06__tile_r0002_c0000,EB_Allen_06.png,EB_Allen,train,2,459,45,37,63,2331,848,0.587,0.3638,False,False,False,False,False
EB_Allen_06__tile_r0002_c0000,EB_Allen_06.png,EB_Allen,train,3,497,218,86,185,15910,2181,0.465,0.1371,False,False,False,False,False
EB_Allen_06__tile_r0002_c0000,EB_Allen_06.png,EB_Allen,train,4,534,241,17,20,340,208,0.85,0.6118,False,False,False,False,False
EB_Allen_06__tile_r0002_c0000,EB_Allen_06.png,EB_Allen,train,5,253,404,163,83,13529,5708,1.964,0.4219,False,False,False,False,False
EB_Allen_06__tile_r0002_c0001,EB_Allen_06.png,EB_Allen,train,1,22,241,17,20,340,208,0.85,0.6118,False,False,False,False,False
EB_Allen_06__tile_r0002_c0001,EB_Allen_06.png,EB_Allen,train,2,0,242,71,161,11431,1901,0.441,0.1663,True,False,False,False,True
EB_Allen_06__tile_r0002_c0001,EB_Allen_06.png,EB_Allen,train,3,0,411,136,42,5712,1423,3.238,0.2491,True,False,False,False,True
EB_Allen_07__tile_r0000_c0000,EB_Allen_07.png,EB_Allen,train,1,85,459,398,106,42188,5711,3.755,0.1354,False,False,False,False,False
EB_Allen_07__tile_r0000_c0000,EB_Allen_07.png,EB_Allen,train,2,405,468,27,37,999,720,0.73,0.7207,False,False,False,False,False
EB_Allen_07__tile_r0000_c0000,EB_Allen_07.png,EB_Allen,train,3,402,507,187,133,24871,7970,1.406,0.3205,False,False,False,True,True
EB_Allen_07__tile_r0000_c0000,EB_Allen_07.png,EB_Allen,train,4,213,533,42,70,2940,1382,0.6,0.4701,False,False,False,False,False
EB_Allen_07__tile_r0000_c0001,EB_Allen_07.png,EB_Allen,train,1,0,557,6,11,66,44,0.545,0.6667,True,False,False,False,True
EB_Allen_07__tile_r0000_c0001,EB_Allen_07.png,EB_Allen,train,2,0,557,39,23,897,517,1.696,0.5764,True,False,False,False,True
EB_Allen_07__tile_r0000_c0001,EB_Allen_07.png,EB_Allen,train,3,0,583,77,57,4389,2651,1.351,0.604,True,False,False,True,True
EB_Allen_07__tile_r0001_c0000,EB_Allen_07.png,EB_Allen,train,1,250,0,233,53,12349,2763,4.396,0.2237,False,False,True,False,True
EB_Allen_07__tile_r0001_c0000,EB_Allen_07.png,EB_Allen,train,2,361,0,279,640,178560,130541,0.436,0.7311,False,True,True,True,True
EB_Allen_07__tile_r0001_c0000,EB_Allen_07.png,EB_Allen,train,3,213,21,42,70,2940,1382,0.6,0.4701,False,False,False,False,False
EB_Allen_07__tile_r0001_c0001,EB_Allen_07.png,EB_Allen,train,1,0,45,6,11,66,44,0.545,0.6667,True,False,False,False,True
EB_Allen_07__tile_r0001_c0001,EB_Allen_07.png,EB_Allen,train,2,0,45,39,23,897,517,1.696,0.5764,True,False,False,False,True
EB_Allen_07__tile_r0001_c0001,EB_Allen_07.png,EB_Allen,train,3,0,71,145,569,82505,60745,0.255,0.7363,True,False,False,True,True
EB_Allen_07__tile_r0002_c0000,EB_Allen_07.png,EB_Allen,train,1,348,0,277,359,99443,73900,0.772,0.7431,False,False,True,False,True
EB_Allen_07__tile_r0002_c0000,EB_Allen_07.png,EB_Allen,train,2,130,187,50,38,1900,959,1.316,0.5047,False,False,False,False,False
EB_Allen_07__tile_r0002_c0001,EB_Allen_07.png,EB_Allen,train,1,0,0,113,311,35143,30944,0.363,0.8805,True,False,True,False,True
EB_Allen_08__tile_r0000_c0001,EB_Allen_08.png,EB_Allen,train,1,521,598,17,42,714,589,0.405,0.8249,False,False,False,True,True
EB_Allen_08__tile_r0000_c0002,EB_Allen_08.png,EB_Allen,train,1,9,598,17,42,714,589,0.405,0.8249,False,False,False,True,True
EB_Allen_08__tile_r0001_c0001,EB_Allen_08.png,EB_Allen,train,1,460,86,87,495,43065,9339,0.176,0.2169,False,False,False,False,False
EB_Allen_08__tile_r0001_c0002,EB_Allen_08.png,EB_Allen,train,1,0,86,35,494,17290,8092,0.071,0.468,True,False,False,False,True
EB_Allen_08__tile_r0002_c0001,EB_Allen_08.png,EB_Allen,train,1,460,0,87,69,6003,2683,1.261,0.4469,False,False,True,False,True
EB_Allen_08__tile_r0002_c0002,EB_Allen_08.png,EB_Allen,train,1,0,0,35,68,2380,1436,0.515,0.6034,True,False,True,False,True
EB_Allen_16__tile_r0000_c0000,EB_Allen_16.png,EB_Allen,train,1,64,541,171,99,16929,8067,1.727,0.4765,False,False,False,True,True
EB_Allen_16__tile_r0001_c0000,EB_Allen_16.png,EB_Allen,train,1,42,29,295,611,180245,122444,0.483,0.6793,False,False,False,True,True
EB_Allen_16__tile_r0001_c0000,EB_Allen_16.png,EB_Allen,train,2,307,343,30,45,1350,281,0.667,0.2081,False,False,False,False,False
EB_Allen_16__tile_r0001_c0000,EB_Allen_16.png,EB_Allen,train,3,48,443,11,26,286,207,0.423,0.7238,False,False,False,False,False
EB_Allen_16__tile_r0002_c0000,EB_Allen_16.png,EB_Allen,train,1,61,0,310,387,119970,67034,0.801,0.5588,False,False,True,False,True
EB_Allen_17__tile_r0000_c0000,EB_Allen_17.png,EB_Allen,train,1,78,545,256,95,24320,4772,2.695,0.1962,False,False,False,True,True
EB_Allen_17__tile_r0000_c0000,EB_Allen_17.png,EB_Allen,train,2,59,579,33,61,2013,654,0.541,0.3249,False,False,False,True,True
EB_Allen_17__tile_r0000_c0000,EB_Allen_17.png,EB_Allen,train,3,330,623,47,17,799,465,2.765,0.582,False,False,False,True,True
EB_Allen_17__tile_r0001_c0000,EB_Allen_17.png,EB_Allen,train,1,78,33,357,607,216699,112909,0.588,0.521,False,False,False,True,True
EB_Allen_17__tile_r0001_c0000,EB_Allen_17.png,EB_Allen,train,2,59,67,44,96,4224,983,0.458,0.2327,False,False,False,False,False
EB_Allen_17__tile_r0002_c0000,EB_Allen_17.png,EB_Allen,train,1,185,0,226,392,88592,71732,0.577,0.8097,False,False,True,False,True
EB_Allen_18__tile_r0000_c0001,EB_Allen_18.png,EB_Allen,train,1,614,567,26,73,1898,1661,0.356,0.8751,False,True,False,True,True
EB_Allen_18__tile_r0000_c0002,EB_Allen_18.png,EB_Allen,train,1,102,520,217,120,26040,13852,1.808,0.532,False,False,False,True,True
EB_Allen_18__tile_r0001_c0001,EB_Allen_18.png,EB_Allen,train,1,556,55,84,585,49140,18782,0.144,0.3822,False,True,False,True,True
EB_Allen_18__tile_r0001_c0002,EB_Allen_18.png,EB_Allen,train,1,44,8,305,632,192760,134792,0.483,0.6993,False,False,False,True,True
EB_Allen_18__tile_r0002_c0001,EB_Allen_18.png,EB_Allen,train,1,556,0,84,189,15876,4425,0.444,0.2787,False,True,True,False,True
EB_Allen_18__tile_r0002_c0002,EB_Allen_18.png,EB_Allen,train,1,44,0,305,321,97905,56828,0.95,0.5804,False,False,True,False,True
EB_Allen_21__tile_r0000_c0001,EB_Allen_21.png,EB_Allen,train,1,356,381,227,259,58793,33091,0.876,0.5628,False,False,False,True,True
EB_Allen_21__tile_r0000_c0002,EB_Allen_21.png,EB_Allen,train,1,458,353,182,45,8190,2390,4.044,0.2918,False,True,False,False,True
EB_Allen_21__tile_r0000_c0002,EB_Allen_21.png,EB_Allen,train,2,605,401,35,78,2730,996,0.449,0.3648,False,True,False,False,True
EB_Allen_21__tile_r0000_c0002,EB_Allen_21.png,EB_Allen,train,3,0,423,52,32,1664,953,1.625,0.5727,True,False,False,False,True
EB_Allen_21__tile_r0000_c0002,EB_Allen_21.png,EB_Allen,train,4,0,497,71,143,10153,6901,0.497,0.6797,True,False,False,True,True
EB_Allen_21__tile_r0000_c0003,EB_Allen_21.png,EB_Allen,train,1,0,358,192,54,10368,3047,3.556,0.2939,True,True,False,False,True
EB_Allen_21__tile_r0000_c0003,EB_Allen_21.png,EB_Allen,train,2,93,401,99,227,22473,3112,0.436,0.1385,False,True,False,False,True
EB_Allen_21__tile_r0000_c0003,EB_Allen_21.png,EB_Allen,train,3,144,564,14,57,798,351,0.246,0.4398,False,False,False,False,False
EB_Allen_21__tile_r0001_c0001,EB_Allen_21.png,EB_Allen,train,1,355,0,260,640,166400,141897,0.406,0.8527,False,False,True,True,True
EB_Allen_21__tile_r0001_c0002,EB_Allen_21.png,EB_Allen,train,1,0,0,103,640,65920,53110,0.161,0.8057,True,False,True,True,True
EB_Allen_21__tile_r0001_c0002,EB_Allen_21.png,EB_Allen,train,2,587,346,53,51,2703,859,1.039,0.3178,False,True,False,False,True
EB_Allen_21__tile_r0001_c0003,EB_Allen_21.png,EB_Allen,train,1,145,0,47,116,5452,1390,0.405,0.255,False,True,True,False,True
EB_Allen_21__tile_r0001_c0003,EB_Allen_21.png,EB_Allen,train,2,144,52,14,57,798,351,0.246,0.4398,False,False,False,False,False
EB_Allen_21__tile_r0001_c0003,EB_Allen_21.png,EB_Allen,train,3,75,346,65,56,3640,965,1.161,0.2651,False,False,False,False,False
EB_Allen_21__tile_r0002_c0001,EB_Allen_21.png,EB_Allen,train,1,387,0,228,235,53580,44161,0.97,0.8242,False,False,True,False,True
EB_Allen_21__tile_r0002_c0002,EB_Allen_21.png,EB_Allen,train,1,0,0,103,214,22042,19414,0.481,0.8808,True,False,True,False,True
EB_Allen_22__tile_r0001_c0000,EB_Allen_22.png,EB_Allen,train,1,121,213,269,427,114863,88856,0.63,0.7736,False,False,False,True,True
EB_Allen_22__tile_r0001_c0000,EB_Allen_22.png,EB_Allen,train,2,455,514,59,46,2714,891,1.283,0.3283,False,False,False,False,False
EB_Allen_22__tile_r0001_c0001,EB_Allen_22.png,EB_Allen,train,1,0,553,2,4,8,6,0.5,0.75,True,False,False,False,True
EB_Allen_22__tile_r0002_c0000,EB_Allen_22.png,EB_Allen,train,1,123,0,473,563,266299,114984,0.84,0.4318,False,False,True,False,True
EB_Allen_22__tile_r0002_c0000,EB_Allen_22.png,EB_Allen,train,2,455,2,59,46,2714,891,1.283,0.3283,False,False,False,False,False
EB_Allen_22__tile_r0002_c0000,EB_Allen_22.png,EB_Allen,train,3,393,158,30,61,1830,484,0.492,0.2645,False,False,False,False,False
EB_Allen_22__tile_r0002_c0000,EB_Allen_22.png,EB_Allen,train,4,422,325,77,185,14245,2459,0.416,0.1726,False,False,False,False,False
EB_Allen_22__tile_r0002_c0000,EB_Allen_22.png,EB_Allen,train,5,457,346,18,20,360,173,0.9,0.4806,False,False,False,False,False
EB_Allen_22__tile_r0002_c0001,EB_Allen_22.png,EB_Allen,train,1,0,41,2,4,8,6,0.5,0.75,True,False,False,False,True
EB_Allen_22__tile_r0002_c0001,EB_Allen_22.png,EB_Allen,train,2,0,533,84,30,2520,1126,2.8,0.4468,True,False,False,False,True
EB_Allen_22__tile_r0003_c0000,EB_Allen_22.png,EB_Allen,train,1,179,0,417,51,21267,5553,8.176,0.2611,False,False,True,False,True
EB_Allen_22__tile_r0003_c0001,EB_Allen_22.png,EB_Allen,train,1,0,21,84,30,2520,1126,2.8,0.4468,True,False,False,False,True
EB_Allen_23__tile_r0000_c0000,EB_Allen_23.png,EB_Allen,train,1,465,375,143,60,8580,1978,2.383,0.2305,False,False,False,False,False
EB_Allen_23__tile_r0000_c0000,EB_Allen_23.png,EB_Allen,train,2,561,434,51,195,9945,2461,0.262,0.2475,False,False,False,False,False
EB_Allen_23__tile_r0000_c0001,EB_Allen_23.png,EB_Allen,train,1,0,385,96,50,4800,1528,1.92,0.3183,True,False,False,False,True
EB_Allen_23__tile_r0000_c0001,EB_Allen_23.png,EB_Allen,train,2,49,434,51,195,9945,2461,0.262,0.2475,False,False,False,False,False
EB_Allen_23__tile_r0000_c0001,EB_Allen_23.png,EB_Allen,train,3,472,491,168,149,25032,17098,1.128,0.683,False,True,False,True,True
EB_Allen_23__tile_r0000_c0002,EB_Allen_23.png,EB_Allen,train,1,0,491,149,149,22201,15417,1.0,0.6944,True,False,False,True,True
EB_Allen_23__tile_r0001_c0000,EB_Allen_23.png,EB_Allen,train,1,580,0,32,117,3744,1422,0.274,0.3798,False,False,True,False,True
EB_Allen_23__tile_r0001_c0000,EB_Allen_23.png,EB_Allen,train,2,547,385,37,46,1702,462,0.804,0.2714,False,False,False,False,False
EB_Allen_23__tile_r0001_c0001,EB_Allen_23.png,EB_Allen,train,1,68,0,32,117,3744,1422,0.274,0.3798,False,False,True,False,True
EB_Allen_23__tile_r0001_c0001,EB_Allen_23.png,EB_Allen,train,2,472,0,168,640,107520,64162,0.263,0.5967,False,True,True,True,True
EB_Allen_23__tile_r0001_c0001,EB_Allen_23.png,EB_Allen,train,3,35,385,37,46,1702,462,0.804,0.2714,False,False,False,False,False
EB_Allen_23__tile_r0001_c0002,EB_Allen_23.png,EB_Allen,train,1,0,0,256,640,163840,85947,0.4,0.5246,True,False,True,True,True
EB_Allen_23__tile_r0002_c0001,EB_Allen_23.png,EB_Allen,train,1,523,0,117,215,25155,11662,0.544,0.4636,False,True,True,False,True
EB_Allen_23__tile_r0002_c0002,EB_Allen_23.png,EB_Allen,train,1,11,0,162,215,34830,16514,0.753,0.4741,False,False,True,False,True
EB_Allen_24__tile_r0000_c0002,EB_Allen_24.png,EB_Allen,train,1,281,622,9,18,162,96,0.5,0.5926,False,False,False,True,True
EB_Allen_24__tile_r0001_c0001,EB_Allen_24.png,EB_Allen,train,1,639,164,1,3,3,3,0.333,1.0,False,True,False,False,True
EB_Allen_24__tile_r0001_c0001,EB_Allen_24.png,EB_Allen,train,2,635,179,5,11,55,32,0.455,0.5818,False,True,False,False,True
EB_Allen_24__tile_r0001_c0001,EB_Allen_24.png,EB_Allen,train,3,631,207,9,9,81,62,1.0,0.7654,False,True,False,False,True
EB_Allen_24__tile_r0001_c0001,EB_Allen_24.png,EB_Allen,train,4,616,218,24,422,10128,8461,0.057,0.8354,False,True,False,True,True
EB_Allen_24__tile_r0001_c0002,EB_Allen_24.png,EB_Allen,train,1,104,110,265,530,140450,113106,0.5,0.8053,False,False,False,True,True
EB_Allen_24__tile_r0002_c0001,EB_Allen_24.png,EB_Allen,train,1,617,0,23,275,6325,4474,0.084,0.7074,False,True,True,False,True
EB_Allen_24__tile_r0002_c0002,EB_Allen_24.png,EB_Allen,train,1,105,0,264,454,119856,85761,0.581,0.7155,False,False,True,False,True
EB_Allen_24__tile_r0002_c0002,EB_Allen_24.png,EB_Allen,train,2,507,375,29,31,899,537,0.935,0.5973,False,False,False,False,False
EB_Allen_24__tile_r0002_c0002,EB_Allen_24.png,EB_Allen,train,3,282,398,358,60,21480,5150,5.967,0.2398,False,True,False,False,True
EB_Allen_24__tile_r0002_c0003,EB_Allen_24.png,EB_Allen,train,1,0,375,24,31,744,508,0.774,0.6828,True,False,False,False,True
EB_Allen_24__tile_r0002_c0003,EB_Allen_24.png,EB_Allen,train,2,0,423,166,35,5810,2430,4.743,0.4182,True,False,False,False,True
Egyptian_04__tile_r0002_c0000,Egyptian_04.png,Egyptian,train,1,409,479,142,161,22862,14096,0.882,0.6166,False,False,False,True,True
Egyptian_04__tile_r0002_c0000,Egyptian_04.png,Egyptian,train,2,310,599,7,21,147,107,0.333,0.7279,False,False,False,False,False
Egyptian_04__tile_r0002_c0001,Egyptian_04.png,Egyptian,train,1,0,480,39,149,5811,3275,0.262,0.5636,True,False,False,False,True
Egyptian_04__tile_r0003_c0000,Egyptian_04.png,Egyptian,train,1,291,0,260,362,94120,37180,0.718,0.395,False,False,True,False,True
Egyptian_04__tile_r0003_c0000,Egyptian_04.png,Egyptian,train,2,310,87,7,21,147,107,0.333,0.7279,False,False,False,False,False
Egyptian_04__tile_r0003_c0000,Egyptian_04.png,Egyptian,train,3,63,424,16,13,208,123,1.231,0.5913,False,False,False,False,False
Egyptian_04__tile_r0003_c0000,Egyptian_04.png,Egyptian,train,4,243,427,6,16,96,75,0.375,0.7812,False,False,False,False,False
Egyptian_04__tile_r0003_c0000,Egyptian_04.png,Egyptian,train,5,28,430,30,24,720,335,1.25,0.4653,False,False,False,False,False
Egyptian_04__tile_r0003_c0000,Egyptian_04.png,Egyptian,train,6,295,435,7,10,70,53,0.7,0.7571,False,False,False,False,False
Egyptian_04__tile_r0003_c0000,Egyptian_04.png,Egyptian,train,7,433,474,20,20,400,281,1.0,0.7025,False,False,False,False,False
Egyptian_04__tile_r0003_c0000,Egyptian_04.png,Egyptian,train,8,223,480,5,8,40,30,0.625,0.75,False,False,False,False,False
Egyptian_04__tile_r0003_c0000,Egyptian_04.png,Egyptian,train,9,264,490,60,52,3120,1376,1.154,0.441,False,False,False,False,False
Egyptian_04__tile_r0003_c0000,Egyptian_04.png,Egyptian,train,10,361,491,10,18,180,112,0.556,0.6222,False,False,False,False,False
Egyptian_04__tile_r0003_c0000,Egyptian_04.png,Egyptian,train,11,403,498,14,17,238,125,0.824,0.5252,False,False,False,False,False
Egyptian_04__tile_r0003_c0000,Egyptian_04.png,Egyptian,train,12,441,518,35,24,840,487,1.458,0.5798,False,False,False,False,False
Egyptian_04__tile_r0003_c0000,Egyptian_04.png,Egyptian,train,13,276,545,36,24,864,402,1.5,0.4653,False,False,False,False,False
Egyptian_04__tile_r0003_c0000,Egyptian_04.png,Egyptian,train,14,551,565,8,11,88,55,0.727,0.625,False,False,False,False,False
Egyptian_04__tile_r0003_c0000,Egyptian_04.png,Egyptian,train,15,213,576,15,12,180,110,1.25,0.6111,False,False,False,False,False
Egyptian_04__tile_r0003_c0000,Egyptian_04.png,Egyptian,train,16,266,614,12,10,120,81,1.2,0.675,False,False,False,False,False
Egyptian_04__tile_r0003_c0000,Egyptian_04.png,Egyptian,train,17,201,628,6,8,48,37,0.75,0.7708,False,False,False,False,False
Egyptian_04__tile_r0003_c0000,Egyptian_04.png,Egyptian,train,18,427,630,13,10,130,73,1.3,0.5615,False,False,False,True,True
Egyptian_04__tile_r0003_c0001,Egyptian_04.png,Egyptian,train,1,0,0,39,117,4563,2270,0.333,0.4975,True,False,True,False,True
Egyptian_04__tile_r0003_c0001,Egyptian_04.png,Egyptian,train,2,39,565,8,11,88,55,0.727,0.625,False,False,False,False,False
Egyptian_04__tile_r0004_c0000,Egyptian_04.png,Egyptian,train,1,275,0,49,30,1470,712,1.633,0.4844,False,False,True,False,True
Egyptian_04__tile_r0004_c0000,Egyptian_04.png,Egyptian,train,2,411,0,4,3,12,7,1.333,0.5833,False,False,True,False,True
Egyptian_04__tile_r0004_c0000,Egyptian_04.png,Egyptian,train,3,441,6,35,24,840,487,1.458,0.5798,False,False,False,False,False
Egyptian_04__tile_r0004_c0000,Egyptian_04.png,Egyptian,train,4,276,33,36,24,864,402,1.5,0.4653,False,False,False,False,False
Egyptian_04__tile_r0004_c0000,Egyptian_04.png,Egyptian,train,5,551,53,8,11,88,55,0.727,0.625,False,False,False,False,False
Egyptian_04__tile_r0004_c0000,Egyptian_04.png,Egyptian,train,6,213,64,15,12,180,110,1.25,0.6111,False,False,False,False,False
Egyptian_04__tile_r0004_c0000,Egyptian_04.png,Egyptian,train,7,266,102,12,10,120,81,1.2,0.675,False,False,False,False,False
Egyptian_04__tile_r0004_c0000,Egyptian_04.png,Egyptian,train,8,201,116,6,8,48,37,0.75,0.7708,False,False,False,False,False
Egyptian_04__tile_r0004_c0000,Egyptian_04.png,Egyptian,train,9,427,118,13,10,130,73,1.3,0.5615,False,False,False,False,False
Egyptian_04__tile_r0004_c0001,Egyptian_04.png,Egyptian,train,1,39,53,8,11,88,55,0.727,0.625,False,False,False,False,False
Egyptian_05__tile_r0000_c0000,Egyptian_05.png,Egyptian,train,1,542,381,93,259,24087,10261,0.359,0.426,False,False,False,True,True
Egyptian_05__tile_r0000_c0001,Egyptian_05.png,Egyptian,train,1,639,106,1,1,1,1,1.0,1.0,False,True,False,False,True
Egyptian_05__tile_r0000_c0001,Egyptian_05.png,Egyptian,train,2,632,150,8,21,168,106,0.381,0.631,False,True,False,False,True
Egyptian_05__tile_r0000_c0001,Egyptian_05.png,Egyptian,train,3,30,381,93,259,24087,10261,0.359,0.426,False,False,False,True,True
Egyptian_05__tile_r0000_c0002,Egyptian_05.png,Egyptian,train,1,120,95,53,77,4081,2771,0.688,0.679,False,False,False,False,False
Egyptian_05__tile_r0000_c0002,Egyptian_05.png,Egyptian,train,2,302,208,27,22,594,271,1.227,0.4562,False,False,False,False,False
Egyptian_05__tile_r0000_c0002,Egyptian_05.png,Egyptian,train,3,525,224,10,24,240,147,0.417,0.6125,False,False,False,False,False
Egyptian_05__tile_r0000_c0002,Egyptian_05.png,Egyptian,train,4,539,224,11,22,242,123,0.5,0.5083,False,False,False,False,False
Egyptian_05__tile_r0000_c0002,Egyptian_05.png,Egyptian,train,5,383,238,24,12,288,175,2.0,0.6076,False,False,False,False,False
Egyptian_05__tile_r0000_c0002,Egyptian_05.png,Egyptian,train,6,416,259,6,10,60,45,0.6,0.75,False,False,False,False,False
Egyptian_05__tile_r0000_c0003,Egyptian_05.png,Egyptian,train,1,13,224,10,24,240,147,0.417,0.6125,False,False,False,False,False
Egyptian_05__tile_r0000_c0003,Egyptian_05.png,Egyptian,train,2,27,224,11,22,242,123,0.5,0.5083,False,False,False,False,False
Egyptian_05__tile_r0001_c0000,Egyptian_05.png,Egyptian,train,1,532,0,103,198,20394,10142,0.52,0.4973,False,False,True,False,True
Egyptian_05__tile_r0001_c0001,Egyptian_05.png,Egyptian,train,1,20,0,103,198,20394,10142,0.52,0.4973,False,False,True,False,True
Egyptian_06__tile_r0002_c0002,Egyptian_06.png,Egyptian,train,1,582,524,58,116,6728,3493,0.5,0.5192,False,True,False,True,True
Egyptian_06__tile_r0002_c0002,Egyptian_06.png,Egyptian,train,2,511,577,6,22,132,90,0.273,0.6818,False,False,False,False,False
Egyptian_06__tile_r0002_c0002,Egyptian_06.png,Egyptian,train,3,530,589,6,9,54,29,0.667,0.537,False,False,False,False,False
Egyptian_06__tile_r0002_c0003,Egyptian_06.png,Egyptian,train,1,70,458,122,182,22204,12988,0.67,0.5849,False,True,False,True,True
Egyptian_06__tile_r0002_c0003,Egyptian_06.png,Egyptian,train,2,0,577,5,22,110,87,0.227,0.7909,True,False,False,False,True
Egyptian_06__tile_r0002_c0003,Egyptian_06.png,Egyptian,train,3,18,589,6,9,54,29,0.667,0.537,False,False,False,False,False
Egyptian_06__tile_r0003_c0002,Egyptian_06.png,Egyptian,train,1,487,12,153,336,51408,25845,0.455,0.5027,False,True,False,False,True
Egyptian_06__tile_r0003_c0002,Egyptian_06.png,Egyptian,train,2,511,65,6,22,132,90,0.273,0.6818,False,False,False,False,False
Egyptian_06__tile_r0003_c0002,Egyptian_06.png,Egyptian,train,3,530,77,6,9,54,29,0.667,0.537,False,False,False,False,False
Egyptian_06__tile_r0003_c0002,Egyptian_06.png,Egyptian,train,4,538,131,10,26,260,186,0.385,0.7154,False,False,False,False,False
Egyptian_06__tile_r0003_c0002,Egyptian_06.png,Egyptian,train,5,518,342,7,8,56,43,0.875,0.7679,False,False,False,False,False
Egyptian_06__tile_r0003_c0002,Egyptian_06.png,Egyptian,train,6,180,405,15,9,135,101,1.667,0.7481,False,False,False,False,False
Egyptian_06__tile_r0003_c0002,Egyptian_06.png,Egyptian,train,7,443,410,14,27,378,215,0.519,0.5688,False,False,False,False,False
Egyptian_06__tile_r0003_c0002,Egyptian_06.png,Egyptian,train,8,233,418,31,26,806,445,1.192,0.5521,False,False,False,False,False
Egyptian_06__tile_r0003_c0002,Egyptian_06.png,Egyptian,train,9,505,422,9,13,117,80,0.692,0.6838,False,False,False,False,False
Egyptian_06__tile_r0003_c0002,Egyptian_06.png,Egyptian,train,10,611,459,29,49,1421,804,0.592,0.5658,False,True,False,False,True
Egyptian_06__tile_r0003_c0002,Egyptian_06.png,Egyptian,train,11,237,470,28,18,504,239,1.556,0.4742,False,False,False,False,False
Egyptian_06__tile_r0003_c0002,Egyptian_06.png,Egyptian,train,12,472,474,106,51,5406,2713,2.078,0.5018,False,False,False,False,False
Egyptian_06__tile_r0003_c0002,Egyptian_06.png,Egyptian,train,13,480,528,20,27,540,381,0.741,0.7056,False,False,False,False,False
Egyptian_06__tile_r0003_c0002,Egyptian_06.png,Egyptian,train,14,410,552,18,29,522,296,0.621,0.567,False,False,False,False,False
Egyptian_06__tile_r0003_c0002,Egyptian_06.png,Egyptian,train,15,486,563,6,13,78,49,0.462,0.6282,False,False,False,False,False
Egyptian_06__tile_r0003_c0002,Egyptian_06.png,Egyptian,train,16,513,580,7,14,98,63,0.5,0.6429,False,False,False,False,False
Egyptian_06__tile_r0003_c0003,Egyptian_06.png,Egyptian,train,1,0,0,192,348,66816,34634,0.552,0.5183,True,True,True,False,True
Egyptian_06__tile_r0003_c0003,Egyptian_06.png,Egyptian,train,2,0,65,5,22,110,87,0.227,0.7909,True,False,False,False,True
Egyptian_06__tile_r0003_c0003,Egyptian_06.png,Egyptian,train,3,18,77,6,9,54,29,0.667,0.537,False,False,False,False,False
Egyptian_06__tile_r0003_c0003,Egyptian_06.png,Egyptian,train,4,26,131,10,26,260,186,0.385,0.7154,False,False,False,False,False
Egyptian_06__tile_r0003_c0003,Egyptian_06.png,Egyptian,train,5,6,342,7,8,56,43,0.875,0.7679,False,False,False,False,False
Egyptian_06__tile_r0003_c0003,Egyptian_06.png,Egyptian,train,6,0,425,2,10,20,15,0.2,0.75,True,False,False,False,True
Egyptian_06__tile_r0003_c0003,Egyptian_06.png,Egyptian,train,7,99,459,50,49,2450,1190,1.02,0.4857,False,False,False,False,False
Egyptian_06__tile_r0003_c0003,Egyptian_06.png,Egyptian,train,8,0,474,66,32,2112,1272,2.062,0.6023,True,False,False,False,True
Egyptian_06__tile_r0003_c0003,Egyptian_06.png,Egyptian,train,9,0,514,20,11,220,155,1.818,0.7045,True,False,False,False,True
Egyptian_06__tile_r0003_c0003,Egyptian_06.png,Egyptian,train,10,1,580,7,14,98,63,0.5,0.6429,False,False,False,False,False
Egyptian_06__tile_r0004_c0002,Egyptian_06.png,Egyptian,train,1,487,0,45,13,585,347,3.462,0.5932,False,False,True,False,True
Egyptian_06__tile_r0004_c0002,Egyptian_06.png,Egyptian,train,2,480,16,20,27,540,381,0.741,0.7056,False,False,False,False,False
Egyptian_06__tile_r0004_c0002,Egyptian_06.png,Egyptian,train,3,410,40,18,29,522,296,0.621,0.567,False,False,False,False,False
Egyptian_06__tile_r0004_c0002,Egyptian_06.png,Egyptian,train,4,486,51,6,13,78,49,0.462,0.6282,False,False,False,False,False
Egyptian_06__tile_r0004_c0002,Egyptian_06.png,Egyptian,train,5,513,68,7,14,98,63,0.5,0.6429,False,False,False,False,False
Egyptian_06__tile_r0004_c0003,Egyptian_06.png,Egyptian,train,1,0,2,20,11,220,155,1.818,0.7045,True,False,False,False,True
Egyptian_06__tile_r0004_c0003,Egyptian_06.png,Egyptian,train,2,1,68,7,14,98,63,0.5,0.6429,False,False,False,False,False
Egyptian_08__tile_r0000_c0000,Egyptian_08.png,Egyptian,train,1,499,257,12,12,144,117,1.0,0.8125,False,False,False,False,False
Egyptian_08__tile_r0000_c0000,Egyptian_08.png,Egyptian,train,2,401,276,15,9,135,84,1.667,0.6222,False,False,False,False,False
Egyptian_08__tile_r0000_c0000,Egyptian_08.png,Egyptian,train,3,528,308,8,12,96,63,0.667,0.6562,False,False,False,False,False
Egyptian_08__tile_r0000_c0000,Egyptian_08.png,Egyptian,train,4,298,324,9,12,108,76,0.75,0.7037,False,False,False,False,False
Egyptian_08__tile_r0000_c0000,Egyptian_08.png,Egyptian,train,5,490,331,17,13,221,161,1.308,0.7285,False,False,False,False,False
Egyptian_08__tile_r0000_c0000,Egyptian_08.png,Egyptian,train,6,318,333,7,7,49,28,1.0,0.5714,False,False,False,False,False
Egyptian_08__tile_r0000_c0000,Egyptian_08.png,Egyptian,train,7,452,351,53,38,2014,1078,1.395,0.5353,False,False,False,False,False
Egyptian_08__tile_r0000_c0000,Egyptian_08.png,Egyptian,train,8,385,352,23,14,322,205,1.643,0.6366,False,False,False,False,False
Egyptian_08__tile_r0000_c0000,Egyptian_08.png,Egyptian,train,9,400,362,37,41,1517,1049,0.902,0.6915,False,False,False,False,False
Egyptian_08__tile_r0000_c0000,Egyptian_08.png,Egyptian,train,10,398,489,116,151,17516,11287,0.768,0.6444,False,False,False,True,True
Egyptian_08__tile_r0000_c0001,Egyptian_08.png,Egyptian,train,1,16,308,8,12,96,63,0.667,0.6562,False,False,False,False,False
Egyptian_08__tile_r0000_c0001,Egyptian_08.png,Egyptian,train,2,0,531,2,5,10,7,0.4,0.7,True,False,False,False,True
Egyptian_08__tile_r0001_c0000,Egyptian_08.png,Egyptian,train,1,351,0,163,289,47107,20702,0.564,0.4395,False,False,True,False,True
Egyptian_08__tile_r0001_c0001,Egyptian_08.png,Egyptian,train,1,0,19,2,5,10,7,0.4,0.7,True,False,False,False,True
Egyptian_09__tile_r0000_c0002,Egyptian_09.png,Egyptian,train,1,486,432,152,208,31616,14601,0.731,0.4618,False,False,False,True,True
Egyptian_09__tile_r0000_c0002,Egyptian_09.png,Egyptian,train,2,462,539,6,21,126,98,0.286,0.7778,False,False,False,False,False
Egyptian_09__tile_r0000_c0002,Egyptian_09.png,Egyptian,train,3,480,599,21,20,420,213,1.05,0.5071,False,False,False,False,False
Egyptian_09__tile_r0000_c0003,Egyptian_09.png,Egyptian,train,1,0,432,126,208,26208,13996,0.606,0.534,True,False,False,True,True
Egyptian_09__tile_r0001_c0002,Egyptian_09.png,Egyptian,train,1,437,0,193,240,46320,20315,0.804,0.4386,False,False,True,False,True
Egyptian_09__tile_r0001_c0002,Egyptian_09.png,Egyptian,train,2,462,27,6,21,126,98,0.286,0.7778,False,False,False,False,False
Egyptian_09__tile_r0001_c0002,Egyptian_09.png,Egyptian,train,3,480,87,21,20,420,213,1.05,0.5071,False,False,False,False,False
Egyptian_09__tile_r0001_c0002,Egyptian_09.png,Egyptian,train,4,405,290,12,25,300,147,0.48,0.49,False,False,False,False,False
Egyptian_09__tile_r0001_c0002,Egyptian_09.png,Egyptian,train,5,251,300,32,19,608,288,1.684,0.4737,False,False,False,False,False
Egyptian_09__tile_r0001_c0002,Egyptian_09.png,Egyptian,train,6,420,330,6,11,66,51,0.545,0.7727,False,False,False,False,False
Egyptian_09__tile_r0001_c0002,Egyptian_09.png,Egyptian,train,7,550,330,4,12,48,37,0.333,0.7708,False,False,False,False,False
Egyptian_09__tile_r0001_c0002,Egyptian_09.png,Egyptian,train,8,528,345,22,36,792,269,0.611,0.3396,False,False,False,False,False
Egyptian_09__tile_r0001_c0002,Egyptian_09.png,Egyptian,train,9,557,347,14,19,266,193,0.737,0.7256,False,False,False,False,False
Egyptian_09__tile_r0001_c0002,Egyptian_09.png,Egyptian,train,10,427,357,73,30,2190,1174,2.433,0.5361,False,False,False,False,False
Egyptian_09__tile_r0001_c0002,Egyptian_09.png,Egyptian,train,11,544,358,12,14,168,126,0.857,0.75,False,False,False,False,False
Egyptian_09__tile_r0001_c0002,Egyptian_09.png,Egyptian,train,12,564,378,25,15,375,263,1.667,0.7013,False,False,False,False,False
Egyptian_09__tile_r0001_c0002,Egyptian_09.png,Egyptian,train,13,432,390,15,24,360,261,0.625,0.725,False,False,False,False,False
Egyptian_09__tile_r0001_c0002,Egyptian_09.png,Egyptian,train,14,379,418,13,14,182,89,0.929,0.489,False,False,False,False,False
Egyptian_09__tile_r0001_c0002,Egyptian_09.png,Egyptian,train,15,551,464,15,9,135,84,1.667,0.6222,False,False,False,False,False
Egyptian_09__tile_r0001_c0002,Egyptian_09.png,Egyptian,train,16,439,475,7,10,70,47,0.7,0.6714,False,False,False,False,False
Egyptian_09__tile_r0001_c0003,Egyptian_09.png,Egyptian,train,1,0,0,118,238,28084,13808,0.496,0.4917,True,False,True,False,True
Egyptian_09__tile_r0001_c0003,Egyptian_09.png,Egyptian,train,2,38,330,4,12,48,37,0.333,0.7708,False,False,False,False,False
Egyptian_09__tile_r0001_c0003,Egyptian_09.png,Egyptian,train,3,16,345,22,36,792,269,0.611,0.3396,False,False,False,False,False
Egyptian_09__tile_r0001_c0003,Egyptian_09.png,Egyptian,train,4,45,347,14,19,266,193,0.737,0.7256,False,False,False,False,False
Egyptian_09__tile_r0001_c0003,Egyptian_09.png,Egyptian,train,5,32,358,12,14,168,126,0.857,0.75,False,False,False,False,False
Egyptian_09__tile_r0001_c0003,Egyptian_09.png,Egyptian,train,6,52,378,25,15,375,263,1.667,0.7013,False,False,False,False,False
Egyptian_09__tile_r0001_c0003,Egyptian_09.png,Egyptian,train,7,164,411,9,9,81,53,1.0,0.6543,False,False,False,False,False
Egyptian_09__tile_r0001_c0003,Egyptian_09.png,Egyptian,train,8,39,464,15,9,135,84,1.667,0.6222,False,False,False,False,False
Egyptian_10__tile_r0000_c0000,Egyptian_10.png,Egyptian,train,1,225,549,22,23,506,199,0.957,0.3933,False,False,False,False,False
Egyptian_10__tile_r0000_c0000,Egyptian_10.png,Egyptian,train,2,324,572,10,11,110,71,0.909,0.6455,False,False,False,False,False
Egyptian_10__tile_r0000_c0000,Egyptian_10.png,Egyptian,train,3,493,576,15,17,255,165,0.882,0.6471,False,False,False,False,False
Egyptian_10__tile_r0000_c0000,Egyptian_10.png,Egyptian,train,4,493,605,9,10,90,72,0.9,0.8,False,False,False,False,False
Egyptian_10__tile_r0000_c0000,Egyptian_10.png,Egyptian,train,5,303,615,22,17,374,230,1.294,0.615,False,False,False,False,False
Egyptian_10__tile_r0000_c0000,Egyptian_10.png,Egyptian,train,6,156,625,11,11,121,81,1.0,0.6694,False,False,False,False,False
Egyptian_10__tile_r0000_c0000,Egyptian_10.png,Egyptian,train,7,313,635,43,5,215,165,8.6,0.7674,False,False,False,True,True
Egyptian_10__tile_r0001_c0000,Egyptian_10.png,Egyptian,train,1,225,37,22,23,506,199,0.957,0.3933,False,False,False,False,False
Egyptian_10__tile_r0001_c0000,Egyptian_10.png,Egyptian,train,2,324,60,10,11,110,71,0.909,0.6455,False,False,False,False,False
Egyptian_10__tile_r0001_c0000,Egyptian_10.png,Egyptian,train,3,493,64,15,17,255,165,0.882,0.6471,False,False,False,False,False
Egyptian_10__tile_r0001_c0000,Egyptian_10.png,Egyptian,train,4,493,93,9,10,90,72,0.9,0.8,False,False,False,False,False
Egyptian_10__tile_r0001_c0000,Egyptian_10.png,Egyptian,train,5,303,103,22,17,374,230,1.294,0.615,False,False,False,False,False
Egyptian_10__tile_r0001_c0000,Egyptian_10.png,Egyptian,train,6,156,113,11,11,121,81,1.0,0.6694,False,False,False,False,False
Egyptian_10__tile_r0001_c0000,Egyptian_10.png,Egyptian,train,7,312,123,45,30,1350,985,1.5,0.7296,False,False,False,False,False
Egyptian_10__tile_r0001_c0000,Egyptian_10.png,Egyptian,train,8,230,173,15,16,240,149,0.938,0.6208,False,False,False,False,False
Egyptian_10__tile_r0001_c0000,Egyptian_10.png,Egyptian,train,9,269,178,24,23,552,395,1.043,0.7156,False,False,False,False,False
Egyptian_10__tile_r0001_c0000,Egyptian_10.png,Egyptian,train,10,129,196,9,6,54,31,1.5,0.5741,False,False,False,False,False
Egyptian_10__tile_r0001_c0000,Egyptian_10.png,Egyptian,train,11,398,217,194,304,58976,20728,0.638,0.3515,False,False,False,False,False
Egyptian_10__tile_r0001_c0001,Egyptian_10.png,Egyptian,train,1,0,278,80,243,19440,8009,0.329,0.412,True,False,False,False,True
Egyptian_10__tile_r0002_c0000,Egyptian_10.png,Egyptian,train,1,551,0,41,9,369,277,4.556,0.7507,False,False,True,False,True
Egyptian_10__tile_r0002_c0001,Egyptian_10.png,Egyptian,train,1,39,0,41,9,369,277,4.556,0.7507,False,False,True,False,True
Egyptian_11__tile_r0000_c0002,Egyptian_11.png,Egyptian,train,1,273,237,247,318,78546,28705,0.777,0.3655,False,False,False,False,False
Egyptian_11__tile_r0000_c0002,Egyptian_11.png,Egyptian,train,2,630,581,10,19,190,114,0.526,0.6,False,True,False,False,True
Egyptian_11__tile_r0000_c0002,Egyptian_11.png,Egyptian,train,3,537,596,5,6,30,22,0.833,0.7333,False,False,False,False,False
Egyptian_11__tile_r0000_c0002,Egyptian_11.png,Egyptian,train,4,575,606,37,20,740,458,1.85,0.6189,False,False,False,False,False
Egyptian_11__tile_r0000_c0002,Egyptian_11.png,Egyptian,train,5,528,623,8,6,48,39,1.333,0.8125,False,False,False,False,False
Egyptian_11__tile_r0000_c0002,Egyptian_11.png,Egyptian,train,6,608,626,23,14,322,183,1.643,0.5683,False,False,False,True,True
Egyptian_11__tile_r0000_c0003,Egyptian_11.png,Egyptian,train,1,0,450,8,87,696,535,0.092,0.7687,True,False,False,False,True
Egyptian_11__tile_r0000_c0003,Egyptian_11.png,Egyptian,train,2,118,576,36,26,936,555,1.385,0.5929,False,False,False,False,False
Egyptian_11__tile_r0000_c0003,Egyptian_11.png,Egyptian,train,3,25,596,5,6,30,22,0.833,0.7333,False,False,False,False,False
Egyptian_11__tile_r0000_c0003,Egyptian_11.png,Egyptian,train,4,63,606,37,20,740,458,1.85,0.6189,False,False,False,False,False
Egyptian_11__tile_r0000_c0003,Egyptian_11.png,Egyptian,train,5,16,623,8,6,48,39,1.333,0.8125,False,False,False,False,False
Egyptian_11__tile_r0000_c0003,Egyptian_11.png,Egyptian,train,6,96,626,23,14,322,183,1.643,0.5683,False,False,False,True,True
Egyptian_11__tile_r0001_c0002,Egyptian_11.png,Egyptian,train,1,415,0,104,43,4472,2931,2.419,0.6554,False,False,True,False,True
Egyptian_11__tile_r0001_c0002,Egyptian_11.png,Egyptian,train,2,630,69,10,19,190,114,0.526,0.6,False,True,False,False,True
Egyptian_11__tile_r0001_c0002,Egyptian_11.png,Egyptian,train,3,537,84,5,6,30,22,0.833,0.7333,False,False,False,False,False
Egyptian_11__tile_r0001_c0002,Egyptian_11.png,Egyptian,train,4,575,94,37,20,740,458,1.85,0.6189,False,False,False,False,False
Egyptian_11__tile_r0001_c0002,Egyptian_11.png,Egyptian,train,5,528,111,8,6,48,39,1.333,0.8125,False,False,False,False,False
Egyptian_11__tile_r0001_c0002,Egyptian_11.png,Egyptian,train,6,608,114,23,15,345,184,1.533,0.5333,False,False,False,False,False
Egyptian_11__tile_r0001_c0002,Egyptian_11.png,Egyptian,train,7,396,136,16,12,192,132,1.333,0.6875,False,False,False,False,False
Egyptian_11__tile_r0001_c0002,Egyptian_11.png,Egyptian,train,8,555,150,6,10,60,42,0.6,0.7,False,False,False,False,False
Egyptian_11__tile_r0001_c0002,Egyptian_11.png,Egyptian,train,9,398,156,21,28,588,350,0.75,0.5952,False,False,False,False,False
Egyptian_11__tile_r0001_c0002,Egyptian_11.png,Egyptian,train,10,608,178,12,20,240,141,0.6,0.5875,False,False,False,False,False
Egyptian_11__tile_r0001_c0002,Egyptian_11.png,Egyptian,train,11,339,189,18,13,234,171,1.385,0.7308,False,False,False,False,False
Egyptian_11__tile_r0001_c0002,Egyptian_11.png,Egyptian,train,12,436,196,14,29,406,182,0.483,0.4483,False,False,False,False,False
Egyptian_11__tile_r0001_c0002,Egyptian_11.png,Egyptian,train,13,534,287,8,6,48,33,1.333,0.6875,False,False,False,False,False
Egyptian_11__tile_r0001_c0003,Egyptian_11.png,Egyptian,train,1,0,0,7,25,175,150,0.28,0.8571,True,False,True,False,True
Egyptian_11__tile_r0001_c0003,Egyptian_11.png,Egyptian,train,2,118,64,36,26,936,555,1.385,0.5929,False,False,False,False,False
Egyptian_11__tile_r0001_c0003,Egyptian_11.png,Egyptian,train,3,25,84,5,6,30,22,0.833,0.7333,False,False,False,False,False
Egyptian_11__tile_r0001_c0003,Egyptian_11.png,Egyptian,train,4,63,94,37,20,740,458,1.85,0.6189,False,False,False,False,False
Egyptian_11__tile_r0001_c0003,Egyptian_11.png,Egyptian,train,5,16,111,8,6,48,39,1.333,0.8125,False,False,False,False,False
Egyptian_11__tile_r0001_c0003,Egyptian_11.png,Egyptian,train,6,96,114,23,15,345,184,1.533,0.5333,False,False,False,False,False
Egyptian_11__tile_r0001_c0003,Egyptian_11.png,Egyptian,train,7,43,150,6,10,60,42,0.6,0.7,False,False,False,False,False
Egyptian_11__tile_r0001_c0003,Egyptian_11.png,Egyptian,train,8,96,178,12,20,240,141,0.6,0.5875,False,False,False,False,False
Egyptian_11__tile_r0001_c0003,Egyptian_11.png,Egyptian,train,9,22,287,8,6,48,33,1.333,0.6875,False,False,False,False,False
Egyptian_12__tile_r0001_c0000,Egyptian_12.png,Egyptian,train,1,351,200,10,13,130,93,0.769,0.7154,False,False,False,False,False
Egyptian_12__tile_r0001_c0000,Egyptian_12.png,Egyptian,train,2,484,220,11,22,242,133,0.5,0.5496,False,False,False,False,False
Egyptian_12__tile_r0001_c0000,Egyptian_12.png,Egyptian,train,3,512,221,23,28,644,355,0.821,0.5512,False,False,False,False,False
Egyptian_12__tile_r0001_c0000,Egyptian_12.png,Egyptian,train,4,533,247,6,10,60,50,0.6,0.8333,False,False,False,False,False
Egyptian_12__tile_r0001_c0000,Egyptian_12.png,Egyptian,train,5,401,320,14,12,168,109,1.167,0.6488,False,False,False,False,False
Egyptian_12__tile_r0001_c0000,Egyptian_12.png,Egyptian,train,6,355,350,8,9,72,40,0.889,0.5556,False,False,False,False,False
Egyptian_12__tile_r0001_c0000,Egyptian_12.png,Egyptian,train,7,322,352,12,12,144,100,1.0,0.6944,False,False,False,False,False
Egyptian_12__tile_r0001_c0000,Egyptian_12.png,Egyptian,train,8,419,355,28,19,532,268,1.474,0.5038,False,False,False,False,False
Egyptian_12__tile_r0001_c0000,Egyptian_12.png,Egyptian,train,9,446,355,40,59,2360,1140,0.678,0.4831,False,False,False,False,False
Egyptian_12__tile_r0001_c0000,Egyptian_12.png,Egyptian,train,10,461,426,41,29,1189,591,1.414,0.4971,False,False,False,False,False
Egyptian_12__tile_r0001_c0000,Egyptian_12.png,Egyptian,train,11,339,439,11,9,99,74,1.222,0.7475,False,False,False,False,False
Egyptian_12__tile_r0001_c0000,Egyptian_12.png,Egyptian,train,12,448,443,19,26,494,281,0.731,0.5688,False,False,False,False,False
Egyptian_12__tile_r0001_c0000,Egyptian_12.png,Egyptian,train,13,498,460,12,20,240,108,0.6,0.45,False,False,False,False,False
Egyptian_12__tile_r0001_c0000,Egyptian_12.png,Egyptian,train,14,517,467,6,27,162,123,0.222,0.7593,False,False,False,False,False
Egyptian_12__tile_r0001_c0001,Egyptian_12.png,Egyptian,train,1,0,221,23,28,644,355,0.821,0.5512,True,False,False,False,True
Egyptian_12__tile_r0001_c0001,Egyptian_12.png,Egyptian,train,2,21,247,6,10,60,50,0.6,0.8333,False,False,False,False,False
Egyptian_12__tile_r0001_c0001,Egyptian_12.png,Egyptian,train,3,633,390,7,11,77,60,0.636,0.7792,False,True,False,False,True
Egyptian_12__tile_r0001_c0001,Egyptian_12.png,Egyptian,train,4,638,437,2,9,18,15,0.222,0.8333,False,True,False,False,True
Egyptian_12__tile_r0001_c0001,Egyptian_12.png,Egyptian,train,5,5,467,6,27,162,123,0.222,0.7593,False,False,False,False,False
Egyptian_12__tile_r0001_c0002,Egyptian_12.png,Egyptian,train,1,121,390,266,123,32718,12522,2.163,0.3827,False,False,False,False,False
Egyptian_12__tile_r0001_c0002,Egyptian_12.png,Egyptian,train,2,189,399,15,12,180,105,1.25,0.5833,False,False,False,False,False
Egyptian_12__tile_r0002_c0002,Egyptian_12.png,Egyptian,train,1,301,0,9,1,9,9,9.0,1.0,False,False,True,False,True
Egyptian_13__tile_r0000_c0000,Egyptian_13.png,Egyptian,train,1,478,256,111,68,7548,4141,1.632,0.5486,False,False,False,False,False
Egyptian_13__tile_r0000_c0001,Egyptian_13.png,Egyptian,train,1,0,256,77,68,5236,3363,1.132,0.6423,True,False,False,False,True
Egyptian_13__tile_r0000_c0001,Egyptian_13.png,Egyptian,train,2,629,293,11,66,726,550,0.167,0.7576,False,True,False,False,True
Egyptian_13__tile_r0000_c0002,Egyptian_13.png,Egyptian,train,1,334,273,10,23,230,123,0.435,0.5348,False,False,False,False,False
Egyptian_13__tile_r0000_c0002,Egyptian_13.png,Egyptian,train,2,356,281,14,23,322,145,0.609,0.4503,False,False,False,False,False
Egyptian_13__tile_r0000_c0002,Egyptian_13.png,Egyptian,train,3,413,290,22,28,616,374,0.786,0.6071,False,False,False,False,False
Egyptian_13__tile_r0000_c0002,Egyptian_13.png,Egyptian,train,4,117,293,145,102,14790,8031,1.422,0.543,False,False,False,False,False
Egyptian_13__tile_r0000_c0002,Egyptian_13.png,Egyptian,train,5,366,295,51,48,2448,1158,1.062,0.473,False,False,False,False,False
Egyptian_13__tile_r0000_c0002,Egyptian_13.png,Egyptian,train,6,553,316,7,11,77,57,0.636,0.7403,False,False,False,False,False
Egyptian_13__tile_r0000_c0002,Egyptian_13.png,Egyptian,train,7,388,351,49,59,2891,1503,0.831,0.5199,False,False,False,False,False
Egyptian_13__tile_r0000_c0002,Egyptian_13.png,Egyptian,train,8,441,387,21,24,504,303,0.875,0.6012,False,False,False,False,False
Egyptian_13__tile_r0000_c0002,Egyptian_13.png,Egyptian,train,9,571,392,12,23,276,182,0.522,0.6594,False,False,False,False,False
Egyptian_13__tile_r0000_c0002,Egyptian_13.png,Egyptian,train,10,541,405,8,10,80,49,0.8,0.6125,False,False,False,False,False
Egyptian_13__tile_r0000_c0002,Egyptian_13.png,Egyptian,train,11,482,431,14,10,140,73,1.4,0.5214,False,False,False,False,False
Egyptian_13__tile_r0000_c0002,Egyptian_13.png,Egyptian,train,12,449,452,12,9,108,62,1.333,0.5741,False,False,False,False,False
Egyptian_13__tile_r0000_c0002,Egyptian_13.png,Egyptian,train,13,327,507,29,21,609,238,1.381,0.3908,False,False,False,False,False
Egyptian_13__tile_r0000_c0002,Egyptian_13.png,Egyptian,train,14,386,513,16,19,304,128,0.842,0.4211,False,False,False,False,False
Egyptian_13__tile_r0000_c0002,Egyptian_13.png,Egyptian,train,15,554,535,9,9,81,54,1.0,0.6667,False,False,False,False,False
Egyptian_13__tile_r0000_c0002,Egyptian_13.png,Egyptian,train,16,311,554,13,16,208,139,0.812,0.6683,False,False,False,False,False
Egyptian_13__tile_r0000_c0003,Egyptian_13.png,Egyptian,train,1,41,316,7,11,77,57,0.636,0.7403,False,False,False,False,False
Egyptian_13__tile_r0000_c0003,Egyptian_13.png,Egyptian,train,2,59,392,12,23,276,182,0.522,0.6594,False,False,False,False,False
Egyptian_13__tile_r0000_c0003,Egyptian_13.png,Egyptian,train,3,29,405,8,10,80,49,0.8,0.6125,False,False,False,False,False
Egyptian_13__tile_r0000_c0003,Egyptian_13.png,Egyptian,train,4,42,535,9,9,81,54,1.0,0.6667,False,False,False,False,False
Egyptian_13__tile_r0001_c0002,Egyptian_13.png,Egyptian,train,1,327,0,29,16,464,217,1.812,0.4677,False,False,True,False,True
Egyptian_13__tile_r0001_c0002,Egyptian_13.png,Egyptian,train,2,386,1,16,19,304,128,0.842,0.4211,False,False,False,False,False
Egyptian_13__tile_r0001_c0002,Egyptian_13.png,Egyptian,train,3,554,23,9,9,81,54,1.0,0.6667,False,False,False,False,False
Egyptian_13__tile_r0001_c0002,Egyptian_13.png,Egyptian,train,4,311,42,13,16,208,139,0.812,0.6683,False,False,False,False,False
Egyptian_13__tile_r0001_c0003,Egyptian_13.png,Egyptian,train,1,42,23,9,9,81,54,1.0,0.6667,False,False,False,False,False
Egyptian_14__tile_r0001_c0002,Egyptian_14.png,Egyptian,train,1,297,259,343,159,54537,19264,2.157,0.3532,False,True,False,False,True
Egyptian_14__tile_r0001_c0002,Egyptian_14.png,Egyptian,train,2,160,333,8,14,112,83,0.571,0.7411,False,False,False,False,False
Egyptian_14__tile_r0001_c0002,Egyptian_14.png,Egyptian,train,3,161,456,61,40,2440,1317,1.525,0.5398,False,False,False,False,False
Egyptian_14__tile_r0001_c0002,Egyptian_14.png,Egyptian,train,4,246,498,28,21,588,292,1.333,0.4966,False,False,False,False,False
Egyptian_14__tile_r0001_c0002,Egyptian_14.png,Egyptian,train,5,242,534,10,11,110,80,0.909,0.7273,False,False,False,False,False
Egyptian_14__tile_r0001_c0003,Egyptian_14.png,Egyptian,train,1,0,232,192,127,24384,11287,1.512,0.4629,True,True,False,False,True
Egyptian_14__tile_r0002_c0002,Egyptian_14.png,Egyptian,train,1,246,0,21,7,147,91,3.0,0.619,False,False,True,False,True
Egyptian_14__tile_r0002_c0002,Egyptian_14.png,Egyptian,train,2,242,22,10,11,110,80,0.909,0.7273,False,False,False,False,False
Egyptian_15__tile_r0000_c0000,Egyptian_15.png,Egyptian,train,1,221,340,344,186,63984,19893,1.849,0.3109,False,False,False,False,False
Egyptian_15__tile_r0000_c0001,Egyptian_15.png,Egyptian,train,1,0,340,53,86,4558,3066,0.616,0.6727,True,False,False,False,True
Egyptian_15__tile_r0000_c0002,Egyptian_15.png,Egyptian,train,1,202,214,15,15,225,95,1.0,0.4222,False,False,False,False,False
Egyptian_15__tile_r0000_c0002,Egyptian_15.png,Egyptian,train,2,198,238,5,8,40,32,0.625,0.8,False,False,False,False,False
Egyptian_15__tile_r0000_c0002,Egyptian_15.png,Egyptian,train,3,173,419,8,14,112,88,0.571,0.7857,False,False,False,False,False
Egyptian_15__tile_r0000_c0002,Egyptian_15.png,Egyptian,train,4,163,420,8,12,96,55,0.667,0.5729,False,False,False,False,False
Egyptian_15__tile_r0001_c0000,Egyptian_15.png,Egyptian,train,1,221,0,39,14,546,473,2.786,0.8663,False,False,True,False,True
Grecian_01__tile_r0000_c0002,Grecian_01.png,Grecian,train,1,449,471,191,169,32279,18056,1.13,0.5594,False,True,False,True,True
Grecian_01__tile_r0000_c0003,Grecian_01.png,Grecian,train,1,0,445,192,195,37440,22856,0.985,0.6105,True,True,False,True,True
Grecian_01__tile_r0001_c0002,Grecian_01.png,Grecian,train,1,449,0,191,137,26167,16266,1.394,0.6216,False,True,True,False,True
Grecian_01__tile_r0001_c0003,Grecian_01.png,Grecian,train,1,0,0,192,137,26304,17600,1.401,0.6691,True,True,True,False,True
Grecian_02__tile_r0000_c0000,Grecian_02.png,Grecian,train,1,176,423,464,217,100688,38627,2.138,0.3836,False,True,False,True,True
Grecian_02__tile_r0000_c0001,Grecian_02.png,Grecian,train,1,0,423,154,139,21406,11093,1.108,0.5182,True,False,False,False,True
Grecian_02__tile_r0001_c0000,Grecian_02.png,Grecian,train,1,118,0,492,197,96924,33556,2.497,0.3462,False,False,True,False,True
Grecian_02__tile_r0001_c0000,Grecian_02.png,Grecian,train,2,321,249,34,21,714,532,1.619,0.7451,False,False,False,False,False
Grecian_02__tile_r0001_c0000,Grecian_02.png,Grecian,train,3,260,288,52,61,3172,1880,0.852,0.5927,False,False,False,False,False
Grecian_02__tile_r0001_c0001,Grecian_02.png,Grecian,train,1,0,0,98,50,4900,2912,1.96,0.5943,True,False,True,False,True
Grecian_03__tile_r0000_c0000,Grecian_03.png,Grecian,train,1,552,513,88,127,11176,5321,0.693,0.4761,False,True,False,True,True
Grecian_03__tile_r0000_c0001,Grecian_03.png,Grecian,train,1,595,236,43,49,2107,1418,0.878,0.673,False,False,False,False,False
Grecian_03__tile_r0000_c0001,Grecian_03.png,Grecian,train,2,551,285,32,26,832,543,1.231,0.6526,False,False,False,False,False
Grecian_03__tile_r0000_c0001,Grecian_03.png,Grecian,train,3,507,412,133,141,18753,8859,0.943,0.4724,False,True,False,False,True
Grecian_03__tile_r0000_c0001,Grecian_03.png,Grecian,train,4,40,486,143,154,22022,10331,0.929,0.4691,False,False,False,True,True
Grecian_03__tile_r0000_c0002,Grecian_03.png,Grecian,train,1,83,236,43,49,2107,1418,0.878,0.673,False,False,False,False,False
Grecian_03__tile_r0000_c0002,Grecian_03.png,Grecian,train,2,39,285,32,26,832,543,1.231,0.6526,False,False,False,False,False
Grecian_03__tile_r0000_c0002,Grecian_03.png,Grecian,train,3,216,375,35,36,1260,764,0.972,0.6063,False,False,False,False,False
Grecian_03__tile_r0000_c0002,Grecian_03.png,Grecian,train,4,0,395,219,158,34602,14118,1.386,0.408,True,False,False,False,True
Grecian_03__tile_r0001_c0000,Grecian_03.png,Grecian,train,1,552,1,88,137,12056,5419,0.642,0.4495,False,True,False,False,True
Grecian_03__tile_r0001_c0001,Grecian_03.png,Grecian,train,1,40,0,143,138,19734,9810,1.036,0.4971,False,False,True,False,True
Grecian_03__tile_r0001_c0001,Grecian_03.png,Grecian,train,2,522,0,52,21,1092,606,2.476,0.5549,False,False,True,False,True
Grecian_03__tile_r0001_c0001,Grecian_03.png,Grecian,train,3,579,0,42,41,1722,265,1.024,0.1539,False,False,True,False,True
Grecian_03__tile_r0001_c0002,Grecian_03.png,Grecian,train,1,10,0,52,21,1092,606,2.476,0.5549,False,False,True,False,True
Grecian_03__tile_r0001_c0002,Grecian_03.png,Grecian,train,2,67,0,42,41,1722,265,1.024,0.1539,False,False,True,False,True
Grecian_04__tile_r0000_c0001,Grecian_04.png,Grecian,train,1,604,504,36,44,1584,289,0.818,0.1824,False,True,False,False,True
Grecian_04__tile_r0000_c0001,Grecian_04.png,Grecian,train,2,540,582,100,58,5800,3034,1.724,0.5231,False,True,False,True,True
Grecian_04__tile_r0000_c0002,Grecian_04.png,Grecian,train,1,28,418,500,222,111000,46266,2.252,0.4168,False,False,False,True,True
Grecian_04__tile_r0000_c0003,Grecian_04.png,Grecian,train,1,0,444,16,51,816,546,0.314,0.6691,True,False,False,False,True
Grecian_04__tile_r0001_c0001,Grecian_04.png,Grecian,train,1,609,0,31,36,1116,241,0.861,0.2159,False,True,True,False,True
Grecian_04__tile_r0001_c0001,Grecian_04.png,Grecian,train,2,511,70,129,98,12642,6732,1.316,0.5325,False,True,False,False,True
Grecian_04__tile_r0001_c0002,Grecian_04.png,Grecian,train,1,0,0,492,168,82656,35831,2.929,0.4335,True,False,True,False,True
Heart_Failure_02__tile_r0001_c0001,Heart_Failure_02.png,Heart_Failure,train,1,177,131,32,93,2976,1955,0.344,0.6569,False,False,False,False,False
Heart_Failure_03__tile_r0000_c0001,Heart_Failure_03.png,Heart_Failure,train,1,193,124,39,95,3705,1755,0.411,0.4737,False,False,False,False,False
Heart_Failure_03__tile_r0000_c0001,Heart_Failure_03.png,Heart_Failure,train,2,215,264,15,44,660,238,0.341,0.3606,False,False,False,False,False
Heart_Failure_03__tile_r0000_c0001,Heart_Failure_03.png,Heart_Failure,train,3,393,289,10,37,370,195,0.27,0.527,False,False,False,False,False
Heart_Failure_03__tile_r0000_c0001,Heart_Failure_03.png,Heart_Failure,train,4,413,351,42,69,2898,1857,0.609,0.6408,False,False,False,False,False
Heart_Failure_03__tile_r0000_c0001,Heart_Failure_03.png,Heart_Failure,train,5,201,380,90,29,2610,1530,3.103,0.5862,False,False,False,False,False
Heart_Failure_03__tile_r0000_c0001,Heart_Failure_03.png,Heart_Failure,train,6,175,399,143,110,15730,5935,1.3,0.3773,False,False,False,False,False
Heart_Failure_03__tile_r0000_c0001,Heart_Failure_03.png,Heart_Failure,train,7,387,418,104,52,5408,2927,2.0,0.5412,False,False,False,False,False
Heart_Failure_07__tile_r0000_c0000,Heart_Failure_07.png,Heart_Failure,train,1,591,396,36,52,1872,607,0.692,0.3243,False,False,False,False,False
Heart_Failure_07__tile_r0000_c0001,Heart_Failure_07.png,Heart_Failure,train,1,168,244,35,20,700,269,1.75,0.3843,False,False,False,False,False
Heart_Failure_07__tile_r0000_c0001,Heart_Failure_07.png,Heart_Failure,train,2,79,396,36,52,1872,607,0.692,0.3243,False,False,False,False,False
Heart_Failure_07__tile_r0001_c0000,Heart_Failure_07.png,Heart_Failure,train,1,490,161,150,41,6150,5102,3.659,0.8296,False,True,False,False,True
Heart_Failure_07__tile_r0001_c0001,Heart_Failure_07.png,Heart_Failure,train,1,0,161,292,49,14308,9268,5.959,0.6477,True,False,False,False,True
Heart_Failure_08__tile_r0000_c0001,Heart_Failure_08.png,Heart_Failure,train,1,251,539,25,32,800,189,0.781,0.2362,False,False,False,False,False
Heart_Failure_08__tile_r0001_c0001,Heart_Failure_08.png,Heart_Failure,train,1,251,27,25,32,800,189,0.781,0.2362,False,False,False,False,False
Heart_Failure_08__tile_r0001_c0001,Heart_Failure_08.png,Heart_Failure,train,2,580,343,31,43,1333,342,0.721,0.2566,False,False,False,False,False
Heart_Failure_08__tile_r0001_c0001,Heart_Failure_08.png,Heart_Failure,train,3,447,427,51,17,867,222,3.0,0.2561,False,False,False,False,False
Heart_Failure_08__tile_r0001_c0002,Heart_Failure_08.png,Heart_Failure,train,1,68,343,31,43,1333,342,0.721,0.2566,False,False,False,False,False
Heart_Failure_08__tile_r0001_c0002,Heart_Failure_08.png,Heart_Failure,train,2,242,352,296,235,69560,10391,1.26,0.1494,False,False,False,False,False
Heart_Failure_08__tile_r0001_c0003,Heart_Failure_08.png,Heart_Failure,train,1,0,500,26,75,1950,1043,0.347,0.5349,True,False,False,False,True
Heart_Failure_08__tile_r0002_c0000,Heart_Failure_08.png,Heart_Failure,train,1,429,171,211,63,13293,11084,3.349,0.8338,False,True,False,False,True
Heart_Failure_08__tile_r0002_c0000,Heart_Failure_08.png,Heart_Failure,train,2,610,470,30,42,1260,366,0.714,0.2905,False,True,False,False,True
Heart_Failure_08__tile_r0002_c0001,Heart_Failure_08.png,Heart_Failure,train,1,421,158,125,23,2875,621,5.435,0.216,False,False,False,False,False
Heart_Failure_08__tile_r0002_c0001,Heart_Failure_08.png,Heart_Failure,train,2,0,171,231,63,14553,12023,3.667,0.8262,True,False,False,False,True
Heart_Failure_08__tile_r0002_c0001,Heart_Failure_08.png,Heart_Failure,train,3,223,330,8,23,184,91,0.348,0.4946,False,False,False,False,False
Heart_Failure_08__tile_r0002_c0001,Heart_Failure_08.png,Heart_Failure,train,4,98,455,43,57,2451,559,0.754,0.2281,False,False,False,False,False
Heart_Failure_08__tile_r0002_c0002,Heart_Failure_08.png,Heart_Failure,train,1,307,0,231,75,17325,5869,3.08,0.3388,False,False,True,False,True
Heart_Failure_08__tile_r0002_c0002,Heart_Failure_08.png,Heart_Failure,train,2,0,158,34,10,340,175,3.4,0.5147,True,False,False,False,True
Heart_Failure_08__tile_r0002_c0003,Heart_Failure_08.png,Heart_Failure,train,1,0,0,26,63,1638,1001,0.413,0.6111,True,False,True,False,True
Heart_Failure_09__tile_r0001_c0000,Heart_Failure_09.png,Heart_Failure,train,1,534,307,9,55,495,410,0.164,0.8283,False,False,False,False,False
Heart_Failure_09__tile_r0001_c0000,Heart_Failure_09.png,Heart_Failure,train,2,620,313,20,23,460,280,0.87,0.6087,False,True,False,False,True
Heart_Failure_09__tile_r0001_c0000,Heart_Failure_09.png,Heart_Failure,train,3,602,328,38,23,874,358,1.652,0.4096,False,True,False,False,True
Heart_Failure_09__tile_r0001_c0000,Heart_Failure_09.png,Heart_Failure,train,4,546,349,94,168,15792,8417,0.56,0.533,False,True,False,False,True
Heart_Failure_09__tile_r0001_c0001,Heart_Failure_09.png,Heart_Failure,train,1,218,177,22,94,2068,909,0.234,0.4396,False,False,False,False,False
Heart_Failure_09__tile_r0001_c0001,Heart_Failure_09.png,Heart_Failure,train,2,242,219,57,71,4047,2035,0.803,0.5028,False,False,False,False,False
Heart_Failure_09__tile_r0001_c0001,Heart_Failure_09.png,Heart_Failure,train,3,198,281,43,64,2752,501,0.672,0.182,False,False,False,False,False
Heart_Failure_09__tile_r0001_c0001,Heart_Failure_09.png,Heart_Failure,train,4,22,307,9,55,495,410,0.164,0.8283,False,False,False,False,False
Heart_Failure_09__tile_r0001_c0001,Heart_Failure_09.png,Heart_Failure,train,5,108,313,188,91,17108,2739,2.066,0.1601,False,False,False,False,False
Heart_Failure_09__tile_r0001_c0001,Heart_Failure_09.png,Heart_Failure,train,6,90,328,46,25,1150,401,1.84,0.3487,False,False,False,False,False
Heart_Failure_09__tile_r0001_c0001,Heart_Failure_09.png,Heart_Failure,train,7,34,349,188,259,48692,10998,0.726,0.2259,False,False,False,False,False
Heart_Failure_09__tile_r0001_c0001,Heart_Failure_09.png,Heart_Failure,train,8,135,377,53,70,3710,1046,0.757,0.2819,False,False,False,False,False
Heart_Failure_09__tile_r0001_c0001,Heart_Failure_09.png,Heart_Failure,train,9,203,427,44,65,2860,945,0.677,0.3304,False,False,False,False,False
Heart_Failure_09__tile_r0001_c0001,Heart_Failure_09.png,Heart_Failure,train,10,424,477,50,34,1700,373,1.471,0.2194,False,False,False,False,False
Heart_Failure_09__tile_r0001_c0001,Heart_Failure_09.png,Heart_Failure,train,11,151,544,20,41,820,356,0.488,0.4341,False,False,False,False,False
Heart_Failure_09__tile_r0002_c0000,Heart_Failure_09.png,Heart_Failure,train,1,631,0,9,5,45,25,1.8,0.5556,False,True,True,False,True
Heart_Failure_09__tile_r0002_c0001,Heart_Failure_09.png,Heart_Failure,train,1,119,0,103,96,9888,1244,1.073,0.1258,False,False,True,False,True
Heart_Failure_09__tile_r0002_c0001,Heart_Failure_09.png,Heart_Failure,train,2,151,32,20,41,820,356,0.488,0.4341,False,False,False,False,False
Heart_Failure_10__tile_r0001_c0000,Heart_Failure_10.png,Heart_Failure,train,1,489,346,151,92,13892,4830,1.641,0.3477,False,True,False,False,True
Heart_Failure_10__tile_r0001_c0000,Heart_Failure_10.png,Heart_Failure,train,2,567,431,73,104,7592,1807,0.702,0.238,False,True,False,False,True
Heart_Failure_10__tile_r0001_c0000,Heart_Failure_10.png,Heart_Failure,train,3,636,494,4,6,24,16,0.667,0.6667,False,True,False,False,True
Heart_Failure_10__tile_r0001_c0000,Heart_Failure_10.png,Heart_Failure,train,4,617,562,23,78,1794,1113,0.295,0.6204,False,True,False,True,True
Heart_Failure_10__tile_r0001_c0001,Heart_Failure_10.png,Heart_Failure,train,1,0,346,136,92,12512,4434,1.478,0.3544,True,False,False,False,True
Heart_Failure_10__tile_r0001_c0001,Heart_Failure_10.png,Heart_Failure,train,2,55,431,91,104,9464,2170,0.875,0.2293,False,False,False,False,False
Heart_Failure_10__tile_r0001_c0001,Heart_Failure_10.png,Heart_Failure,train,3,105,543,101,97,9797,6354,1.041,0.6486,False,False,False,True,True
Heart_Failure_10__tile_r0002_c0000,Heart_Failure_10.png,Heart_Failure,train,1,618,0,19,23,437,195,0.826,0.4462,False,False,True,False,True
Heart_Failure_10__tile_r0002_c0000,Heart_Failure_10.png,Heart_Failure,train,2,617,50,23,87,2001,1134,0.264,0.5667,False,True,False,False,True
Heart_Failure_10__tile_r0002_c0001,Heart_Failure_10.png,Heart_Failure,train,1,106,0,19,23,437,195,0.826,0.4462,False,False,True,False,True
Heart_Failure_10__tile_r0002_c0001,Heart_Failure_10.png,Heart_Failure,train,2,105,31,174,197,34278,14963,0.883,0.4365,False,False,False,False,False
Heart_Failure_10__tile_r0002_c0001,Heart_Failure_10.png,Heart_Failure,train,3,264,179,27,66,1782,683,0.409,0.3833,False,False,False,False,False
Heart_Failure_10__tile_r0002_c0001,Heart_Failure_10.png,Heart_Failure,train,4,231,216,26,33,858,485,0.788,0.5653,False,False,False,False,False
Heart_Failure_10__tile_r0002_c0001,Heart_Failure_10.png,Heart_Failure,train,5,271,245,19,20,380,124,0.95,0.3263,False,False,False,False,False
Heart_Failure_10__tile_r0002_c0001,Heart_Failure_10.png,Heart_Failure,train,6,135,261,33,44,1452,333,0.75,0.2293,False,False,False,False,False
Isaac_M_Scott_01__tile_r0001_c0001,Isaac_M_Scott_01.png,Isaac_M_Scott,train,1,523,509,117,103,12051,9176,1.136,0.7614,False,True,False,False,True
Isaac_M_Scott_01__tile_r0001_c0002,Isaac_M_Scott_01.png,Isaac_M_Scott,train,1,11,480,629,160,100640,80226,3.931,0.7972,False,True,False,True,True
Isaac_M_Scott_01__tile_r0001_c0003,Isaac_M_Scott_01.png,Isaac_M_Scott,train,1,0,476,192,164,31488,30262,1.171,0.9611,True,True,False,True,True
Isaac_M_Scott_01__tile_r0002_c0001,Isaac_M_Scott_01.png,Isaac_M_Scott,train,1,523,0,117,100,11700,9066,1.17,0.7749,False,True,True,False,True
Isaac_M_Scott_01__tile_r0002_c0002,Isaac_M_Scott_01.png,Isaac_M_Scott,train,1,11,0,629,153,96237,76415,4.111,0.794,False,True,True,False,True
Isaac_M_Scott_01__tile_r0002_c0003,Isaac_M_Scott_01.png,Isaac_M_Scott,train,1,0,0,192,155,29760,28959,1.239,0.9731,True,True,True,False,True
Isaac_M_Scott_02__tile_r0001_c0000,Isaac_M_Scott_02.png,Isaac_M_Scott,train,1,481,564,159,70,11130,8532,2.271,0.7666,False,True,False,False,True
Isaac_M_Scott_02__tile_r0001_c0001,Isaac_M_Scott_02.png,Isaac_M_Scott,train,1,0,564,172,72,12384,10615,2.389,0.8572,True,False,False,False,True
Isaac_M_Scott_02__tile_r0001_c0001,Isaac_M_Scott_02.png,Isaac_M_Scott,train,2,531,573,109,67,7303,6614,1.627,0.9057,False,True,False,True,True
Isaac_M_Scott_02__tile_r0001_c0002,Isaac_M_Scott_02.png,Isaac_M_Scott,train,1,19,573,497,67,33299,26051,7.418,0.7823,False,False,False,True,True
Isaac_M_Scott_02__tile_r0001_c0003,Isaac_M_Scott_02.png,Isaac_M_Scott,train,1,0,614,4,10,40,28,0.4,0.7,True,False,False,False,True
Isaac_M_Scott_02__tile_r0002_c0000,Isaac_M_Scott_02.png,Isaac_M_Scott,train,1,481,52,159,70,11130,8532,2.271,0.7666,False,True,False,False,True
Isaac_M_Scott_02__tile_r0002_c0001,Isaac_M_Scott_02.png,Isaac_M_Scott,train,1,0,52,172,72,12384,10615,2.389,0.8572,True,False,False,False,True
Isaac_M_Scott_02__tile_r0002_c0001,Isaac_M_Scott_02.png,Isaac_M_Scott,train,2,531,61,109,68,7412,6615,1.603,0.8925,False,True,False,False,True
Isaac_M_Scott_02__tile_r0002_c0002,Isaac_M_Scott_02.png,Isaac_M_Scott,train,1,19,61,497,74,36778,26740,6.716,0.7271,False,False,False,False,False
Isaac_M_Scott_02__tile_r0002_c0002,Isaac_M_Scott_02.png,Isaac_M_Scott,train,2,382,138,25,18,450,161,1.389,0.3578,False,False,False,False,False
Isaac_M_Scott_02__tile_r0002_c0003,Isaac_M_Scott_02.png,Isaac_M_Scott,train,1,0,102,4,10,40,28,0.4,0.7,True,False,False,False,True
Isaac_M_Scott_03__tile_r0001_c0000,Isaac_M_Scott_03.png,Isaac_M_Scott,train,1,0,539,510,97,49470,37778,5.258,0.7637,True,False,False,False,True
Isaac_M_Scott_03__tile_r0002_c0000,Isaac_M_Scott_03.png,Isaac_M_Scott,train,1,0,27,510,97,49470,37778,5.258,0.7637,True,False,False,False,True
Isaac_M_Scott_05__tile_r0000_c0001,Isaac_M_Scott_05.png,Isaac_M_Scott,train,1,607,302,33,338,11154,8817,0.098,0.7905,False,True,False,True,True
Isaac_M_Scott_05__tile_r0000_c0002,Isaac_M_Scott_05.png,Isaac_M_Scott,train,1,95,292,113,348,39324,31253,0.325,0.7948,False,False,False,True,True
Isaac_M_Scott_05__tile_r0001_c0001,Isaac_M_Scott_05.png,Isaac_M_Scott,train,1,612,0,28,258,7224,4549,0.109,0.6297,False,True,True,False,True
Isaac_M_Scott_05__tile_r0001_c0002,Isaac_M_Scott_05.png,Isaac_M_Scott,train,1,100,0,162,379,61398,32717,0.427,0.5329,False,False,True,False,True
Isaac_M_Scott_06__tile_r0000_c0002,Isaac_M_Scott_06.png,Isaac_M_Scott,train,1,200,567,102,73,7446,3636,1.397,0.4883,False,False,False,True,True
Isaac_M_Scott_06__tile_r0001_c0002,Isaac_M_Scott_06.png,Isaac_M_Scott,train,1,172,55,130,585,76050,51674,0.222,0.6795,False,False,False,True,True
Isaac_M_Scott_06__tile_r0002_c0002,Isaac_M_Scott_06.png,Isaac_M_Scott,train,1,185,0,115,130,14950,11161,0.885,0.7466,False,False,True,False,True
Montana_01__tile_r0001_c0000,Montana_01.png,Montana,train,1,331,216,22,27,594,269,0.815,0.4529,False,False,False,False,False
Montana_01__tile_r0001_c0000,Montana_01.png,Montana,train,2,1,239,538,401,215738,167784,1.342,0.7777,False,False,False,True,True
Montana_01__tile_r0001_c0001,Montana_01.png,Montana,train,1,0,408,27,36,972,447,0.75,0.4599,True,False,False,False,True
Montana_01__tile_r0001_c0002,Montana_01.png,Montana,train,1,160,462,376,178,66928,27488,2.112,0.4107,False,False,False,True,True
Montana_01__tile_r0001_c0003,Montana_01.png,Montana,train,1,0,627,24,13,312,156,1.846,0.5,True,False,False,True,True
Montana_01__tile_r0002_c0000,Montana_01.png,Montana,train,1,1,0,590,305,179950,85841,1.934,0.477,False,False,True,False,True
Montana_01__tile_r0002_c0001,Montana_01.png,Montana,train,1,0,200,79,105,8295,3420,0.752,0.4123,True,False,False,False,True
Montana_01__tile_r0002_c0002,Montana_01.png,Montana,train,1,129,0,511,545,278495,175923,0.938,0.6317,False,True,True,False,True
Montana_01__tile_r0002_c0002,Montana_01.png,Montana,train,2,274,493,62,17,1054,400,3.647,0.3795,False,False,False,False,False
Montana_01__tile_r0002_c0002,Montana_01.png,Montana,train,3,247,507,92,22,2024,574,4.182,0.2836,False,False,False,False,False
Montana_01__tile_r0002_c0003,Montana_01.png,Montana,train,1,0,115,192,431,82752,64609,0.445,0.7808,True,True,False,False,True
Montana_01__tile_r0003_c0002,Montana_01.png,Montana,train,1,249,0,90,17,1530,486,5.294,0.3176,False,False,True,False,True
Montana_01__tile_r0003_c0002,Montana_01.png,Montana,train,2,471,0,169,33,5577,3833,5.121,0.6873,False,True,True,False,True
Montana_01__tile_r0003_c0003,Montana_01.png,Montana,train,1,0,0,170,34,5780,4062,5.0,0.7028,True,False,True,False,True
Montana_02__tile_r0002_c0001,Montana_02.png,Montana,train,1,394,544,246,96,23616,12952,2.562,0.5484,False,True,False,True,True
Montana_02__tile_r0002_c0002,Montana_02.png,Montana,train,1,184,295,456,345,157320,104810,1.322,0.6662,False,True,False,True,True
Montana_02__tile_r0002_c0002,Montana_02.png,Montana,train,2,487,306,72,19,1368,607,3.789,0.4437,False,False,False,False,False
Montana_02__tile_r0002_c0002,Montana_02.png,Montana,train,3,496,317,134,30,4020,1085,4.467,0.2699,False,False,False,False,False
Montana_02__tile_r0002_c0002,Montana_02.png,Montana,train,4,0,544,185,96,17760,8276,1.927,0.466,True,False,False,True,True
Montana_02__tile_r0002_c0002,Montana_02.png,Montana,train,5,196,607,15,33,495,296,0.455,0.598,False,False,False,True,True
Montana_02__tile_r0002_c0003,Montana_02.png,Montana,train,1,0,306,47,19,893,427,2.474,0.4782,True,False,False,False,True
Montana_02__tile_r0002_c0003,Montana_02.png,Montana,train,2,0,317,118,26,3068,932,4.538,0.3038,True,False,False,False,True
Montana_02__tile_r0002_c0003,Montana_02.png,Montana,train,3,0,416,190,224,42560,33653,0.848,0.7907,True,False,False,True,True
Montana_02__tile_r0003_c0001,Montana_02.png,Montana,train,1,392,32,248,430,106640,74098,0.577,0.6948,False,True,False,False,True
Montana_02__tile_r0003_c0002,Montana_02.png,Montana,train,1,0,0,640,482,308480,197355,1.328,0.6398,True,True,True,False,True
Montana_02__tile_r0003_c0003,Montana_02.png,Montana,train,1,0,0,190,357,67830,62618,0.532,0.9232,True,False,True,False,True
Montana_03__tile_r0001_c0000,Montana_03.png,Montana,train,1,406,590,154,50,7700,3653,3.08,0.4744,False,False,False,True,True
Montana_03__tile_r0001_c0000,Montana_03.png,Montana,train,2,385,623,11,17,187,154,0.647,0.8235,False,False,False,True,True
Montana_03__tile_r0001_c0001,Montana_03.png,Montana,train,1,0,590,48,50,2400,1641,0.96,0.6837,True,False,False,True,True
Montana_03__tile_r0001_c0002,Montana_03.png,Montana,train,1,147,466,493,174,85782,64808,2.833,0.7555,False,True,False,True,True
Montana_03__tile_r0001_c0003,Montana_03.png,Montana,train,1,0,462,192,178,34176,33015,1.079,0.966,True,True,False,True,True
Montana_03__tile_r0002_c0000,Montana_03.png,Montana,train,1,1,78,574,533,305942,187801,1.077,0.6138,False,False,False,False,False
Montana_03__tile_r0002_c0001,Montana_03.png,Montana,train,1,0,78,48,51,2448,1649,0.941,0.6736,True,False,False,False,True
Montana_03__tile_r0002_c0001,Montana_03.png,Montana,train,2,0,151,11,30,330,264,0.367,0.8,True,False,False,False,True
Montana_03__tile_r0002_c0001,Montana_03.png,Montana,train,3,0,366,2,4,8,6,0.5,0.75,True,False,False,False,True
Montana_03__tile_r0002_c0001,Montana_03.png,Montana,train,4,0,398,63,64,4032,1824,0.984,0.4524,True,False,False,False,True
Montana_03__tile_r0002_c0002,Montana_03.png,Montana,train,1,142,0,498,411,204678,145167,1.212,0.7092,False,True,True,False,True
Montana_03__tile_r0002_c0002,Montana_03.png,Montana,train,2,440,382,108,70,7560,1621,1.543,0.2144,False,False,False,False,False
Montana_03__tile_r0002_c0003,Montana_03.png,Montana,train,1,0,0,192,324,62208,57742,0.593,0.9282,True,True,True,False,True
Montana_03__tile_r0002_c0003,Montana_03.png,Montana,train,2,0,382,17,12,204,152,1.417,0.7451,True,False,False,False,True
Montana_03__tile_r0002_c0003,Montana_03.png,Montana,train,3,0,397,36,27,972,353,1.333,0.3632,True,False,False,False,True
Montana_03__tile_r0003_c0000,Montana_03.png,Montana,train,1,1,0,362,99,35838,15989,3.657,0.4461,False,False,True,False,True
Montana_03__tile_r0003_c0000,Montana_03.png,Montana,train,2,389,0,2,2,4,3,1.0,0.75,False,False,True,False,True
Montana_03__tile_r0003_c0000,Montana_03.png,Montana,train,3,410,0,10,3,30,19,3.333,0.6333,False,False,True,False,True
Montana_04__tile_r0001_c0002,Montana_04.png,Montana,train,1,586,528,49,24,1176,464,2.042,0.3946,False,False,False,False,False
Montana_04__tile_r0001_c0003,Montana_04.png,Montana,train,1,74,528,49,24,1176,464,2.042,0.3946,False,False,False,False,False
Montana_04__tile_r0002_c0002,Montana_04.png,Montana,train,1,586,16,49,24,1176,464,2.042,0.3946,False,False,False,False,False
Montana_04__tile_r0002_c0002,Montana_04.png,Montana,train,2,277,187,79,74,5846,1207,1.068,0.2065,False,False,False,False,False
Montana_04__tile_r0002_c0002,Montana_04.png,Montana,train,3,186,227,454,413,187502,144576,1.099,0.7711,False,True,False,True,True
Montana_04__tile_r0002_c0003,Montana_04.png,Montana,train,1,74,16,49,24,1176,464,2.042,0.3946,False,False,False,False,False
Montana_04__tile_r0002_c0003,Montana_04.png,Montana,train,2,0,218,192,422,81024,69900,0.455,0.8627,True,True,False,True,True
Montana_04__tile_r0003_c0002,Montana_04.png,Montana,train,1,186,0,454,188,85352,66123,2.415,0.7747,False,True,True,False,True
Montana_04__tile_r0003_c0003,Montana_04.png,Montana,train,1,0,0,192,128,24576,20132,1.5,0.8192,True,True,True,False,True
Montana_05__tile_r0001_c0002,Montana_05.png,Montana,train,1,418,388,50,31,1550,701,1.613,0.4523,False,False,False,False,False
Montana_05__tile_r0001_c0002,Montana_05.png,Montana,train,2,168,424,339,216,73224,42248,1.569,0.577,False,False,False,True,True
Montana_05__tile_r0001_c0002,Montana_05.png,Montana,train,3,577,616,20,24,480,400,0.833,0.8333,False,False,False,True,True
Montana_05__tile_r0001_c0002,Montana_05.png,Montana,train,4,623,629,17,11,187,125,1.545,0.6684,False,True,False,True,True
Montana_05__tile_r0001_c0003,Montana_05.png,Montana,train,1,111,577,77,63,4851,2264,1.222,0.4667,False,False,False,True,True
Montana_05__tile_r0001_c0003,Montana_05.png,Montana,train,2,65,616,20,24,480,400,0.833,0.8333,False,False,False,True,True
Montana_05__tile_r0002_c0000,Montana_05.png,Montana,train,1,414,377,145,263,38135,12403,0.551,0.3252,False,False,False,True,True
Montana_05__tile_r0002_c0000,Montana_05.png,Montana,train,2,412,635,13,5,65,33,2.6,0.5077,False,False,False,True,True
Montana_05__tile_r0002_c0001,Montana_05.png,Montana,train,1,0,377,47,173,8131,4734,0.272,0.5822,True,False,False,False,True
Montana_05__tile_r0002_c0002,Montana_05.png,Montana,train,1,144,0,496,640,317440,197788,0.775,0.6231,False,True,True,True,True
Montana_05__tile_r0002_c0003,Montana_05.png,Montana,train,1,0,65,192,389,74688,31100,0.494,0.4164,True,True,False,False,True
Montana_05__tile_r0002_c0003,Montana_05.png,Montana,train,2,0,134,3,8,24,21,0.375,0.875,True,False,False,False,True
Montana_05__tile_r0002_c0003,Montana_05.png,Montana,train,3,165,314,27,83,2241,665,0.325,0.2967,False,True,False,False,True
Montana_05__tile_r0003_c0000,Montana_05.png,Montana,train,1,222,0,418,640,267520,125704,0.653,0.4699,False,True,True,True,True
Montana_05__tile_r0003_c0000,Montana_05.png,Montana,train,2,206,258,35,27,945,659,1.296,0.6974,False,False,False,False,False
Montana_05__tile_r0003_c0001,Montana_05.png,Montana,train,1,0,0,16,38,608,318,0.421,0.523,True,False,True,False,True
Montana_05__tile_r0003_c0001,Montana_05.png,Montana,train,2,0,299,145,215,31175,23518,0.674,0.7544,True,False,False,False,True
Montana_05__tile_r0003_c0002,Montana_05.png,Montana,train,1,136,0,369,466,171954,43144,0.792,0.2509,False,False,True,False,True
Montana_05__tile_r0004_c0000,Montana_05.png,Montana,train,1,222,0,311,216,67176,43636,1.44,0.6496,False,False,True,False,True
Montana_05__tile_r0004_c0000,Montana_05.png,Montana,train,2,309,196,174,103,17922,3098,1.689,0.1729,False,False,False,False,False
Montana_05__tile_r0004_c0001,Montana_05.png,Montana,train,1,0,0,21,2,42,30,10.5,0.7143,True,False,True,False,True
Montana_06__tile_r0000_c0001,Montana_06.png,Montana,train,1,438,485,202,155,31310,20878,1.303,0.6668,False,True,False,True,True
Montana_06__tile_r0000_c0002,Montana_06.png,Montana,train,1,0,481,236,159,37524,31167,1.484,0.8306,True,False,False,True,True
Montana_06__tile_r0001_c0001,Montana_06.png,Montana,train,1,402,0,238,640,152320,105205,0.372,0.6907,False,True,True,True,True
Montana_06__tile_r0001_c0002,Montana_06.png,Montana,train,1,0,0,233,326,75958,51428,0.715,0.6771,True,False,True,False,True
Montana_06__tile_r0001_c0002,Montana_06.png,Montana,train,2,623,304,17,14,238,187,1.214,0.7857,False,True,False,False,True
Montana_06__tile_r0001_c0002,Montana_06.png,Montana,train,3,393,330,247,310,76570,36953,0.797,0.4826,False,True,False,True,True
Montana_06__tile_r0001_c0002,Montana_06.png,Montana,train,4,0,370,238,270,64260,44119,0.881,0.6866,True,False,False,True,True
Montana_06__tile_r0001_c0002,Montana_06.png,Montana,train,5,393,638,4,2,8,5,2.0,0.625,False,False,False,True,True
Montana_06__tile_r0001_c0003,Montana_06.png,Montana,train,1,0,251,192,389,74688,52794,0.494,0.7069,True,True,False,True,True
Montana_06__tile_r0002_c0001,Montana_06.png,Montana,train,1,394,0,246,335,82410,44992,0.734,0.546,False,True,True,False,True
Montana_06__tile_r0002_c0002,Montana_06.png,Montana,train,1,0,0,192,220,42240,20147,0.873,0.477,True,False,True,False,True
Montana_06__tile_r0002_c0002,Montana_06.png,Montana,train,2,194,0,44,10,440,198,4.4,0.45,False,False,True,False,True
Montana_06__tile_r0002_c0002,Montana_06.png,Montana,train,3,219,0,421,640,269440,199007,0.658,0.7386,False,True,True,True,True
Montana_06__tile_r0002_c0003,Montana_06.png,Montana,train,1,0,0,192,640,122880,119594,0.3,0.9733,True,True,True,True,True
Montana_06__tile_r0003_c0002,Montana_06.png,Montana,train,1,224,0,416,293,121888,78324,1.42,0.6426,False,True,True,False,True
Montana_06__tile_r0003_c0003,Montana_06.png,Montana,train,1,0,0,192,284,54528,30994,0.676,0.5684,True,True,True,False,True
Montana_07__tile_r0001_c0002,Montana_07.png,Montana,train,1,379,506,24,21,504,364,1.143,0.7222,False,False,False,False,False
Montana_07__tile_r0001_c0002,Montana_07.png,Montana,train,2,475,547,151,93,14043,4082,1.624,0.2907,False,False,False,True,True
Montana_07__tile_r0001_c0002,Montana_07.png,Montana,train,3,516,551,39,47,1833,823,0.83,0.449,False,False,False,False,False
Montana_07__tile_r0001_c0002,Montana_07.png,Montana,train,4,197,587,169,53,8957,6170,3.189,0.6888,False,False,False,True,True
Montana_07__tile_r0001_c0002,Montana_07.png,Montana,train,5,467,631,13,9,117,80,1.444,0.6838,False,False,False,True,True
Montana_07__tile_r0001_c0003,Montana_07.png,Montana,train,1,0,547,114,93,10602,3432,1.226,0.3237,True,False,False,True,True
Montana_07__tile_r0001_c0003,Montana_07.png,Montana,train,2,4,551,39,47,1833,823,0.83,0.449,False,False,False,False,False
Montana_07__tile_r0002_c0001,Montana_07.png,Montana,train,1,370,565,97,75,7275,4519,1.293,0.6212,False,False,False,True,True
Montana_07__tile_r0002_c0002,Montana_07.png,Montana,train,1,379,0,24,15,360,260,1.6,0.7222,False,False,True,False,True
Montana_07__tile_r0002_c0002,Montana_07.png,Montana,train,2,172,35,468,605,283140,205006,0.774,0.724,False,True,False,True,True
Montana_07__tile_r0002_c0002,Montana_07.png,Montana,train,3,516,39,39,47,1833,823,0.83,0.449,False,False,False,False,False
Montana_07__tile_r0002_c0003,Montana_07.png,Montana,train,1,0,35,192,605,116160,89471,0.317,0.7702,True,True,False,True,True
Montana_07__tile_r0002_c0003,Montana_07.png,Montana,train,2,4,39,39,47,1833,823,0.83,0.449,False,False,False,False,False
Montana_07__tile_r0003_c0001,Montana_07.png,Montana,train,1,352,53,288,587,169056,97038,0.491,0.574,False,True,False,True,True
Montana_07__tile_r0003_c0002,Montana_07.png,Montana,train,1,271,0,369,556,205164,112884,0.664,0.5502,False,True,True,False,True
Montana_07__tile_r0003_c0002,Montana_07.png,Montana,train,2,0,158,11,14,154,110,0.786,0.7143,True,False,False,False,True
Montana_07__tile_r0003_c0002,Montana_07.png,Montana,train,3,0,203,248,437,108376,64148,0.568,0.5919,True,False,False,True,True
Montana_07__tile_r0003_c0002,Montana_07.png,Montana,train,4,490,571,42,28,1176,635,1.5,0.54,False,False,False,False,False
Montana_07__tile_r0003_c0003,Montana_07.png,Montana,train,1,0,0,192,640,122880,100419,0.3,0.8172,True,True,True,True,True
Montana_07__tile_r0003_c0003,Montana_07.png,Montana,train,2,0,573,20,26,520,349,0.769,0.6712,True,False,False,False,True
Montana_07__tile_r0004_c0001,Montana_07.png,Montana,train,1,377,0,263,339,89157,66714,0.776,0.7483,False,True,True,False,True
Montana_07__tile_r0004_c0002,Montana_07.png,Montana,train,1,0,0,297,340,100980,69853,0.874,0.6918,True,False,True,False,True
Montana_07__tile_r0004_c0002,Montana_07.png,Montana,train,2,570,0,70,44,3080,1235,1.591,0.401,False,True,True,False,True
Montana_07__tile_r0004_c0002,Montana_07.png,Montana,train,3,490,59,42,28,1176,635,1.5,0.54,False,False,False,False,False
Montana_07__tile_r0004_c0003,Montana_07.png,Montana,train,1,58,0,134,149,19966,6879,0.899,0.3445,False,True,True,False,True
Montana_07__tile_r0004_c0003,Montana_07.png,Montana,train,2,0,61,20,26,520,349,0.769,0.6712,True,False,False,False,True
Montana_08__tile_r0000_c0000,Montana_08.png,Montana,train,1,386,312,164,328,53792,19577,0.5,0.3639,False,False,False,True,True
Montana_08__tile_r0000_c0001,Montana_08.png,Montana,train,1,0,461,1,1,1,1,1.0,1.0,True,False,False,False,True
Montana_08__tile_r0000_c0001,Montana_08.png,Montana,train,2,0,559,38,81,3078,2074,0.469,0.6738,True,False,False,True,True
Montana_08__tile_r0000_c0002,Montana_08.png,Montana,train,1,185,370,194,270,52380,19674,0.719,0.3756,False,False,False,True,True
Montana_08__tile_r0000_c0002,Montana_08.png,Montana,train,2,469,572,39,21,819,507,1.857,0.619,False,False,False,False,False
Montana_08__tile_r0001_c0000,Montana_08.png,Montana,train,1,396,0,169,254,42926,17779,0.665,0.4142,False,False,True,False,True
Montana_08__tile_r0001_c0001,Montana_08.png,Montana,train,1,0,47,53,207,10971,7645,0.256,0.6968,True,False,False,False,True
Montana_08__tile_r0001_c0001,Montana_08.png,Montana,train,2,597,149,43,82,3526,2343,0.524,0.6645,False,True,False,False,True
Montana_08__tile_r0001_c0001,Montana_08.png,Montana,train,3,626,613,14,10,140,97,1.4,0.6929,False,True,False,False,True
Montana_08__tile_r0001_c0002,Montana_08.png,Montana,train,1,85,0,555,640,355200,199276,0.867,0.561,False,True,True,True,True
Montana_08__tile_r0001_c0002,Montana_08.png,Montana,train,2,469,60,39,21,819,507,1.857,0.619,False,False,False,False,False
Montana_08__tile_r0001_c0003,Montana_08.png,Montana,train,1,0,260,32,34,1088,613,0.941,0.5634,True,False,False,False,True
Montana_08__tile_r0001_c0003,Montana_08.png,Montana,train,2,0,315,137,325,44525,20520,0.422,0.4609,True,False,False,True,True
Montana_08__tile_r0002_c0001,Montana_08.png,Montana,train,1,626,101,14,10,140,97,1.4,0.6929,False,True,False,False,True
Montana_08__tile_r0002_c0002,Montana_08.png,Montana,train,1,114,0,526,640,336640,221717,0.822,0.6586,False,True,True,True,True
Montana_08__tile_r0002_c0002,Montana_08.png,Montana,train,2,363,527,54,59,3186,1900,0.915,0.5964,False,False,False,False,False
Montana_08__tile_r0002_c0002,Montana_08.png,Montana,train,3,458,605,19,31,589,274,0.613,0.4652,False,False,False,False,False
Montana_08__tile_r0002_c0002,Montana_08.png,Montana,train,4,416,618,24,22,528,235,1.091,0.4451,False,False,False,True,True
Montana_08__tile_r0002_c0003,Montana_08.png,Montana,train,1,0,0,192,627,120384,96542,0.306,0.802,True,True,True,False,True
Montana_08__tile_r0003_c0002,Montana_08.png,Montana,train,1,311,0,87,155,13485,3757,0.561,0.2786,False,False,True,False,True
Montana_08__tile_r0003_c0002,Montana_08.png,Montana,train,2,398,0,242,98,23716,11978,2.469,0.5051,False,True,True,False,True
Montana_08__tile_r0003_c0002,Montana_08.png,Montana,train,3,363,15,54,59,3186,1900,0.915,0.5964,False,False,False,False,False
Montana_08__tile_r0003_c0002,Montana_08.png,Montana,train,4,458,93,19,31,589,274,0.613,0.4652,False,False,False,False,False
Montana_08__tile_r0003_c0002,Montana_08.png,Montana,train,5,416,106,26,47,1222,595,0.553,0.4869,False,False,False,False,False
Montana_08__tile_r0003_c0002,Montana_08.png,Montana,train,6,559,183,22,21,462,245,1.048,0.5303,False,False,False,False,False
Montana_08__tile_r0003_c0003,Montana_08.png,Montana,train,1,0,0,192,115,22080,15243,1.67,0.6904,True,True,True,False,True
Montana_08__tile_r0003_c0003,Montana_08.png,Montana,train,2,47,183,22,21,462,245,1.048,0.5303,False,False,False,False,False
Near_Shore_01__tile_r0003_c0003,Near_Shore_01.png,Near_Shore,train,1,184,636,7,4,28,16,1.75,0.5714,False,False,False,True,True
Near_Shore_01__tile_r0004_c0002,Near_Shore_01.png,Near_Shore,train,1,560,136,80,65,5200,3119,1.231,0.5998,False,True,False,False,True
Near_Shore_01__tile_r0004_c0002,Near_Shore_01.png,Near_Shore,train,2,501,214,139,123,17097,4569,1.13,0.2672,False,True,False,False,True
Near_Shore_01__tile_r0004_c0003,Near_Shore_01.png,Near_Shore,train,1,0,124,191,210,40110,13915,0.91,0.3469,True,False,False,False,True
Near_Shore_02__tile_r0001_c0000,Near_Shore_02.png,Near_Shore,train,1,169,323,32,48,1536,1035,0.667,0.6738,False,False,False,False,False
Near_Shore_02__tile_r0001_c0000,Near_Shore_02.png,Near_Shore,train,2,333,455,127,185,23495,16802,0.686,0.7151,False,False,False,True,True
Near_Shore_02__tile_r0001_c0000,Near_Shore_02.png,Near_Shore,train,3,2,574,105,66,6930,4850,1.591,0.6999,False,False,False,True,True
Near_Shore_02__tile_r0002_c0000,Near_Shore_02.png,Near_Shore,train,1,200,0,261,640,167040,87469,0.408,0.5236,False,False,True,True,True
Near_Shore_02__tile_r0002_c0000,Near_Shore_02.png,Near_Shore,train,2,2,62,120,578,69360,47156,0.208,0.6799,False,False,False,True,True
Near_Shore_02__tile_r0002_c0000,Near_Shore_02.png,Near_Shore,train,3,392,282,125,358,44750,24806,0.349,0.5543,False,False,False,True,True
Near_Shore_02__tile_r0002_c0001,Near_Shore_02.png,Near_Shore,train,1,0,284,5,22,110,59,0.227,0.5364,True,False,False,False,True
Near_Shore_02__tile_r0002_c0001,Near_Shore_02.png,Near_Shore,train,2,0,428,5,85,425,258,0.059,0.6071,True,False,False,False,True
Near_Shore_02__tile_r0003_c0000,Near_Shore_02.png,Near_Shore,train,1,14,0,108,184,19872,15946,0.587,0.8024,False,False,True,False,True
Near_Shore_02__tile_r0003_c0000,Near_Shore_02.png,Near_Shore,train,2,157,0,225,273,61425,26453,0.824,0.4307,False,False,True,False,True
Near_Shore_02__tile_r0003_c0000,Near_Shore_02.png,Near_Shore,train,3,389,0,124,275,34100,15328,0.451,0.4495,False,False,True,False,True
Near_Shore_02__tile_r0003_c0001,Near_Shore_02.png,Near_Shore,train,1,0,0,1,1,1,1,1.0,1.0,True,False,True,False,True
Near_Shore_02__tile_r0013_c0001,Near_Shore_02.png,Near_Shore,train,1,633,585,7,10,70,52,0.7,0.7429,False,True,False,False,True
Near_Shore_02__tile_r0013_c0002,Near_Shore_02.png,Near_Shore,train,1,121,393,299,206,61594,10935,1.451,0.1775,False,False,False,False,False
Near_Shore_02__tile_r0013_c0002,Near_Shore_02.png,Near_Shore,train,2,133,534,231,106,24486,3763,2.179,0.1537,False,False,False,True,True
Near_Shore_02__tile_r0013_c0002,Near_Shore_02.png,Near_Shore,train,3,309,567,9,8,72,46,1.125,0.6389,False,False,False,False,False
Near_Shore_02__tile_r0013_c0002,Near_Shore_02.png,Near_Shore,train,4,302,571,13,11,143,79,1.182,0.5524,False,False,False,False,False
Near_Shore_02__tile_r0013_c0002,Near_Shore_02.png,Near_Shore,train,5,333,583,12,17,204,132,0.706,0.6471,False,False,False,False,False
Near_Shore_02__tile_r0014_c0000,Near_Shore_02.png,Near_Shore,train,1,512,340,16,12,192,99,1.333,0.5156,False,False,False,False,False
Near_Shore_02__tile_r0014_c0000,Near_Shore_02.png,Near_Shore,train,2,407,395,86,87,7482,3409,0.989,0.4556,False,False,False,False,False
Near_Shore_02__tile_r0014_c0000,Near_Shore_02.png,Near_Shore,train,3,477,483,64,41,2624,1225,1.561,0.4668,False,False,False,False,False
Near_Shore_02__tile_r0014_c0000,Near_Shore_02.png,Near_Shore,train,4,565,485,13,12,156,79,1.083,0.5064,False,False,False,False,False
Near_Shore_02__tile_r0014_c0001,Near_Shore_02.png,Near_Shore,train,1,633,73,7,10,70,52,0.7,0.7429,False,True,False,False,True
Near_Shore_02__tile_r0014_c0001,Near_Shore_02.png,Near_Shore,train,2,633,131,7,16,112,81,0.438,0.7232,False,True,False,False,True
Near_Shore_02__tile_r0014_c0001,Near_Shore_02.png,Near_Shore,train,3,434,294,94,58,5452,1728,1.621,0.3169,False,False,False,False,False
Near_Shore_02__tile_r0014_c0001,Near_Shore_02.png,Near_Shore,train,4,0,340,16,12,192,99,1.333,0.5156,True,False,False,False,True
Near_Shore_02__tile_r0014_c0001,Near_Shore_02.png,Near_Shore,train,5,0,483,29,30,870,494,0.967,0.5678,True,False,False,False,True
Near_Shore_02__tile_r0014_c0001,Near_Shore_02.png,Near_Shore,train,6,53,485,13,12,156,79,1.083,0.5064,False,False,False,False,False
Near_Shore_02__tile_r0014_c0001,Near_Shore_02.png,Near_Shore,train,7,171,606,29,34,986,333,0.853,0.3377,False,False,False,True,True
Near_Shore_02__tile_r0014_c0002,Near_Shore_02.png,Near_Shore,train,1,121,0,168,87,14616,4811,1.931,0.3292,False,False,True,False,True
Near_Shore_02__tile_r0014_c0002,Near_Shore_02.png,Near_Shore,train,2,121,22,243,125,30375,4174,1.944,0.1374,False,False,False,False,False
Near_Shore_02__tile_r0014_c0002,Near_Shore_02.png,Near_Shore,train,3,309,55,9,8,72,46,1.125,0.6389,False,False,False,False,False
Near_Shore_02__tile_r0014_c0002,Near_Shore_02.png,Near_Shore,train,4,302,59,13,11,143,79,1.182,0.5524,False,False,False,False,False
Near_Shore_02__tile_r0014_c0002,Near_Shore_02.png,Near_Shore,train,5,333,71,12,17,204,132,0.706,0.6471,False,False,False,False,False
Near_Shore_02__tile_r0014_c0002,Near_Shore_02.png,Near_Shore,train,6,161,166,22,18,396,176,1.222,0.4444,False,False,False,False,False
Near_Shore_02__tile_r0014_c0002,Near_Shore_02.png,Near_Shore,train,7,171,166,42,29,1218,359,1.448,0.2947,False,False,False,False,False
Near_Shore_02__tile_r0014_c0002,Near_Shore_02.png,Near_Shore,train,8,136,198,18,15,270,141,1.2,0.5222,False,False,False,False,False
Near_Shore_02__tile_r0014_c0002,Near_Shore_02.png,Near_Shore,train,9,336,265,22,25,550,165,0.88,0.3,False,False,False,False,False
Near_Shore_02__tile_r0014_c0002,Near_Shore_02.png,Near_Shore,train,10,0,297,16,15,240,147,1.067,0.6125,True,False,False,False,True
Near_Shore_02__tile_r0015_c0000,Near_Shore_02.png,Near_Shore,train,1,478,0,5,2,10,9,2.5,0.9,False,False,True,False,True
Near_Shore_02__tile_r0015_c0000,Near_Shore_02.png,Near_Shore,train,2,478,0,35,12,420,199,2.917,0.4738,False,False,True,False,True
Near_Shore_02__tile_r0015_c0001,Near_Shore_02.png,Near_Shore,train,1,0,0,1,1,1,1,1.0,1.0,True,False,True,False,True
Near_Shore_02__tile_r0015_c0001,Near_Shore_02.png,Near_Shore,train,2,171,94,29,36,1044,342,0.806,0.3276,False,False,False,False,False
Near_Shore_02__tile_r0016_c0000,Near_Shore_02.png,Near_Shore,train,1,187,317,46,38,1748,544,1.211,0.3112,False,False,False,False,False
Near_Shore_03__tile_r0014_c0000,Near_Shore_03.png,Near_Shore,train,1,3,638,1,2,2,2,0.5,1.0,False,False,False,True,True
Near_Shore_03__tile_r0015_c0000,Near_Shore_03.png,Near_Shore,train,1,0,126,27,260,7020,4617,0.104,0.6577,True,False,False,False,True
Near_Shore_03__tile_r0016_c0002,Near_Shore_03.png,Near_Shore,train,1,281,339,42,109,4578,2415,0.385,0.5275,False,False,False,False,False
Near_Shore_04__tile_r0000_c0000,Near_Shore_04.png,Near_Shore,train,1,120,481,160,91,14560,4718,1.758,0.324,False,False,False,False,False
Near_Shore_04__tile_r0001_c0000,Near_Shore_04.png,Near_Shore,train,1,120,0,27,6,162,110,4.5,0.679,False,False,True,False,True
Near_Shore_04__tile_r0001_c0000,Near_Shore_04.png,Near_Shore,train,2,175,0,105,60,6300,2660,1.75,0.4222,False,False,True,False,True
Near_Shore_04__tile_r0001_c0002,Near_Shore_04.png,Near_Shore,train,1,595,149,45,92,4140,2085,0.489,0.5036,False,True,False,False,True
Near_Shore_04__tile_r0001_c0003,Near_Shore_04.png,Near_Shore,train,1,83,149,49,92,4508,2113,0.533,0.4687,False,False,False,False,False
Near_Shore_04__tile_r0005_c0000,Near_Shore_04.png,Near_Shore,train,1,1,200,318,440,139920,80207,0.723,0.5732,False,False,False,True,True
Near_Shore_04__tile_r0006_c0000,Near_Shore_04.png,Near_Shore,train,1,1,0,351,455,159705,98783,0.771,0.6185,False,False,True,False,True
Near_Shore_04__tile_r0006_c0000,Near_Shore_04.png,Near_Shore,train,2,1,304,37,140,5180,3148,0.264,0.6077,False,False,False,False,False
Near_Shore_04__tile_r0006_c0000,Near_Shore_04.png,Near_Shore,train,3,148,483,10,13,130,77,0.769,0.5923,False,False,False,False,False
Near_Shore_04__tile_r0017_c0002,Near_Shore_04.png,Near_Shore,train,1,405,352,12,68,816,645,0.176,0.7904,False,False,False,False,False
Near_Shore_05__tile_r0010_c0000,Near_Shore_05.png,Near_Shore,train,1,229,621,38,19,722,498,2.0,0.6898,False,False,False,True,True
Near_Shore_05__tile_r0010_c0000,Near_Shore_05.png,Near_Shore,train,2,171,634,13,6,78,45,2.167,0.5769,False,False,False,True,True
Near_Shore_05__tile_r0010_c0000,Near_Shore_05.png,Near_Shore,train,3,209,638,15,2,30,24,7.5,0.8,False,False,False,True,True
Near_Shore_05__tile_r0011_c0000,Near_Shore_05.png,Near_Shore,train,1,1,109,482,531,255942,194358,0.908,0.7594,False,False,False,True,True
Near_Shore_05__tile_r0011_c0000,Near_Shore_05.png,Near_Shore,train,2,488,507,30,107,3210,1263,0.28,0.3935,False,False,False,False,False
Near_Shore_05__tile_r0011_c0001,Near_Shore_05.png,Near_Shore,train,1,0,576,6,28,168,87,0.214,0.5179,True,False,False,False,True
Near_Shore_05__tile_r0011_c0001,Near_Shore_05.png,Near_Shore,train,2,0,608,2,6,12,8,0.333,0.6667,True,False,False,False,True
Near_Shore_05__tile_r0012_c0000,Near_Shore_05.png,Near_Shore,train,1,1,0,539,484,260876,167897,1.114,0.6436,False,False,True,False,True
Near_Shore_05__tile_r0012_c0000,Near_Shore_05.png,Near_Shore,train,2,488,0,30,102,3060,1225,0.294,0.4003,False,False,True,False,True
Near_Shore_05__tile_r0012_c0001,Near_Shore_05.png,Near_Shore,train,1,0,64,6,28,168,87,0.214,0.5179,True,False,False,False,True
Near_Shore_05__tile_r0012_c0001,Near_Shore_05.png,Near_Shore,train,2,0,96,2,6,12,8,0.333,0.6667,True,False,False,False,True
Near_Shore_05__tile_r0012_c0001,Near_Shore_05.png,Near_Shore,train,3,0,229,28,134,3752,1649,0.209,0.4395,True,False,False,False,True
Near_Shore_05__tile_r0013_c0000,Near_Shore_05.png,Near_Shore,train,1,406,187,33,51,1683,1221,0.647,0.7255,False,False,False,False,False
Near_Shore_05__tile_r0013_c0000,Near_Shore_05.png,Near_Shore,train,2,182,196,5,17,85,69,0.294,0.8118,False,False,False,False,False
Near_Shore_05__tile_r0013_c0000,Near_Shore_05.png,Near_Shore,train,3,60,287,154,61,9394,3583,2.525,0.3814,False,False,False,False,False
Oscar_T_Flint_03__tile_r0003_c0002,Oscar_T_Flint_03.png,Oscar_T_Flint,train,1,262,229,39,46,1794,381,0.848,0.2124,False,False,False,False,False
Oscar_T_Flint_03__tile_r0003_c0002,Oscar_T_Flint_03.png,Oscar_T_Flint,train,2,414,293,34,18,612,198,1.889,0.3235,False,False,False,False,False
Oscar_T_Flint_03__tile_r0003_c0002,Oscar_T_Flint_03.png,Oscar_T_Flint,train,3,449,308,17,7,119,70,2.429,0.5882,False,False,False,False,False
Oscar_T_Flint_03__tile_r0003_c0002,Oscar_T_Flint_03.png,Oscar_T_Flint,train,4,401,321,239,191,45649,29305,1.251,0.642,False,True,False,False,True
Oscar_T_Flint_03__tile_r0003_c0002,Oscar_T_Flint_03.png,Oscar_T_Flint,train,5,270,355,98,56,5488,1088,1.75,0.1983,False,False,False,False,False
Oscar_T_Flint_03__tile_r0003_c0002,Oscar_T_Flint_03.png,Oscar_T_Flint,train,6,594,551,28,26,728,406,1.077,0.5577,False,False,False,False,False
Oscar_T_Flint_03__tile_r0003_c0002,Oscar_T_Flint_03.png,Oscar_T_Flint,train,7,295,577,43,22,946,469,1.955,0.4958,False,False,False,False,False
Oscar_T_Flint_03__tile_r0003_c0003,Oscar_T_Flint_03.png,Oscar_T_Flint,train,1,0,321,192,200,38400,27849,0.96,0.7252,True,True,False,False,True
Oscar_T_Flint_03__tile_r0003_c0003,Oscar_T_Flint_03.png,Oscar_T_Flint,train,2,82,551,28,26,728,406,1.077,0.5577,False,False,False,False,False
Oscar_T_Flint_03__tile_r0004_c0002,Oscar_T_Flint_03.png,Oscar_T_Flint,train,1,594,39,28,26,728,406,1.077,0.5577,False,False,False,False,False
Oscar_T_Flint_03__tile_r0004_c0002,Oscar_T_Flint_03.png,Oscar_T_Flint,train,2,295,65,43,22,946,469,1.955,0.4958,False,False,False,False,False
Oscar_T_Flint_03__tile_r0004_c0002,Oscar_T_Flint_03.png,Oscar_T_Flint,train,3,455,183,105,27,2835,871,3.889,0.3072,False,False,False,False,False
Oscar_T_Flint_03__tile_r0004_c0002,Oscar_T_Flint_03.png,Oscar_T_Flint,train,4,509,343,44,18,792,272,2.444,0.3434,False,False,False,False,False
Oscar_T_Flint_03__tile_r0004_c0003,Oscar_T_Flint_03.png,Oscar_T_Flint,train,1,128,0,15,3,45,39,5.0,0.8667,False,False,True,False,True
Oscar_T_Flint_03__tile_r0004_c0003,Oscar_T_Flint_03.png,Oscar_T_Flint,train,2,151,0,40,9,360,190,4.444,0.5278,False,False,True,False,True
Oscar_T_Flint_03__tile_r0004_c0003,Oscar_T_Flint_03.png,Oscar_T_Flint,train,3,82,39,28,26,728,406,1.077,0.5577,False,False,False,False,False
Oscar_T_Flint_03__tile_r0004_c0003,Oscar_T_Flint_03.png,Oscar_T_Flint,train,4,0,183,48,17,816,370,2.824,0.4534,True,False,False,False,True
Oscar_T_Flint_03__tile_r0004_c0003,Oscar_T_Flint_03.png,Oscar_T_Flint,train,5,0,343,41,18,738,263,2.278,0.3564,True,False,False,False,True
Oscar_T_Flint_04__tile_r0002_c0000,Oscar_T_Flint_04.png,Oscar_T_Flint,train,1,507,328,70,25,1750,454,2.8,0.2594,False,False,False,False,False
Oscar_T_Flint_04__tile_r0002_c0000,Oscar_T_Flint_04.png,Oscar_T_Flint,train,2,595,435,45,28,1260,356,1.607,0.2825,False,True,False,False,True
Oscar_T_Flint_04__tile_r0002_c0000,Oscar_T_Flint_04.png,Oscar_T_Flint,train,3,627,441,13,10,130,96,1.3,0.7385,False,True,False,False,True
Oscar_T_Flint_04__tile_r0002_c0000,Oscar_T_Flint_04.png,Oscar_T_Flint,train,4,234,471,406,169,68614,42941,2.402,0.6258,False,True,False,True,True
Oscar_T_Flint_04__tile_r0002_c0000,Oscar_T_Flint_04.png,Oscar_T_Flint,train,5,516,480,18,17,306,160,1.059,0.5229,False,False,False,False,False
Oscar_T_Flint_04__tile_r0002_c0000,Oscar_T_Flint_04.png,Oscar_T_Flint,train,6,619,516,21,9,189,138,2.333,0.7302,False,True,False,False,True
Oscar_T_Flint_04__tile_r0002_c0000,Oscar_T_Flint_04.png,Oscar_T_Flint,train,7,335,595,76,45,3420,1832,1.689,0.5357,False,False,False,True,True
Oscar_T_Flint_04__tile_r0002_c0000,Oscar_T_Flint_04.png,Oscar_T_Flint,train,8,437,627,53,13,689,469,4.077,0.6807,False,False,False,True,True
Oscar_T_Flint_04__tile_r0002_c0001,Oscar_T_Flint_04.png,Oscar_T_Flint,train,1,0,328,65,22,1430,427,2.955,0.2986,True,False,False,False,True
Oscar_T_Flint_04__tile_r0002_c0001,Oscar_T_Flint_04.png,Oscar_T_Flint,train,2,115,422,62,30,1860,798,2.067,0.429,False,False,False,False,False
Oscar_T_Flint_04__tile_r0002_c0001,Oscar_T_Flint_04.png,Oscar_T_Flint,train,3,83,435,122,68,8296,1231,1.794,0.1484,False,False,False,False,False
Oscar_T_Flint_04__tile_r0002_c0001,Oscar_T_Flint_04.png,Oscar_T_Flint,train,4,4,480,18,17,306,160,1.059,0.5229,False,False,False,False,False
Oscar_T_Flint_04__tile_r0002_c0001,Oscar_T_Flint_04.png,Oscar_T_Flint,train,5,0,511,268,129,34572,24736,2.078,0.7155,True,False,False,True,True
Oscar_T_Flint_04__tile_r0002_c0001,Oscar_T_Flint_04.png,Oscar_T_Flint,train,6,107,516,75,29,2175,1085,2.586,0.4989,False,False,False,False,False
Oscar_T_Flint_04__tile_r0002_c0001,Oscar_T_Flint_04.png,Oscar_T_Flint,train,7,444,611,113,29,3277,1987,3.897,0.6063,False,False,False,True,True
Oscar_T_Flint_04__tile_r0002_c0001,Oscar_T_Flint_04.png,Oscar_T_Flint,train,8,539,615,95,25,2375,1716,3.8,0.7225,False,False,False,True,True
Oscar_T_Flint_04__tile_r0002_c0002,Oscar_T_Flint_04.png,Oscar_T_Flint,train,1,233,499,16,15,240,179,1.067,0.7458,False,False,False,False,False
Oscar_T_Flint_04__tile_r0002_c0002,Oscar_T_Flint_04.png,Oscar_T_Flint,train,2,27,615,95,25,2375,1716,3.8,0.7225,False,False,False,True,True
Oscar_T_Flint_04__tile_r0002_c0002,Oscar_T_Flint_04.png,Oscar_T_Flint,train,3,0,622,45,18,810,301,2.5,0.3716,True,False,False,True,True
Oscar_T_Flint_04__tile_r0003_c0000,Oscar_T_Flint_04.png,Oscar_T_Flint,train,1,234,0,406,157,63742,39999,2.586,0.6275,False,True,True,False,True
Oscar_T_Flint_04__tile_r0003_c0000,Oscar_T_Flint_04.png,Oscar_T_Flint,train,2,619,4,21,9,189,138,2.333,0.7302,False,True,False,False,True
Oscar_T_Flint_04__tile_r0003_c0000,Oscar_T_Flint_04.png,Oscar_T_Flint,train,3,335,83,76,50,3800,1901,1.52,0.5003,False,False,False,False,False
Oscar_T_Flint_04__tile_r0003_c0000,Oscar_T_Flint_04.png,Oscar_T_Flint,train,4,437,115,113,45,5085,2190,2.511,0.4307,False,False,False,False,False
Oscar_T_Flint_04__tile_r0003_c0000,Oscar_T_Flint_04.png,Oscar_T_Flint,train,5,550,136,68,37,2516,1090,1.838,0.4332,False,False,False,False,False
Oscar_T_Flint_04__tile_r0003_c0001,Oscar_T_Flint_04.png,Oscar_T_Flint,train,1,0,0,268,196,52528,33044,1.367,0.6291,True,False,True,False,True
Oscar_T_Flint_04__tile_r0003_c0001,Oscar_T_Flint_04.png,Oscar_T_Flint,train,2,107,4,75,29,2175,1085,2.586,0.4989,False,False,False,False,False
Oscar_T_Flint_04__tile_r0003_c0001,Oscar_T_Flint_04.png,Oscar_T_Flint,train,3,441,99,199,175,34825,22811,1.137,0.655,False,True,False,False,True
Oscar_T_Flint_04__tile_r0003_c0001,Oscar_T_Flint_04.png,Oscar_T_Flint,train,4,539,103,95,45,4275,2239,2.111,0.5237,False,False,False,False,False
Oscar_T_Flint_04__tile_r0003_c0001,Oscar_T_Flint_04.png,Oscar_T_Flint,train,5,0,133,38,24,912,581,1.583,0.6371,True,False,False,False,True
Oscar_T_Flint_04__tile_r0003_c0001,Oscar_T_Flint_04.png,Oscar_T_Flint,train,6,38,136,68,37,2516,1090,1.838,0.4332,False,False,False,False,False
Oscar_T_Flint_04__tile_r0003_c0001,Oscar_T_Flint_04.png,Oscar_T_Flint,train,7,630,243,10,19,190,172,0.526,0.9053,False,True,False,False,True
Oscar_T_Flint_04__tile_r0003_c0001,Oscar_T_Flint_04.png,Oscar_T_Flint,train,8,627,278,13,8,104,73,1.625,0.7019,False,True,False,False,True
Oscar_T_Flint_04__tile_r0003_c0002,Oscar_T_Flint_04.png,Oscar_T_Flint,train,1,235,0,10,2,20,11,5.0,0.55,False,False,True,False,True
Oscar_T_Flint_04__tile_r0003_c0002,Oscar_T_Flint_04.png,Oscar_T_Flint,train,2,27,103,95,45,4275,2239,2.111,0.5237,False,False,False,False,False
Oscar_T_Flint_04__tile_r0003_c0002,Oscar_T_Flint_04.png,Oscar_T_Flint,train,3,0,110,150,164,24600,14933,0.915,0.607,True,False,False,False,True
Oscar_T_Flint_04__tile_r0003_c0002,Oscar_T_Flint_04.png,Oscar_T_Flint,train,4,232,143,114,58,6612,2312,1.966,0.3497,False,False,False,False,False
Oscar_T_Flint_04__tile_r0003_c0002,Oscar_T_Flint_04.png,Oscar_T_Flint,train,5,203,200,75,38,2850,1687,1.974,0.5919,False,False,False,False,False
Oscar_T_Flint_04__tile_r0003_c0002,Oscar_T_Flint_04.png,Oscar_T_Flint,train,6,118,239,50,23,1150,814,2.174,0.7078,False,False,False,False,False
Oscar_T_Flint_04__tile_r0003_c0002,Oscar_T_Flint_04.png,Oscar_T_Flint,train,7,115,277,17,9,153,94,1.889,0.6144,False,False,False,False,False
Oscar_T_Flint_04__tile_r0003_c0002,Oscar_T_Flint_04.png,Oscar_T_Flint,train,8,130,283,30,14,420,125,2.143,0.2976,False,False,False,False,False
Oscar_T_Flint_04__tile_r0006_c0000,Oscar_T_Flint_04.png,Oscar_T_Flint,train,1,341,476,18,27,486,196,0.667,0.4033,False,False,False,False,False
Oscar_T_Flint_04__tile_r0006_c0000,Oscar_T_Flint_04.png,Oscar_T_Flint,train,2,533,502,27,76,2052,574,0.355,0.2797,False,False,False,False,False
Oscar_T_Flint_04__tile_r0006_c0000,Oscar_T_Flint_04.png,Oscar_T_Flint,train,3,416,520,7,21,147,104,0.333,0.7075,False,False,False,False,False
Oscar_T_Flint_04__tile_r0006_c0001,Oscar_T_Flint_04.png,Oscar_T_Flint,train,1,21,502,27,76,2052,574,0.355,0.2797,False,False,False,False,False
Oscar_T_Flint_04__tile_r0007_c0000,Oscar_T_Flint_04.png,Oscar_T_Flint,train,1,534,0,26,66,1716,499,0.394,0.2908,False,False,True,False,True
Oscar_T_Flint_04__tile_r0007_c0000,Oscar_T_Flint_04.png,Oscar_T_Flint,train,2,416,8,7,21,147,104,0.333,0.7075,False,False,False,False,False
Oscar_T_Flint_04__tile_r0007_c0000,Oscar_T_Flint_04.png,Oscar_T_Flint,train,3,326,128,18,24,432,251,0.75,0.581,False,False,False,False,False
Oscar_T_Flint_04__tile_r0007_c0001,Oscar_T_Flint_04.png,Oscar_T_Flint,train,1,22,0,26,66,1716,499,0.394,0.2908,False,False,True,False,True
Oscar_T_Flint_05__tile_r0002_c0000,Oscar_T_Flint_05.png,Oscar_T_Flint,train,1,2,476,435,164,71340,40597,2.652,0.5691,False,False,False,True,True
Oscar_T_Flint_05__tile_r0002_c0000,Oscar_T_Flint_05.png,Oscar_T_Flint,train,2,440,636,7,4,28,26,1.75,0.9286,False,False,False,True,True
Oscar_T_Flint_05__tile_r0003_c0000,Oscar_T_Flint_05.png,Oscar_T_Flint,train,1,2,0,556,257,142892,66963,2.163,0.4686,False,False,True,False,True
Oscar_T_Flint_05__tile_r0003_c0000,Oscar_T_Flint_05.png,Oscar_T_Flint,train,2,3,181,120,72,8640,1384,1.667,0.1602,False,False,False,False,False
Oscar_T_Flint_05__tile_r0003_c0001,Oscar_T_Flint_05.png,Oscar_T_Flint,train,1,0,165,46,50,2300,1613,0.92,0.7013,True,False,False,False,True
Oscar_T_Flint_10__tile_r0001_c0000,Oscar_T_Flint_10.png,Oscar_T_Flint,train,1,0,312,57,304,17328,9457,0.188,0.5458,True,False,False,False,True
Oscar_T_Flint_10__tile_r0001_c0000,Oscar_T_Flint_10.png,Oscar_T_Flint,train,2,122,330,27,26,702,233,1.038,0.3319,False,False,False,False,False
Oscar_T_Flint_10__tile_r0001_c0000,Oscar_T_Flint_10.png,Oscar_T_Flint,train,3,276,340,6,13,78,64,0.462,0.8205,False,False,False,False,False
Oscar_T_Flint_10__tile_r0001_c0000,Oscar_T_Flint_10.png,Oscar_T_Flint,train,4,392,354,14,17,238,84,0.824,0.3529,False,False,False,False,False
Oscar_T_Flint_10__tile_r0001_c0000,Oscar_T_Flint_10.png,Oscar_T_Flint,train,5,74,376,9,55,495,408,0.164,0.8242,False,False,False,False,False
Oscar_T_Flint_10__tile_r0001_c0000,Oscar_T_Flint_10.png,Oscar_T_Flint,train,6,57,532,20,29,580,300,0.69,0.5172,False,False,False,False,False
Oscar_T_Flint_10__tile_r0001_c0000,Oscar_T_Flint_10.png,Oscar_T_Flint,train,7,36,611,17,24,408,207,0.708,0.5074,False,False,False,False,False
Oscar_T_Flint_10__tile_r0002_c0000,Oscar_T_Flint_10.png,Oscar_T_Flint,train,1,1,0,53,104,5512,4462,0.51,0.8095,False,False,True,False,True
Oscar_T_Flint_10__tile_r0002_c0000,Oscar_T_Flint_10.png,Oscar_T_Flint,train,2,45,0,9,4,36,28,2.25,0.7778,False,False,True,False,True
Oscar_T_Flint_10__tile_r0002_c0000,Oscar_T_Flint_10.png,Oscar_T_Flint,train,3,57,20,20,29,580,300,0.69,0.5172,False,False,False,False,False
Oscar_T_Flint_10__tile_r0002_c0000,Oscar_T_Flint_10.png,Oscar_T_Flint,train,4,36,99,17,24,408,207,0.708,0.5074,False,False,False,False,False
Oscar_T_Flint_10__tile_r0002_c0000,Oscar_T_Flint_10.png,Oscar_T_Flint,train,5,165,458,37,35,1295,358,1.057,0.2764,False,False,False,False,False
Oscar_T_Flint_11__tile_r0001_c0001,Oscar_T_Flint_11.png,Oscar_T_Flint,train,1,526,390,37,22,814,195,1.682,0.2396,False,False,False,False,False
Oscar_T_Flint_11__tile_r0001_c0001,Oscar_T_Flint_11.png,Oscar_T_Flint,train,2,624,477,16,14,224,89,1.143,0.3973,False,True,False,False,True
Oscar_T_Flint_11__tile_r0001_c0001,Oscar_T_Flint_11.png,Oscar_T_Flint,train,3,583,538,25,19,475,101,1.316,0.2126,False,False,False,False,False
Oscar_T_Flint_11__tile_r0001_c0002,Oscar_T_Flint_11.png,Oscar_T_Flint,train,1,208,251,16,32,512,335,0.5,0.6543,False,False,False,False,False
Oscar_T_Flint_11__tile_r0001_c0002,Oscar_T_Flint_11.png,Oscar_T_Flint,train,2,144,253,67,27,1809,704,2.481,0.3892,False,False,False,False,False
Oscar_T_Flint_11__tile_r0001_c0002,Oscar_T_Flint_11.png,Oscar_T_Flint,train,3,280,276,6,13,78,57,0.462,0.7308,False,False,False,False,False
Oscar_T_Flint_11__tile_r0001_c0002,Oscar_T_Flint_11.png,Oscar_T_Flint,train,4,247,283,16,9,144,84,1.778,0.5833,False,False,False,False,False
Oscar_T_Flint_11__tile_r0001_c0002,Oscar_T_Flint_11.png,Oscar_T_Flint,train,5,168,287,134,340,45560,27501,0.394,0.6036,False,False,False,False,False
Oscar_T_Flint_11__tile_r0001_c0002,Oscar_T_Flint_11.png,Oscar_T_Flint,train,6,181,295,6,22,132,77,0.273,0.5833,False,False,False,False,False
Oscar_T_Flint_11__tile_r0001_c0002,Oscar_T_Flint_11.png,Oscar_T_Flint,train,7,141,387,19,12,228,138,1.583,0.6053,False,False,False,False,False
Oscar_T_Flint_11__tile_r0001_c0002,Oscar_T_Flint_11.png,Oscar_T_Flint,train,8,14,390,37,22,814,195,1.682,0.2396,False,False,False,False,False
Oscar_T_Flint_11__tile_r0001_c0002,Oscar_T_Flint_11.png,Oscar_T_Flint,train,9,112,450,46,61,2806,581,0.754,0.2071,False,False,False,False,False
Oscar_T_Flint_11__tile_r0001_c0002,Oscar_T_Flint_11.png,Oscar_T_Flint,train,10,176,453,16,27,432,223,0.593,0.5162,False,False,False,False,False
Oscar_T_Flint_11__tile_r0001_c0002,Oscar_T_Flint_11.png,Oscar_T_Flint,train,11,71,538,25,19,475,101,1.316,0.2126,False,False,False,False,False
Oscar_T_Flint_11__tile_r0001_c0002,Oscar_T_Flint_11.png,Oscar_T_Flint,train,12,196,559,21,15,315,136,1.4,0.4317,False,False,False,False,False
Oscar_T_Flint_11__tile_r0002_c0001,Oscar_T_Flint_11.png,Oscar_T_Flint,train,1,583,26,25,19,475,101,1.316,0.2126,False,False,False,False,False
Oscar_T_Flint_11__tile_r0002_c0002,Oscar_T_Flint_11.png,Oscar_T_Flint,train,1,206,0,96,115,11040,7109,0.835,0.6439,False,False,True,False,True
Oscar_T_Flint_11__tile_r0002_c0002,Oscar_T_Flint_11.png,Oscar_T_Flint,train,2,71,26,25,19,475,101,1.316,0.2126,False,False,False,False,False
Oscar_T_Flint_11__tile_r0002_c0002,Oscar_T_Flint_11.png,Oscar_T_Flint,train,3,196,47,21,15,315,136,1.4,0.4317,False,False,False,False,False
Oscar_T_Flint_12__tile_r0001_c0001,Oscar_T_Flint_12.png,Oscar_T_Flint,train,1,240,259,68,236,16048,8784,0.288,0.5474,False,False,False,False,False
Oscar_T_Flint_12__tile_r0001_c0001,Oscar_T_Flint_12.png,Oscar_T_Flint,train,2,415,298,14,14,196,112,1.0,0.5714,False,False,False,False,False
Oscar_T_Flint_12__tile_r0001_c0001,Oscar_T_Flint_12.png,Oscar_T_Flint,train,3,515,302,29,18,522,114,1.611,0.2184,False,False,False,False,False
Oscar_T_Flint_12__tile_r0001_c0001,Oscar_T_Flint_12.png,Oscar_T_Flint,train,4,395,308,55,275,15125,8845,0.2,0.5848,False,False,False,False,False
Oscar_T_Flint_12__tile_r0001_c0001,Oscar_T_Flint_12.png,Oscar_T_Flint,train,5,477,364,41,58,2378,625,0.707,0.2628,False,False,False,False,False
Oscar_T_Flint_12__tile_r0001_c0001,Oscar_T_Flint_12.png,Oscar_T_Flint,train,6,444,384,20,35,700,380,0.571,0.5429,False,False,False,False,False
Oscar_T_Flint_12__tile_r0001_c0001,Oscar_T_Flint_12.png,Oscar_T_Flint,train,7,442,432,34,26,884,421,1.308,0.4762,False,False,False,False,False
Oscar_T_Flint_12__tile_r0001_c0001,Oscar_T_Flint_12.png,Oscar_T_Flint,train,8,584,450,45,22,990,285,2.045,0.2879,False,False,False,False,False
Oscar_T_Flint_12__tile_r0001_c0001,Oscar_T_Flint_12.png,Oscar_T_Flint,train,9,457,516,28,26,728,477,1.077,0.6552,False,False,False,False,False
Oscar_T_Flint_12__tile_r0001_c0001,Oscar_T_Flint_12.png,Oscar_T_Flint,train,10,443,586,19,28,532,246,0.679,0.4624,False,False,False,False,False
Oscar_T_Flint_12__tile_r0001_c0002,Oscar_T_Flint_12.png,Oscar_T_Flint,train,1,3,302,29,18,522,114,1.611,0.2184,False,False,False,False,False
Oscar_T_Flint_12__tile_r0001_c0002,Oscar_T_Flint_12.png,Oscar_T_Flint,train,2,0,379,6,7,42,28,0.857,0.6667,True,False,False,False,True
Oscar_T_Flint_12__tile_r0001_c0002,Oscar_T_Flint_12.png,Oscar_T_Flint,train,3,72,450,45,22,990,285,2.045,0.2879,False,False,False,False,False
Oscar_T_Flint_12__tile_r0002_c0001,Oscar_T_Flint_12.png,Oscar_T_Flint,train,1,397,0,53,71,3763,2399,0.746,0.6375,False,False,True,False,True
Oscar_T_Flint_12__tile_r0002_c0001,Oscar_T_Flint_12.png,Oscar_T_Flint,train,2,457,4,28,26,728,477,1.077,0.6552,False,False,False,False,False
Oscar_T_Flint_12__tile_r0002_c0001,Oscar_T_Flint_12.png,Oscar_T_Flint,train,3,443,74,19,28,532,246,0.679,0.4624,False,False,False,False,False
Oscar_T_Flint_12__tile_r0002_c0001,Oscar_T_Flint_12.png,Oscar_T_Flint,train,4,560,433,41,25,1025,189,1.64,0.1844,False,False,False,False,False
Oscar_T_Flint_12__tile_r0002_c0002,Oscar_T_Flint_12.png,Oscar_T_Flint,train,1,48,433,41,25,1025,189,1.64,0.1844,False,False,False,False,False
Oscar_T_Flint_13__tile_r0001_c0000,Oscar_T_Flint_13.png,Oscar_T_Flint,train,1,260,211,31,30,930,618,1.033,0.6645,False,False,False,False,False
Oscar_T_Flint_13__tile_r0001_c0000,Oscar_T_Flint_13.png,Oscar_T_Flint,train,2,324,214,18,33,594,393,0.545,0.6616,False,False,False,False,False
Oscar_T_Flint_13__tile_r0001_c0000,Oscar_T_Flint_13.png,Oscar_T_Flint,train,3,310,239,147,350,51450,32239,0.42,0.6266,False,False,False,False,False
Oscar_T_Flint_13__tile_r0001_c0000,Oscar_T_Flint_13.png,Oscar_T_Flint,train,4,434,325,10,19,190,97,0.526,0.5105,False,False,False,False,False
Oscar_T_Flint_13__tile_r0002_c0000,Oscar_T_Flint_13.png,Oscar_T_Flint,train,1,325,0,129,77,9933,5196,1.675,0.5231,False,False,True,False,True
Oscar_T_Flint_14__tile_r0001_c0002,Oscar_T_Flint_14.png,Oscar_T_Flint,train,1,637,287,3,10,30,18,0.3,0.6,False,True,False,False,True
Oscar_T_Flint_14__tile_r0001_c0003,Oscar_T_Flint_14.png,Oscar_T_Flint,train,1,125,204,67,256,17152,9367,0.262,0.5461,False,True,False,False,True
Oscar_T_Flint_14__tile_r0001_c0003,Oscar_T_Flint_14.png,Oscar_T_Flint,train,2,164,447,15,28,420,156,0.536,0.3714,False,False,False,False,False
Oscar_T_Flint_14__tile_r0001_c0003,Oscar_T_Flint_14.png,Oscar_T_Flint,train,3,151,448,6,13,78,62,0.462,0.7949,False,False,False,False,False
Pewabic_01__tile_r0000_c0000,Pewabic_01.png,Pewabic,train,1,264,223,43,44,1892,538,0.977,0.2844,False,False,False,False,False
Pewabic_01__tile_r0001_c0000,Pewabic_01.png,Pewabic,train,1,582,214,58,83,4814,3126,0.699,0.6494,False,True,False,False,True
Pewabic_01__tile_r0001_c0001,Pewabic_01.png,Pewabic,train,1,70,214,169,160,27040,11003,1.056,0.4069,False,False,False,False,False
Pewabic_01__tile_r0001_c0001,Pewabic_01.png,Pewabic,train,2,487,340,70,79,5530,2587,0.886,0.4678,False,False,False,False,False
Pewabic_01__tile_r0001_c0002,Pewabic_01.png,Pewabic,train,1,0,346,45,73,3285,1967,0.616,0.5988,True,False,False,False,True
Pewabic_01__tile_r0001_c0002,Pewabic_01.png,Pewabic,train,2,181,558,70,22,1540,510,3.182,0.3312,False,False,False,False,False
Pewabic_01__tile_r0002_c0000,Pewabic_01.png,Pewabic,train,1,177,356,36,23,828,438,1.565,0.529,False,False,False,False,False
Pewabic_01__tile_r0002_c0000,Pewabic_01.png,Pewabic,train,2,91,429,37,16,592,292,2.312,0.4932,False,False,False,False,False
Pewabic_01__tile_r0002_c0002,Pewabic_01.png,Pewabic,train,1,181,46,70,22,1540,510,3.182,0.3312,False,False,False,False,False
Pewabic_01__tile_r0002_c0002,Pewabic_01.png,Pewabic,train,2,627,415,13,9,117,56,1.444,0.4786,False,True,False,False,True
Pewabic_01__tile_r0002_c0003,Pewabic_01.png,Pewabic,train,1,115,415,29,25,725,211,1.16,0.291,False,False,False,False,False
Pewabic_02__tile_r0000_c0000,Pewabic_02.png,Pewabic,train,1,368,365,31,19,589,212,1.632,0.3599,False,False,False,False,False
Pewabic_02__tile_r0001_c0002,Pewabic_02.png,Pewabic,train,1,207,304,401,203,81403,22900,1.975,0.2813,False,False,False,False,False
Pewabic_02__tile_r0001_c0002,Pewabic_02.png,Pewabic,train,2,286,444,8,23,184,116,0.348,0.6304,False,False,False,False,False
Pewabic_02__tile_r0001_c0002,Pewabic_02.png,Pewabic,train,3,364,512,17,17,289,87,1.0,0.301,False,False,False,False,False
Pewabic_02__tile_r0001_c0002,Pewabic_02.png,Pewabic,train,4,333,523,17,29,493,167,0.586,0.3387,False,False,False,False,False
Pewabic_02__tile_r0001_c0003,Pewabic_02.png,Pewabic,train,1,0,455,96,52,4992,3561,1.846,0.7133,True,False,False,False,True
Pewabic_02__tile_r0002_c0002,Pewabic_02.png,Pewabic,train,1,364,0,17,17,289,87,1.0,0.301,False,False,True,False,True
Pewabic_02__tile_r0002_c0002,Pewabic_02.png,Pewabic,train,2,333,11,17,29,493,167,0.586,0.3387,False,False,False,False,False
Pewabic_02__tile_r0002_c0002,Pewabic_02.png,Pewabic,train,3,475,218,15,10,150,95,1.5,0.6333,False,False,False,False,False
Pewabic_02__tile_r0002_c0002,Pewabic_02.png,Pewabic,train,4,542,237,15,15,225,160,1.0,0.7111,False,False,False,False,False
Pewabic_02__tile_r0002_c0003,Pewabic_02.png,Pewabic,train,1,30,237,15,15,225,160,1.0,0.7111,False,False,False,False,False
Pewabic_03__tile_r0000_c0000,Pewabic_03.png,Pewabic,train,1,136,637,19,3,57,42,6.333,0.7368,False,False,False,True,True
Pewabic_03__tile_r0001_c0000,Pewabic_03.png,Pewabic,train,1,135,125,27,14,378,280,1.929,0.7407,False,False,False,False,False
Pewabic_03__tile_r0001_c0000,Pewabic_03.png,Pewabic,train,2,432,279,9,10,90,66,0.9,0.7333,False,False,False,False,False
Pewabic_03__tile_r0001_c0000,Pewabic_03.png,Pewabic,train,3,356,289,20,17,340,218,1.176,0.6412,False,False,False,False,False
Pewabic_03__tile_r0001_c0000,Pewabic_03.png,Pewabic,train,4,568,476,72,46,3312,2731,1.565,0.8246,False,True,False,False,True
Pewabic_03__tile_r0001_c0001,Pewabic_03.png,Pewabic,train,1,471,454,159,52,8268,5130,3.058,0.6205,False,False,False,False,False
Pewabic_03__tile_r0001_c0001,Pewabic_03.png,Pewabic,train,2,56,459,184,66,12144,7347,2.788,0.605,False,False,False,False,False
Pewabic_03__tile_r0001_c0001,Pewabic_03.png,Pewabic,train,3,568,564,15,10,150,92,1.5,0.6133,False,False,False,False,False
Pewabic_03__tile_r0001_c0002,Pewabic_03.png,Pewabic,train,1,0,454,118,50,5900,3968,2.36,0.6725,True,False,False,False,True
Pewabic_03__tile_r0001_c0002,Pewabic_03.png,Pewabic,train,2,156,501,35,31,1085,277,1.129,0.2553,False,False,False,False,False
Pewabic_03__tile_r0001_c0002,Pewabic_03.png,Pewabic,train,3,56,564,15,10,150,92,1.5,0.6133,False,False,False,False,False
Pewabic_03__tile_r0001_c0002,Pewabic_03.png,Pewabic,train,4,133,568,10,23,230,139,0.435,0.6043,False,False,False,False,False
Pewabic_03__tile_r0002_c0000,Pewabic_03.png,Pewabic,train,1,572,0,68,10,680,614,6.8,0.9029,False,True,True,False,True
Pewabic_03__tile_r0002_c0001,Pewabic_03.png,Pewabic,train,1,60,0,153,13,1989,1244,11.769,0.6254,False,False,True,False,True
Pewabic_03__tile_r0002_c0001,Pewabic_03.png,Pewabic,train,2,568,52,15,10,150,92,1.5,0.6133,False,False,False,False,False
Pewabic_03__tile_r0002_c0002,Pewabic_03.png,Pewabic,train,1,156,0,33,20,660,184,1.65,0.2788,False,False,True,False,True
Pewabic_03__tile_r0002_c0002,Pewabic_03.png,Pewabic,train,2,56,52,15,10,150,92,1.5,0.6133,False,False,False,False,False
Pewabic_03__tile_r0002_c0002,Pewabic_03.png,Pewabic,train,3,133,56,10,23,230,139,0.435,0.6043,False,False,False,False,False
Pewabic_04__tile_r0001_c0001,Pewabic_04.png,Pewabic,train,1,638,313,2,4,8,5,0.5,0.625,False,True,False,False,True
Pewabic_04__tile_r0001_c0002,Pewabic_04.png,Pewabic,train,1,126,256,437,76,33212,17857,5.75,0.5377,False,False,False,False,False
Pewabic_04__tile_r0001_c0002,Pewabic_04.png,Pewabic,train,2,272,361,23,15,345,104,1.533,0.3014,False,False,False,False,False
Pewabic_04__tile_r0001_c0002,Pewabic_04.png,Pewabic,train,3,423,385,43,17,731,293,2.529,0.4008,False,False,False,False,False
Pewabic_04__tile_r0001_c0002,Pewabic_04.png,Pewabic,train,4,421,410,46,23,1058,475,2.0,0.449,False,False,False,False,False
Pewabic_04__tile_r0001_c0003,Pewabic_04.png,Pewabic,train,1,0,261,51,41,2091,1663,1.244,0.7953,True,False,False,False,True
Pewabic_05__tile_r0001_c0002,Pewabic_05.png,Pewabic,train,1,135,425,248,215,53320,19708,1.153,0.3696,False,False,False,True,True
Pewabic_05__tile_r0002_c0001,Pewabic_05.png,Pewabic,train,1,618,138,22,43,946,592,0.512,0.6258,False,True,False,False,True
Pewabic_05__tile_r0002_c0002,Pewabic_05.png,Pewabic,train,1,106,0,243,181,43983,16590,1.343,0.3772,False,False,True,False,True
WP_Rend_02__tile_r0001_c0000,WP_Rend_02.png,WP_Rend,train,1,151,323,154,52,8008,2584,2.962,0.3227,False,False,False,False,False
WP_Rend_02__tile_r0001_c0000,WP_Rend_02.png,WP_Rend,train,2,1,360,622,191,118802,62029,3.257,0.5221,False,False,False,False,False
WP_Rend_02__tile_r0001_c0000,WP_Rend_02.png,WP_Rend,train,3,615,442,25,44,1100,353,0.568,0.3209,False,True,False,False,True
WP_Rend_02__tile_r0001_c0000,WP_Rend_02.png,WP_Rend,train,4,576,444,41,57,2337,705,0.719,0.3017,False,False,False,False,False
WP_Rend_02__tile_r0001_c0000,WP_Rend_02.png,WP_Rend,train,5,543,487,12,33,396,346,0.364,0.8737,False,False,False,False,False
WP_Rend_02__tile_r0001_c0000,WP_Rend_02.png,WP_Rend,train,6,618,496,6,19,114,83,0.316,0.7281,False,False,False,False,False
WP_Rend_02__tile_r0001_c0000,WP_Rend_02.png,WP_Rend,train,7,529,505,46,74,3404,1082,0.622,0.3179,False,False,False,False,False
WP_Rend_02__tile_r0001_c0000,WP_Rend_02.png,WP_Rend,train,8,622,582,18,18,324,152,1.0,0.4691,False,True,False,False,True
WP_Rend_02__tile_r0001_c0000,WP_Rend_02.png,WP_Rend,train,9,163,594,49,46,2254,702,1.065,0.3114,False,False,False,True,True
WP_Rend_02__tile_r0001_c0000,WP_Rend_02.png,WP_Rend,train,10,231,610,38,30,1140,537,1.267,0.4711,False,False,False,True,True
WP_Rend_02__tile_r0001_c0000,WP_Rend_02.png,WP_Rend,train,11,270,633,12,7,84,57,1.714,0.6786,False,False,False,True,True
WP_Rend_02__tile_r0001_c0001,WP_Rend_02.png,WP_Rend,train,1,0,370,111,72,7992,2925,1.542,0.366,True,False,False,False,True
WP_Rend_02__tile_r0001_c0001,WP_Rend_02.png,WP_Rend,train,2,172,406,38,28,1064,252,1.357,0.2368,False,False,False,False,False
WP_Rend_02__tile_r0001_c0001,WP_Rend_02.png,WP_Rend,train,3,103,442,28,45,1260,375,0.622,0.2976,False,False,False,False,False
WP_Rend_02__tile_r0001_c0001,WP_Rend_02.png,WP_Rend,train,4,64,444,41,57,2337,705,0.719,0.3017,False,False,False,False,False
WP_Rend_02__tile_r0001_c0001,WP_Rend_02.png,WP_Rend,train,5,31,487,12,33,396,346,0.364,0.8737,False,False,False,False,False
WP_Rend_02__tile_r0001_c0001,WP_Rend_02.png,WP_Rend,train,6,106,496,6,19,114,83,0.316,0.7281,False,False,False,False,False
WP_Rend_02__tile_r0001_c0001,WP_Rend_02.png,WP_Rend,train,7,17,505,46,74,3404,1082,0.622,0.3179,False,False,False,False,False
WP_Rend_02__tile_r0001_c0001,WP_Rend_02.png,WP_Rend,train,8,208,540,20,26,520,222,0.769,0.4269,False,False,False,False,False
WP_Rend_02__tile_r0001_c0001,WP_Rend_02.png,WP_Rend,train,9,110,554,55,46,2530,491,1.196,0.1941,False,False,False,False,False
WP_Rend_02__tile_r0001_c0001,WP_Rend_02.png,WP_Rend,train,10,163,612,39,28,1092,623,1.393,0.5705,False,False,False,True,True
WP_Rend_02__tile_r0002_c0000,WP_Rend_02.png,WP_Rend,train,1,2,0,218,39,8502,4407,5.59,0.5183,False,False,True,False,True
WP_Rend_02__tile_r0002_c0000,WP_Rend_02.png,WP_Rend,train,2,544,0,11,8,88,75,1.375,0.8523,False,False,True,False,True
WP_Rend_02__tile_r0002_c0000,WP_Rend_02.png,WP_Rend,train,3,529,0,45,67,3015,1020,0.672,0.3383,False,False,True,False,True
WP_Rend_02__tile_r0002_c0000,WP_Rend_02.png,WP_Rend,train,4,620,0,3,3,9,6,1.0,0.6667,False,False,True,False,True
WP_Rend_02__tile_r0002_c0000,WP_Rend_02.png,WP_Rend,train,5,622,70,18,18,324,152,1.0,0.4691,False,True,False,False,True
WP_Rend_02__tile_r0002_c0000,WP_Rend_02.png,WP_Rend,train,6,163,82,49,54,2646,774,0.907,0.2925,False,False,False,False,False
WP_Rend_02__tile_r0002_c0000,WP_Rend_02.png,WP_Rend,train,7,231,98,38,32,1216,566,1.188,0.4655,False,False,False,False,False
WP_Rend_02__tile_r0002_c0000,WP_Rend_02.png,WP_Rend,train,8,221,121,157,117,18369,3205,1.342,0.1745,False,False,False,False,False
WP_Rend_02__tile_r0002_c0000,WP_Rend_02.png,WP_Rend,train,9,0,472,82,55,4510,1754,1.491,0.3889,True,False,False,False,True
WP_Rend_02__tile_r0002_c0001,WP_Rend_02.png,WP_Rend,train,1,32,0,11,8,88,75,1.375,0.8523,False,False,True,False,True
WP_Rend_02__tile_r0002_c0001,WP_Rend_02.png,WP_Rend,train,2,17,0,45,67,3015,1020,0.672,0.3383,False,False,True,False,True
WP_Rend_02__tile_r0002_c0001,WP_Rend_02.png,WP_Rend,train,3,108,0,3,3,9,6,1.0,0.6667,False,False,True,False,True
WP_Rend_02__tile_r0002_c0001,WP_Rend_02.png,WP_Rend,train,4,208,28,20,26,520,222,0.769,0.4269,False,False,False,False,False
WP_Rend_02__tile_r0002_c0001,WP_Rend_02.png,WP_Rend,train,5,110,42,55,46,2530,491,1.196,0.1941,False,False,False,False,False
WP_Rend_02__tile_r0002_c0001,WP_Rend_02.png,WP_Rend,train,6,163,100,44,57,2508,999,0.772,0.3983,False,False,False,False,False
WP_Rend_02__tile_r0002_c0001,WP_Rend_02.png,WP_Rend,train,7,147,154,11,42,462,385,0.262,0.8333,False,False,False,False,False
WP_Rend_02__tile_r0002_c0001,WP_Rend_02.png,WP_Rend,train,8,199,164,15,62,930,361,0.242,0.3882,False,False,False,False,False
WP_Rend_02__tile_r0003_c0000,WP_Rend_02.png,WP_Rend,train,1,0,0,27,15,405,202,1.8,0.4988,True,False,True,False,True
WP_Rend_04__tile_r0001_c0000,WP_Rend_04.png,WP_Rend,train,1,237,428,403,212,85436,54686,1.901,0.6401,False,True,False,True,True
WP_Rend_04__tile_r0001_c0000,WP_Rend_04.png,WP_Rend,train,2,589,630,10,10,100,71,1.0,0.71,False,False,False,True,True
WP_Rend_04__tile_r0001_c0001,WP_Rend_04.png,WP_Rend,train,1,565,302,75,38,2850,1769,1.974,0.6207,False,True,False,False,True
WP_Rend_04__tile_r0001_c0001,WP_Rend_04.png,WP_Rend,train,2,385,347,255,172,43860,31752,1.483,0.7239,False,True,False,False,True
WP_Rend_04__tile_r0001_c0001,WP_Rend_04.png,WP_Rend,train,3,0,387,324,212,68688,41775,1.528,0.6082,True,False,False,False,True
WP_Rend_04__tile_r0001_c0001,WP_Rend_04.png,WP_Rend,train,4,199,555,40,44,1760,467,0.909,0.2653,False,False,False,False,False
WP_Rend_04__tile_r0001_c0001,WP_Rend_04.png,WP_Rend,train,5,561,563,38,28,1064,210,1.357,0.1974,False,False,False,False,False
WP_Rend_04__tile_r0001_c0001,WP_Rend_04.png,WP_Rend,train,6,635,576,5,11,55,37,0.455,0.6727,False,True,False,False,True
WP_Rend_04__tile_r0001_c0001,WP_Rend_04.png,WP_Rend,train,7,616,593,24,44,1056,306,0.545,0.2898,False,True,False,False,True
WP_Rend_04__tile_r0001_c0001,WP_Rend_04.png,WP_Rend,train,8,77,630,10,10,100,71,1.0,0.71,False,False,False,True,True
WP_Rend_04__tile_r0001_c0002,WP_Rend_04.png,WP_Rend,train,1,53,302,116,41,4756,2742,2.829,0.5765,False,False,False,False,False
WP_Rend_04__tile_r0001_c0002,WP_Rend_04.png,WP_Rend,train,2,0,323,425,176,74800,52016,2.415,0.6954,True,False,False,False,True
WP_Rend_04__tile_r0001_c0002,WP_Rend_04.png,WP_Rend,train,3,412,451,40,98,3920,2673,0.408,0.6819,False,False,False,False,False
WP_Rend_04__tile_r0001_c0002,WP_Rend_04.png,WP_Rend,train,4,49,563,38,28,1064,210,1.357,0.1974,False,False,False,False,False
WP_Rend_04__tile_r0001_c0002,WP_Rend_04.png,WP_Rend,train,5,123,576,28,26,728,227,1.077,0.3118,False,False,False,False,False
WP_Rend_04__tile_r0001_c0002,WP_Rend_04.png,WP_Rend,train,6,104,593,64,47,3008,744,1.362,0.2473,False,False,False,True,True
WP_Rend_04__tile_r0001_c0002,WP_Rend_04.png,WP_Rend,train,7,551,598,17,42,714,301,0.405,0.4216,False,False,False,True,True
WP_Rend_04__tile_r0001_c0002,WP_Rend_04.png,WP_Rend,train,8,170,608,35,32,1120,222,1.094,0.1982,False,False,False,True,True
WP_Rend_04__tile_r0001_c0002,WP_Rend_04.png,WP_Rend,train,9,165,616,6,24,144,97,0.25,0.6736,False,False,False,True,True
WP_Rend_04__tile_r0001_c0002,WP_Rend_04.png,WP_Rend,train,10,183,630,3,10,30,25,0.3,0.8333,False,False,False,True,True
WP_Rend_04__tile_r0001_c0003,WP_Rend_04.png,WP_Rend,train,1,39,598,17,42,714,301,0.405,0.4216,False,False,False,True,True
WP_Rend_04__tile_r0002_c0000,WP_Rend_04.png,WP_Rend,train,1,237,0,403,129,51987,37561,3.124,0.7225,False,True,True,False,True
WP_Rend_04__tile_r0002_c0000,WP_Rend_04.png,WP_Rend,train,2,589,118,28,43,1204,265,0.651,0.2201,False,False,False,False,False
WP_Rend_04__tile_r0002_c0000,WP_Rend_04.png,WP_Rend,train,3,527,156,53,33,1749,261,1.606,0.1492,False,False,False,False,False
WP_Rend_04__tile_r0002_c0000,WP_Rend_04.png,WP_Rend,train,4,478,230,12,25,300,166,0.48,0.5533,False,False,False,False,False
WP_Rend_04__tile_r0002_c0000,WP_Rend_04.png,WP_Rend,train,5,511,387,29,31,899,179,0.935,0.1991,False,False,False,False,False
WP_Rend_04__tile_r0002_c0001,WP_Rend_04.png,WP_Rend,train,1,0,0,324,87,28188,14014,3.724,0.4972,True,False,True,False,True
WP_Rend_04__tile_r0002_c0001,WP_Rend_04.png,WP_Rend,train,2,385,0,36,7,252,138,5.143,0.5476,False,False,True,False,True
WP_Rend_04__tile_r0002_c0001,WP_Rend_04.png,WP_Rend,train,3,199,43,40,44,1760,467,0.909,0.2653,False,False,False,False,False
WP_Rend_04__tile_r0002_c0001,WP_Rend_04.png,WP_Rend,train,4,561,51,38,28,1064,210,1.357,0.1974,False,False,False,False,False
WP_Rend_04__tile_r0002_c0001,WP_Rend_04.png,WP_Rend,train,5,635,64,5,11,55,37,0.455,0.6727,False,True,False,False,True
WP_Rend_04__tile_r0002_c0001,WP_Rend_04.png,WP_Rend,train,6,616,81,24,44,1056,306,0.545,0.2898,False,True,False,False,True
WP_Rend_04__tile_r0002_c0001,WP_Rend_04.png,WP_Rend,train,7,77,118,28,43,1204,265,0.651,0.2201,False,False,False,False,False
WP_Rend_04__tile_r0002_c0001,WP_Rend_04.png,WP_Rend,train,8,15,156,53,33,1749,261,1.606,0.1492,False,False,False,False,False
WP_Rend_04__tile_r0002_c0001,WP_Rend_04.png,WP_Rend,train,9,130,167,15,33,495,159,0.455,0.3212,False,False,False,False,False
WP_Rend_04__tile_r0002_c0001,WP_Rend_04.png,WP_Rend,train,10,453,208,33,23,759,277,1.435,0.365,False,False,False,False,False
WP_Rend_04__tile_r0002_c0001,WP_Rend_04.png,WP_Rend,train,11,520,226,27,24,648,174,1.125,0.2685,False,False,False,False,False
WP_Rend_04__tile_r0002_c0001,WP_Rend_04.png,WP_Rend,train,12,481,234,20,41,820,210,0.488,0.2561,False,False,False,False,False
WP_Rend_04__tile_r0002_c0001,WP_Rend_04.png,WP_Rend,train,13,199,239,52,75,3900,419,0.693,0.1074,False,False,False,False,False
WP_Rend_04__tile_r0002_c0001,WP_Rend_04.png,WP_Rend,train,14,518,282,56,47,2632,384,1.191,0.1459,False,False,False,False,False
WP_Rend_04__tile_r0002_c0001,WP_Rend_04.png,WP_Rend,train,15,0,387,28,31,868,177,0.903,0.2039,True,False,False,False,True
WP_Rend_04__tile_r0002_c0002,WP_Rend_04.png,WP_Rend,train,1,412,0,40,37,1480,1035,1.081,0.6993,False,False,True,False,True
WP_Rend_04__tile_r0002_c0002,WP_Rend_04.png,WP_Rend,train,2,49,51,38,28,1064,210,1.357,0.1974,False,False,False,False,False
WP_Rend_04__tile_r0002_c0002,WP_Rend_04.png,WP_Rend,train,3,123,64,28,26,728,227,1.077,0.3118,False,False,False,False,False
WP_Rend_04__tile_r0002_c0002,WP_Rend_04.png,WP_Rend,train,4,104,81,64,80,5120,1019,0.8,0.199,False,False,False,False,False
WP_Rend_04__tile_r0002_c0002,WP_Rend_04.png,WP_Rend,train,5,551,86,18,82,1476,565,0.22,0.3828,False,False,False,False,False
WP_Rend_04__tile_r0002_c0002,WP_Rend_04.png,WP_Rend,train,6,170,96,88,100,8800,707,0.88,0.0803,False,False,False,False,False
WP_Rend_04__tile_r0002_c0002,WP_Rend_04.png,WP_Rend,train,7,165,104,12,66,792,289,0.182,0.3649,False,False,False,False,False
WP_Rend_04__tile_r0002_c0002,WP_Rend_04.png,WP_Rend,train,8,183,118,8,33,264,129,0.242,0.4886,False,False,False,False,False
WP_Rend_04__tile_r0002_c0002,WP_Rend_04.png,WP_Rend,train,9,332,224,41,64,2624,689,0.641,0.2626,False,False,False,False,False
WP_Rend_04__tile_r0002_c0002,WP_Rend_04.png,WP_Rend,train,10,8,226,27,24,648,174,1.125,0.2685,False,False,False,False,False
WP_Rend_04__tile_r0002_c0002,WP_Rend_04.png,WP_Rend,train,11,6,282,56,47,2632,384,1.191,0.1459,False,False,False,False,False
WP_Rend_04__tile_r0002_c0003,WP_Rend_04.png,WP_Rend,train,1,39,86,18,82,1476,565,0.22,0.3828,False,False,False,False,False
WP_Rend_05__tile_r0000_c0000,WP_Rend_05.png,WP_Rend,train,1,506,479,73,21,1533,453,3.476,0.2955,False,False,False,False,False
WP_Rend_05__tile_r0000_c0000,WP_Rend_05.png,WP_Rend,train,2,511,591,41,49,2009,511,0.837,0.2544,False,False,False,True,True
WP_Rend_05__tile_r0000_c0001,WP_Rend_05.png,WP_Rend,train,1,0,479,67,21,1407,421,3.19,0.2992,True,False,False,False,True
WP_Rend_05__tile_r0000_c0001,WP_Rend_05.png,WP_Rend,train,2,249,513,24,33,792,252,0.727,0.3182,False,False,False,False,False
WP_Rend_05__tile_r0000_c0001,WP_Rend_05.png,WP_Rend,train,3,0,591,40,49,1960,510,0.816,0.2602,True,False,False,True,True
WP_Rend_05__tile_r0001_c0000,WP_Rend_05.png,WP_Rend,train,1,511,79,55,82,4510,798,0.671,0.1769,False,False,False,False,False
WP_Rend_05__tile_r0001_c0000,WP_Rend_05.png,WP_Rend,train,2,426,184,36,30,1080,340,1.2,0.3148,False,False,False,False,False
WP_Rend_05__tile_r0001_c0000,WP_Rend_05.png,WP_Rend,train,3,620,211,20,30,600,266,0.667,0.4433,False,True,False,False,True
WP_Rend_05__tile_r0001_c0000,WP_Rend_05.png,WP_Rend,train,4,88,223,24,38,912,713,0.632,0.7818,False,False,False,False,False
WP_Rend_05__tile_r0001_c0000,WP_Rend_05.png,WP_Rend,train,5,587,232,19,20,380,180,0.95,0.4737,False,False,False,False,False
WP_Rend_05__tile_r0001_c0000,WP_Rend_05.png,WP_Rend,train,6,125,262,16,33,528,246,0.485,0.4659,False,False,False,False,False
WP_Rend_05__tile_r0001_c0000,WP_Rend_05.png,WP_Rend,train,7,471,263,70,24,1680,471,2.917,0.2804,False,False,False,False,False
WP_Rend_05__tile_r0001_c0000,WP_Rend_05.png,WP_Rend,train,8,5,350,635,123,78105,64155,5.163,0.8214,False,True,False,False,True
WP_Rend_05__tile_r0001_c0001,WP_Rend_05.png,WP_Rend,train,1,249,1,24,33,792,252,0.727,0.3182,False,False,False,False,False
WP_Rend_05__tile_r0001_c0001,WP_Rend_05.png,WP_Rend,train,2,0,79,54,82,4428,797,0.659,0.18,True,False,False,False,True
WP_Rend_05__tile_r0001_c0001,WP_Rend_05.png,WP_Rend,train,3,260,164,12,26,312,246,0.462,0.7885,False,False,False,False,False
WP_Rend_05__tile_r0001_c0001,WP_Rend_05.png,WP_Rend,train,4,108,211,45,30,1350,390,1.5,0.2889,False,False,False,False,False
WP_Rend_05__tile_r0001_c0001,WP_Rend_05.png,WP_Rend,train,5,182,229,65,41,2665,829,1.585,0.3111,False,False,False,False,False
WP_Rend_05__tile_r0001_c0001,WP_Rend_05.png,WP_Rend,train,6,75,232,19,20,380,180,0.95,0.4737,False,False,False,False,False
WP_Rend_05__tile_r0001_c0001,WP_Rend_05.png,WP_Rend,train,7,141,251,28,56,1568,699,0.5,0.4458,False,False,False,False,False
WP_Rend_05__tile_r0001_c0001,WP_Rend_05.png,WP_Rend,train,8,0,273,29,14,406,179,2.071,0.4409,True,False,False,False,True
WP_Rend_05__tile_r0001_c0001,WP_Rend_05.png,WP_Rend,train,9,0,314,308,157,48356,34883,1.962,0.7214,True,False,False,False,True
WP_Rend_05__tile_r0001_c0001,WP_Rend_05.png,WP_Rend,train,10,395,317,187,148,27676,15647,1.264,0.5654,False,False,False,False,False
WP_Rend_05__tile_r0001_c0002,WP_Rend_05.png,WP_Rend,train,1,0,322,70,130,9100,4543,0.538,0.4992,True,False,False,False,True
WP_Rend_06__tile_r0000_c0000,WP_Rend_06.png,WP_Rend,train,1,529,204,111,124,13764,9103,0.895,0.6614,False,True,False,False,True
WP_Rend_06__tile_r0000_c0001,WP_Rend_06.png,WP_Rend,train,1,17,204,169,125,21125,13053,1.352,0.6179,False,False,False,False,False
WP_Rend_06__tile_r0001_c0001,WP_Rend_06.png,WP_Rend,train,1,553,479,87,128,11136,4674,0.68,0.4197,False,True,False,False,True
WP_Rend_06__tile_r0001_c0002,WP_Rend_06.png,WP_Rend,train,1,41,364,599,251,150349,86582,2.386,0.5759,False,True,False,False,True
WP_Rend_06__tile_r0001_c0002,WP_Rend_06.png,WP_Rend,train,2,450,595,40,31,1240,514,1.29,0.4145,False,False,False,False,False
WP_Rend_06__tile_r0001_c0002,WP_Rend_06.png,WP_Rend,train,3,268,607,25,33,825,487,0.758,0.5903,False,False,False,True,True
WP_Rend_06__tile_r0001_c0003,WP_Rend_06.png,WP_Rend,train,1,0,362,192,177,33984,28652,1.085,0.8431,True,True,False,False,True
WP_Rend_06__tile_r0002_c0001,WP_Rend_06.png,WP_Rend,train,1,553,0,87,95,8265,3707,0.916,0.4485,False,True,True,False,True
WP_Rend_06__tile_r0002_c0002,WP_Rend_06.png,WP_Rend,train,1,41,0,599,103,61697,30645,5.816,0.4967,False,True,True,False,True
WP_Rend_06__tile_r0002_c0002,WP_Rend_06.png,WP_Rend,train,2,450,83,40,31,1240,514,1.29,0.4145,False,False,False,False,False
WP_Rend_06__tile_r0002_c0002,WP_Rend_06.png,WP_Rend,train,3,268,95,34,53,1802,664,0.642,0.3685,False,False,False,False,False
WP_Rend_06__tile_r0002_c0002,WP_Rend_06.png,WP_Rend,train,4,490,143,29,31,899,529,0.935,0.5884,False,False,False,False,False
WP_Rend_06__tile_r0002_c0002,WP_Rend_06.png,WP_Rend,train,5,324,167,142,29,4118,1420,4.897,0.3448,False,False,False,False,False
WP_Rend_06__tile_r0002_c0002,WP_Rend_06.png,WP_Rend,train,6,594,222,27,43,1161,373,0.628,0.3213,False,False,False,False,False
WP_Rend_06__tile_r0002_c0002,WP_Rend_06.png,WP_Rend,train,7,431,241,168,35,5880,1401,4.8,0.2383,False,False,False,False,False
WP_Rend_06__tile_r0002_c0002,WP_Rend_06.png,WP_Rend,train,8,372,368,31,28,868,323,1.107,0.3721,False,False,False,False,False
WP_Rend_06__tile_r0002_c0003,WP_Rend_06.png,WP_Rend,train,1,0,0,173,27,4671,2492,6.407,0.5335,True,False,True,False,True
WP_Rend_06__tile_r0002_c0003,WP_Rend_06.png,WP_Rend,train,2,0,148,7,26,182,127,0.269,0.6978,True,False,False,False,True
WP_Rend_06__tile_r0002_c0003,WP_Rend_06.png,WP_Rend,train,3,82,222,27,43,1161,373,0.628,0.3213,False,False,False,False,False
WP_Rend_06__tile_r0002_c0003,WP_Rend_06.png,WP_Rend,train,4,0,241,87,21,1827,757,4.143,0.4143,True,False,False,False,True
WP_Rend_07__tile_r0001_c0000,WP_Rend_07.png,WP_Rend,train,1,1,263,208,131,27248,15898,1.588,0.5835,False,False,False,False,False
WP_Rend_07__tile_r0002_c0000,WP_Rend_07.png,WP_Rend,train,1,384,562,195,78,15210,7104,2.5,0.4671,False,False,False,True,True
WP_Rend_07__tile_r0002_c0001,WP_Rend_07.png,WP_Rend,train,1,0,572,67,68,4556,3499,0.985,0.768,True,False,False,True,True
WP_Rend_07__tile_r0002_c0002,WP_Rend_07.png,WP_Rend,train,1,311,524,117,98,11466,6665,1.194,0.5813,False,False,False,False,False
WP_Rend_07__tile_r0003_c0000,WP_Rend_07.png,WP_Rend,train,1,384,50,195,124,24180,13543,1.573,0.5601,False,False,False,False,False
WP_Rend_07__tile_r0003_c0001,WP_Rend_07.png,WP_Rend,train,1,0,60,67,109,7303,5457,0.615,0.7472,True,False,False,False,True
WP_Rend_07__tile_r0003_c0002,WP_Rend_07.png,WP_Rend,train,1,311,12,117,98,11466,6665,1.194,0.5813,False,False,False,False,False
WP_Rend_09__tile_r0004_c0000,WP_Rend_09.png,WP_Rend,train,1,438,164,39,24,936,511,1.625,0.5459,False,False,False,False,False
WP_Rend_09__tile_r0004_c0000,WP_Rend_09.png,WP_Rend,train,2,459,208,17,35,595,242,0.486,0.4067,False,False,False,False,False
WP_Rend_09__tile_r0004_c0000,WP_Rend_09.png,WP_Rend,train,3,174,235,365,405,147825,110440,0.901,0.7471,False,False,False,True,True
WP_Rend_09__tile_r0004_c0001,WP_Rend_09.png,WP_Rend,train,1,0,340,19,58,1102,715,0.328,0.6488,True,False,False,False,True
WP_Rend_09__tile_r0004_c0001,WP_Rend_09.png,WP_Rend,train,2,0,400,27,121,3267,1982,0.223,0.6067,True,False,False,False,True
WP_Rend_09__tile_r0005_c0000,WP_Rend_09.png,WP_Rend,train,1,144,0,378,640,241920,193327,0.591,0.7991,False,False,True,True,True
WP_Rend_09__tile_r0005_c0000,WP_Rend_09.png,WP_Rend,train,2,504,0,21,9,189,108,2.333,0.5714,False,False,True,False,True
WP_Rend_09__tile_r0005_c0000,WP_Rend_09.png,WP_Rend,train,3,523,638,6,2,12,7,3.0,0.5833,False,False,False,True,True
WP_Rend_09__tile_r0005_c0001,WP_Rend_09.png,WP_Rend,train,1,0,0,13,9,117,82,1.444,0.7009,True,False,True,False,True
WP_Rend_09__tile_r0005_c0001,WP_Rend_09.png,WP_Rend,train,2,0,581,10,8,80,64,1.25,0.8,True,False,False,False,True
WP_Rend_09__tile_r0005_c0001,WP_Rend_09.png,WP_Rend,train,3,11,638,6,2,12,7,3.0,0.5833,False,False,False,True,True
WP_Rend_09__tile_r0006_c0000,WP_Rend_09.png,WP_Rend,train,1,137,0,385,553,212905,121443,0.696,0.5704,False,False,True,False,True
WP_Rend_09__tile_r0006_c0000,WP_Rend_09.png,WP_Rend,train,2,449,126,91,85,7735,1446,1.071,0.1869,False,False,False,False,False
WP_Rend_09__tile_r0006_c0000,WP_Rend_09.png,WP_Rend,train,3,443,358,19,29,551,343,0.655,0.6225,False,False,False,False,False
WP_Rend_09__tile_r0006_c0000,WP_Rend_09.png,WP_Rend,train,4,417,388,14,18,252,164,0.778,0.6508,False,False,False,False,False
WP_Rend_09__tile_r0006_c0001,WP_Rend_09.png,WP_Rend,train,1,0,69,10,8,80,64,1.25,0.8,True,False,False,False,True
WP_Rend_09__tile_r0006_c0001,WP_Rend_09.png,WP_Rend,train,2,0,126,28,34,952,394,0.824,0.4139,True,False,False,False,True
WP_Rend_09__tile_r0007_c0000,WP_Rend_09.png,WP_Rend,train,1,142,0,102,41,4182,1798,2.488,0.4299,False,False,True,False,True
WP_Rend_10__tile_r0002_c0001,WP_Rend_10.png,WP_Rend,train,1,140,209,56,33,1848,668,1.697,0.3615,False,False,False,False,False
WP_Rend_10__tile_r0003_c0000,WP_Rend_10.png,WP_Rend,train,1,634,632,6,8,48,27,0.75,0.5625,False,True,False,True,True
WP_Rend_10__tile_r0003_c0001,WP_Rend_10.png,WP_Rend,train,1,122,487,123,153,18819,11261,0.804,0.5984,False,False,False,True,True
WP_Rend_10__tile_r0003_c0001,WP_Rend_10.png,WP_Rend,train,2,580,500,57,12,684,327,4.75,0.4781,False,False,False,False,False
WP_Rend_10__tile_r0003_c0001,WP_Rend_10.png,WP_Rend,train,3,520,574,24,66,1584,445,0.364,0.2809,False,False,False,True,True
WP_Rend_10__tile_r0003_c0001,WP_Rend_10.png,WP_Rend,train,4,610,584,30,44,1320,374,0.682,0.2833,False,True,False,False,True
WP_Rend_10__tile_r0003_c0002,WP_Rend_10.png,WP_Rend,train,1,68,500,57,12,684,327,4.75,0.4781,False,False,False,False,False
WP_Rend_10__tile_r0003_c0002,WP_Rend_10.png,WP_Rend,train,2,8,574,24,66,1584,445,0.364,0.2809,False,False,False,True,True
WP_Rend_10__tile_r0003_c0002,WP_Rend_10.png,WP_Rend,train,3,98,584,48,56,2688,541,0.857,0.2013,False,False,False,True,True
WP_Rend_10__tile_r0004_c0000,WP_Rend_10.png,WP_Rend,train,1,609,120,31,47,1457,531,0.66,0.3644,False,True,False,False,True
WP_Rend_10__tile_r0004_c0000,WP_Rend_10.png,WP_Rend,train,2,543,143,10,10,100,51,1.0,0.51,False,False,False,False,False
WP_Rend_10__tile_r0004_c0000,WP_Rend_10.png,WP_Rend,train,3,593,143,7,14,98,57,0.5,0.5816,False,False,False,False,False
WP_Rend_10__tile_r0004_c0000,WP_Rend_10.png,WP_Rend,train,4,613,146,8,15,120,63,0.533,0.525,False,False,False,False,False
WP_Rend_10__tile_r0004_c0000,WP_Rend_10.png,WP_Rend,train,5,477,181,163,459,74817,34800,0.355,0.4651,False,True,False,True,True
WP_Rend_10__tile_r0004_c0000,WP_Rend_10.png,WP_Rend,train,6,610,198,17,8,136,90,2.125,0.6618,False,False,False,False,False
WP_Rend_10__tile_r0004_c0000,WP_Rend_10.png,WP_Rend,train,7,560,202,19,54,1026,510,0.352,0.4971,False,False,False,False,False
WP_Rend_10__tile_r0004_c0000,WP_Rend_10.png,WP_Rend,train,8,580,232,18,29,522,241,0.621,0.4617,False,False,False,False,False
WP_Rend_10__tile_r0004_c0000,WP_Rend_10.png,WP_Rend,train,9,581,253,4,11,44,28,0.364,0.6364,False,False,False,False,False
WP_Rend_10__tile_r0004_c0000,WP_Rend_10.png,WP_Rend,train,10,546,256,16,29,464,285,0.552,0.6142,False,False,False,False,False
WP_Rend_10__tile_r0004_c0000,WP_Rend_10.png,WP_Rend,train,11,571,272,8,9,72,44,0.889,0.6111,False,False,False,False,False
WP_Rend_10__tile_r0004_c0000,WP_Rend_10.png,WP_Rend,train,12,590,277,7,7,49,31,1.0,0.6327,False,False,False,False,False
WP_Rend_10__tile_r0004_c0000,WP_Rend_10.png,WP_Rend,train,13,552,281,5,9,45,25,0.556,0.5556,False,False,False,False,False
WP_Rend_10__tile_r0004_c0000,WP_Rend_10.png,WP_Rend,train,14,570,286,7,6,42,25,1.167,0.5952,False,False,False,False,False
WP_Rend_10__tile_r0004_c0000,WP_Rend_10.png,WP_Rend,train,15,453,383,101,47,4747,1723,2.149,0.363,False,False,False,False,False
WP_Rend_10__tile_r0004_c0000,WP_Rend_10.png,WP_Rend,train,16,502,417,22,96,2112,694,0.229,0.3286,False,False,False,False,False
WP_Rend_10__tile_r0004_c0001,WP_Rend_10.png,WP_Rend,train,1,0,0,324,640,207360,127460,0.506,0.6147,True,False,True,True,True
WP_Rend_10__tile_r0004_c0001,WP_Rend_10.png,WP_Rend,train,2,520,62,24,66,1584,445,0.364,0.2809,False,False,False,False,False
WP_Rend_10__tile_r0004_c0001,WP_Rend_10.png,WP_Rend,train,3,610,72,30,44,1320,374,0.682,0.2833,False,True,False,False,True
WP_Rend_10__tile_r0004_c0001,WP_Rend_10.png,WP_Rend,train,4,31,143,10,10,100,51,1.0,0.51,False,False,False,False,False
WP_Rend_10__tile_r0004_c0001,WP_Rend_10.png,WP_Rend,train,5,81,143,7,14,98,57,0.5,0.5816,False,False,False,False,False
WP_Rend_10__tile_r0004_c0001,WP_Rend_10.png,WP_Rend,train,6,101,146,8,15,120,63,0.533,0.525,False,False,False,False,False
WP_Rend_10__tile_r0004_c0001,WP_Rend_10.png,WP_Rend,train,7,497,160,83,40,3320,954,2.075,0.2873,False,False,False,False,False
WP_Rend_10__tile_r0004_c0001,WP_Rend_10.png,WP_Rend,train,8,98,198,17,8,136,90,2.125,0.6618,False,False,False,False,False
WP_Rend_10__tile_r0004_c0001,WP_Rend_10.png,WP_Rend,train,9,48,202,19,54,1026,510,0.352,0.4971,False,False,False,False,False
WP_Rend_10__tile_r0004_c0001,WP_Rend_10.png,WP_Rend,train,10,68,232,18,29,522,241,0.621,0.4617,False,False,False,False,False
WP_Rend_10__tile_r0004_c0001,WP_Rend_10.png,WP_Rend,train,11,503,240,66,19,1254,325,3.474,0.2592,False,False,False,False,False
WP_Rend_10__tile_r0004_c0001,WP_Rend_10.png,WP_Rend,train,12,602,251,37,18,666,259,2.056,0.3889,False,False,False,False,False
WP_Rend_10__tile_r0004_c0001,WP_Rend_10.png,WP_Rend,train,13,69,253,4,11,44,28,0.364,0.6364,False,False,False,False,False
WP_Rend_10__tile_r0004_c0001,WP_Rend_10.png,WP_Rend,train,14,34,256,16,29,464,285,0.552,0.6142,False,False,False,False,False
WP_Rend_10__tile_r0004_c0001,WP_Rend_10.png,WP_Rend,train,15,59,272,8,9,72,44,0.889,0.6111,False,False,False,False,False
WP_Rend_10__tile_r0004_c0001,WP_Rend_10.png,WP_Rend,train,16,78,277,7,7,49,31,1.0,0.6327,False,False,False,False,False
WP_Rend_10__tile_r0004_c0001,WP_Rend_10.png,WP_Rend,train,17,40,281,5,9,45,25,0.556,0.5556,False,False,False,False,False
WP_Rend_10__tile_r0004_c0001,WP_Rend_10.png,WP_Rend,train,18,58,286,7,6,42,25,1.167,0.5952,False,False,False,False,False
WP_Rend_10__tile_r0004_c0001,WP_Rend_10.png,WP_Rend,train,19,579,359,61,112,6832,1782,0.545,0.2608,False,True,False,False,True
WP_Rend_10__tile_r0004_c0001,WP_Rend_10.png,WP_Rend,train,20,0,383,42,24,1008,665,1.75,0.6597,True,False,False,False,True
WP_Rend_10__tile_r0004_c0001,WP_Rend_10.png,WP_Rend,train,21,0,417,12,58,696,262,0.207,0.3764,True,False,False,False,True
WP_Rend_10__tile_r0004_c0001,WP_Rend_10.png,WP_Rend,train,22,564,471,12,10,120,82,1.2,0.6833,False,False,False,False,False
WP_Rend_10__tile_r0004_c0001,WP_Rend_10.png,WP_Rend,train,23,603,471,12,15,180,95,0.8,0.5278,False,False,False,False,False
WP_Rend_10__tile_r0004_c0001,WP_Rend_10.png,WP_Rend,train,24,632,470,8,16,128,100,0.5,0.7812,False,True,False,False,True
WP_Rend_10__tile_r0004_c0001,WP_Rend_10.png,WP_Rend,train,25,520,488,120,78,9360,1961,1.538,0.2095,False,True,False,False,True
WP_Rend_10__tile_r0004_c0002,WP_Rend_10.png,WP_Rend,train,1,8,62,24,66,1584,445,0.364,0.2809,False,False,False,False,False
WP_Rend_10__tile_r0004_c0002,WP_Rend_10.png,WP_Rend,train,2,98,72,48,58,2784,552,0.828,0.1983,False,False,False,False,False
WP_Rend_10__tile_r0004_c0002,WP_Rend_10.png,WP_Rend,train,3,0,160,68,40,2720,763,1.7,0.2805,True,False,False,False,True
WP_Rend_10__tile_r0004_c0002,WP_Rend_10.png,WP_Rend,train,4,141,223,59,25,1475,359,2.36,0.2434,False,False,False,False,False
WP_Rend_10__tile_r0004_c0002,WP_Rend_10.png,WP_Rend,train,5,0,240,57,17,969,281,3.353,0.29,True,False,False,False,True
WP_Rend_10__tile_r0004_c0002,WP_Rend_10.png,WP_Rend,train,6,90,251,37,18,666,259,2.056,0.3889,False,False,False,False,False
WP_Rend_10__tile_r0004_c0002,WP_Rend_10.png,WP_Rend,train,7,176,267,97,51,4947,615,1.902,0.1243,False,False,False,False,False
WP_Rend_10__tile_r0004_c0002,WP_Rend_10.png,WP_Rend,train,8,281,340,31,52,1612,598,0.596,0.371,False,False,False,False,False
WP_Rend_10__tile_r0004_c0002,WP_Rend_10.png,WP_Rend,train,9,167,347,59,45,2655,1577,1.311,0.594,False,False,False,False,False
WP_Rend_10__tile_r0004_c0002,WP_Rend_10.png,WP_Rend,train,10,67,359,75,112,8400,2135,0.67,0.2542,False,False,False,False,False
WP_Rend_10__tile_r0004_c0002,WP_Rend_10.png,WP_Rend,train,11,157,447,24,19,456,171,1.263,0.375,False,False,False,False,False
WP_Rend_10__tile_r0004_c0002,WP_Rend_10.png,WP_Rend,train,12,52,471,12,10,120,82,1.2,0.6833,False,False,False,False,False
WP_Rend_10__tile_r0004_c0002,WP_Rend_10.png,WP_Rend,train,13,91,471,12,15,180,95,0.8,0.5278,False,False,False,False,False
WP_Rend_10__tile_r0004_c0002,WP_Rend_10.png,WP_Rend,train,14,120,470,10,16,160,122,0.625,0.7625,False,False,False,False,False
WP_Rend_10__tile_r0004_c0002,WP_Rend_10.png,WP_Rend,train,15,178,480,183,55,10065,1711,3.327,0.17,False,False,False,False,False
WP_Rend_10__tile_r0004_c0002,WP_Rend_10.png,WP_Rend,train,16,8,488,167,78,13026,2405,2.141,0.1846,False,False,False,False,False
WP_Rend_10__tile_r0004_c0002,WP_Rend_10.png,WP_Rend,train,17,166,505,46,32,1472,346,1.438,0.2351,False,False,False,False,False
WP_Rend_10__tile_r0004_c0002,WP_Rend_10.png,WP_Rend,train,18,572,602,44,38,1672,338,1.158,0.2022,False,False,False,True,True
WP_Rend_10__tile_r0004_c0003,WP_Rend_10.png,WP_Rend,train,1,60,602,44,38,1672,338,1.158,0.2022,False,False,False,True,True
WP_Rend_10__tile_r0005_c0000,WP_Rend_10.png,WP_Rend,train,1,504,0,4,1,4,4,4.0,1.0,False,False,True,False,True
WP_Rend_10__tile_r0005_c0000,WP_Rend_10.png,WP_Rend,train,2,477,0,163,640,104320,56602,0.255,0.5426,False,True,True,True,True
WP_Rend_10__tile_r0005_c0000,WP_Rend_10.png,WP_Rend,train,3,503,530,19,45,855,243,0.422,0.2842,False,False,False,False,False
WP_Rend_10__tile_r0005_c0001,WP_Rend_10.png,WP_Rend,train,1,0,0,325,640,208000,164670,0.508,0.7917,True,False,True,True,True
WP_Rend_10__tile_r0005_c0001,WP_Rend_10.png,WP_Rend,train,2,520,0,120,54,6480,1238,2.222,0.191,False,True,True,False,True
WP_Rend_10__tile_r0005_c0001,WP_Rend_10.png,WP_Rend,train,3,552,312,77,117,9009,1659,0.658,0.1841,False,False,False,False,False
WP_Rend_10__tile_r0005_c0001,WP_Rend_10.png,WP_Rend,train,4,484,320,19,45,855,273,0.422,0.3193,False,False,False,False,False
WP_Rend_10__tile_r0005_c0001,WP_Rend_10.png,WP_Rend,train,5,460,352,54,49,2646,862,1.102,0.3258,False,False,False,False,False
WP_Rend_10__tile_r0005_c0001,WP_Rend_10.png,WP_Rend,train,6,626,453,14,9,126,60,1.556,0.4762,False,True,False,False,True
WP_Rend_10__tile_r0005_c0001,WP_Rend_10.png,WP_Rend,train,7,501,479,11,41,451,278,0.268,0.6164,False,False,False,False,False
WP_Rend_10__tile_r0005_c0001,WP_Rend_10.png,WP_Rend,train,8,510,505,111,19,2109,635,5.842,0.3011,False,False,False,False,False
WP_Rend_10__tile_r0005_c0001,WP_Rend_10.png,WP_Rend,train,9,0,549,10,26,260,135,0.385,0.5192,True,False,False,False,True
WP_Rend_10__tile_r0005_c0002,WP_Rend_10.png,WP_Rend,train,1,8,0,135,54,7290,1309,2.5,0.1796,False,False,True,False,True
WP_Rend_10__tile_r0005_c0002,WP_Rend_10.png,WP_Rend,train,2,171,0,41,25,1025,294,1.64,0.2868,False,False,True,False,True
WP_Rend_10__tile_r0005_c0002,WP_Rend_10.png,WP_Rend,train,3,186,0,65,23,1495,743,2.826,0.497,False,False,True,False,True
WP_Rend_10__tile_r0005_c0002,WP_Rend_10.png,WP_Rend,train,4,572,90,51,53,2703,502,0.962,0.1857,False,False,False,False,False
WP_Rend_10__tile_r0005_c0002,WP_Rend_10.png,WP_Rend,train,5,386,151,48,34,1632,265,1.412,0.1624,False,False,False,False,False
WP_Rend_10__tile_r0005_c0002,WP_Rend_10.png,WP_Rend,train,6,322,156,41,30,1230,264,1.367,0.2146,False,False,False,False,False
WP_Rend_10__tile_r0005_c0002,WP_Rend_10.png,WP_Rend,train,7,348,215,20,63,1260,522,0.317,0.4143,False,False,False,False,False
WP_Rend_10__tile_r0005_c0002,WP_Rend_10.png,WP_Rend,train,8,208,296,27,14,378,118,1.929,0.3122,False,False,False,False,False
WP_Rend_10__tile_r0005_c0002,WP_Rend_10.png,WP_Rend,train,9,266,298,42,14,588,275,3.0,0.4677,False,False,False,False,False
WP_Rend_10__tile_r0005_c0002,WP_Rend_10.png,WP_Rend,train,10,40,312,77,117,9009,1659,0.658,0.1841,False,False,False,False,False
WP_Rend_10__tile_r0005_c0002,WP_Rend_10.png,WP_Rend,train,11,190,358,7,49,343,292,0.143,0.8513,False,False,False,False,False
WP_Rend_10__tile_r0005_c0002,WP_Rend_10.png,WP_Rend,train,12,273,367,11,36,396,263,0.306,0.6641,False,False,False,False,False
WP_Rend_10__tile_r0005_c0002,WP_Rend_10.png,WP_Rend,train,13,0,368,2,26,52,35,0.077,0.6731,True,False,False,False,True
WP_Rend_10__tile_r0005_c0002,WP_Rend_10.png,WP_Rend,train,14,114,451,36,11,396,198,3.273,0.5,False,False,False,False,False
WP_Rend_10__tile_r0005_c0002,WP_Rend_10.png,WP_Rend,train,15,169,473,29,36,1044,329,0.806,0.3151,False,False,False,False,False
WP_Rend_10__tile_r0005_c0002,WP_Rend_10.png,WP_Rend,train,16,0,505,109,18,1962,624,6.056,0.318,True,False,False,False,True
WP_Rend_10__tile_r0005_c0002,WP_Rend_10.png,WP_Rend,train,17,155,537,17,26,442,219,0.654,0.4955,False,False,False,False,False
WP_Rend_10__tile_r0005_c0002,WP_Rend_10.png,WP_Rend,train,18,183,581,26,58,1508,705,0.448,0.4675,False,False,False,False,False
WP_Rend_10__tile_r0005_c0003,WP_Rend_10.png,WP_Rend,train,1,60,90,51,53,2703,502,0.962,0.1857,False,False,False,False,False
WP_Rend_10__tile_r0006_c0000,WP_Rend_10.png,WP_Rend,train,1,533,0,107,401,42907,27028,0.267,0.6299,False,True,True,False,True
WP_Rend_10__tile_r0006_c0000,WP_Rend_10.png,WP_Rend,train,2,503,18,19,45,855,243,0.422,0.2842,False,False,False,False,False
WP_Rend_10__tile_r0006_c0000,WP_Rend_10.png,WP_Rend,train,3,487,248,87,41,3567,1071,2.122,0.3003,False,False,False,False,False
WP_Rend_10__tile_r0006_c0000,WP_Rend_10.png,WP_Rend,train,4,517,261,12,13,156,88,0.923,0.5641,False,False,False,False,False
WP_Rend_10__tile_r0006_c0000,WP_Rend_10.png,WP_Rend,train,5,512,291,16,8,128,82,2.0,0.6406,False,False,False,False,False
WP_Rend_10__tile_r0006_c0000,WP_Rend_10.png,WP_Rend,train,6,557,387,20,37,740,195,0.541,0.2635,False,False,False,False,False
WP_Rend_10__tile_r0006_c0000,WP_Rend_10.png,WP_Rend,train,7,583,436,23,17,391,188,1.353,0.4808,False,False,False,False,False
WP_Rend_10__tile_r0006_c0001,WP_Rend_10.png,WP_Rend,train,1,21,0,270,401,108270,75866,0.673,0.7007,False,False,True,False,True
WP_Rend_10__tile_r0006_c0001,WP_Rend_10.png,WP_Rend,train,2,502,0,7,8,56,49,0.875,0.875,False,False,True,False,True
WP_Rend_10__tile_r0006_c0001,WP_Rend_10.png,WP_Rend,train,3,510,0,91,12,1092,406,7.583,0.3718,False,False,True,False,True
WP_Rend_10__tile_r0006_c0001,WP_Rend_10.png,WP_Rend,train,4,0,37,10,26,260,135,0.385,0.5192,True,False,False,False,True
WP_Rend_10__tile_r0006_c0001,WP_Rend_10.png,WP_Rend,train,5,545,150,95,31,2945,984,3.065,0.3341,False,True,False,False,True
WP_Rend_10__tile_r0006_c0001,WP_Rend_10.png,WP_Rend,train,6,0,248,62,41,2542,780,1.512,0.3068,True,False,False,False,True
WP_Rend_10__tile_r0006_c0001,WP_Rend_10.png,WP_Rend,train,7,5,261,12,13,156,88,0.923,0.5641,False,False,False,False,False
WP_Rend_10__tile_r0006_c0001,WP_Rend_10.png,WP_Rend,train,8,0,291,16,8,128,82,2.0,0.6406,True,False,False,False,True
WP_Rend_10__tile_r0006_c0001,WP_Rend_10.png,WP_Rend,train,9,45,387,20,37,740,195,0.541,0.2635,False,False,False,False,False
WP_Rend_10__tile_r0006_c0001,WP_Rend_10.png,WP_Rend,train,10,71,436,23,17,391,188,1.353,0.4808,False,False,False,False,False
WP_Rend_10__tile_r0006_c0002,WP_Rend_10.png,WP_Rend,train,1,0,0,89,11,979,395,8.091,0.4035,True,False,True,False,True
WP_Rend_10__tile_r0006_c0002,WP_Rend_10.png,WP_Rend,train,2,155,25,17,26,442,219,0.654,0.4955,False,False,False,False,False
WP_Rend_10__tile_r0006_c0002,WP_Rend_10.png,WP_Rend,train,3,183,69,26,58,1508,705,0.448,0.4675,False,False,False,False,False
WP_Rend_10__tile_r0006_c0002,WP_Rend_10.png,WP_Rend,train,4,33,148,115,33,3795,1150,3.485,0.303,False,False,False,False,False
WP_Rend_10__tile_r0006_c0002,WP_Rend_10.png,WP_Rend,train,5,522,234,84,12,1008,443,7.0,0.4395,False,False,False,False,False
WP_Rend_10__tile_r0006_c0003,WP_Rend_10.png,WP_Rend,train,1,10,234,84,12,1008,443,7.0,0.4395,False,False,False,False,False
WP_Rend_11__tile_r0004_c0001,WP_Rend_11.png,WP_Rend,train,1,182,398,51,19,969,373,2.684,0.3849,False,False,False,False,False
WP_Rend_11__tile_r0004_c0002,WP_Rend_11.png,WP_Rend,train,1,129,286,7,36,252,190,0.194,0.754,False,False,False,False,False
WP_Rend_11__tile_r0004_c0002,WP_Rend_11.png,WP_Rend,train,2,441,313,199,327,65073,45409,0.609,0.6978,False,True,False,True,True
WP_Rend_11__tile_r0004_c0002,WP_Rend_11.png,WP_Rend,train,3,277,496,48,39,1872,844,1.231,0.4509,False,False,False,False,False
WP_Rend_11__tile_r0004_c0002,WP_Rend_11.png,WP_Rend,train,4,219,535,19,19,361,154,1.0,0.4266,False,False,False,False,False
WP_Rend_11__tile_r0004_c0002,WP_Rend_11.png,WP_Rend,train,5,156,593,42,25,1050,229,1.68,0.2181,False,False,False,False,False
WP_Rend_11__tile_r0004_c0003,WP_Rend_11.png,WP_Rend,train,1,0,313,192,327,62784,57469,0.587,0.9153,True,True,False,True,True
WP_Rend_11__tile_r0005_c0000,WP_Rend_11.png,WP_Rend,train,1,586,349,46,59,2714,987,0.78,0.3637,False,False,False,False,False
WP_Rend_11__tile_r0005_c0000,WP_Rend_11.png,WP_Rend,train,2,472,457,46,74,3404,1800,0.622,0.5288,False,False,False,False,False
WP_Rend_11__tile_r0005_c0001,WP_Rend_11.png,WP_Rend,train,1,549,266,61,36,2196,661,1.694,0.301,False,False,False,False,False
WP_Rend_11__tile_r0005_c0001,WP_Rend_11.png,WP_Rend,train,2,505,328,19,50,950,525,0.38,0.5526,False,False,False,False,False
WP_Rend_11__tile_r0005_c0001,WP_Rend_11.png,WP_Rend,train,3,74,349,46,59,2714,987,0.78,0.3637,False,False,False,False,False
WP_Rend_11__tile_r0005_c0001,WP_Rend_11.png,WP_Rend,train,4,133,360,37,85,3145,1232,0.435,0.3917,False,False,False,False,False
WP_Rend_11__tile_r0005_c0001,WP_Rend_11.png,WP_Rend,train,5,0,511,6,14,84,55,0.429,0.6548,True,False,False,False,True
WP_Rend_11__tile_r0005_c0001,WP_Rend_11.png,WP_Rend,train,6,510,569,130,71,9230,2818,1.831,0.3053,False,True,False,True,True
WP_Rend_11__tile_r0005_c0002,WP_Rend_11.png,WP_Rend,train,1,277,0,38,23,874,417,1.652,0.4771,False,False,True,False,True
WP_Rend_11__tile_r0005_c0002,WP_Rend_11.png,WP_Rend,train,2,496,0,1,1,1,1,1.0,1.0,False,False,True,False,True
WP_Rend_11__tile_r0005_c0002,WP_Rend_11.png,WP_Rend,train,3,433,0,207,640,132480,116015,0.323,0.8757,False,True,True,True,True
WP_Rend_11__tile_r0005_c0002,WP_Rend_11.png,WP_Rend,train,4,219,23,19,19,361,154,1.0,0.4266,False,False,False,False,False
WP_Rend_11__tile_r0005_c0002,WP_Rend_11.png,WP_Rend,train,5,156,81,42,25,1050,229,1.68,0.2181,False,False,False,False,False
WP_Rend_11__tile_r0005_c0002,WP_Rend_11.png,WP_Rend,train,6,203,139,26,8,208,130,3.25,0.625,False,False,False,False,False
WP_Rend_11__tile_r0005_c0002,WP_Rend_11.png,WP_Rend,train,7,237,240,38,38,1444,420,1.0,0.2909,False,False,False,False,False
WP_Rend_11__tile_r0005_c0002,WP_Rend_11.png,WP_Rend,train,8,160,262,12,33,396,298,0.364,0.7525,False,False,False,False,False
WP_Rend_11__tile_r0005_c0002,WP_Rend_11.png,WP_Rend,train,9,37,266,61,36,2196,661,1.694,0.301,False,False,False,False,False
WP_Rend_11__tile_r0005_c0002,WP_Rend_11.png,WP_Rend,train,10,0,328,12,50,600,381,0.24,0.635,True,False,False,False,True
WP_Rend_11__tile_r0005_c0002,WP_Rend_11.png,WP_Rend,train,11,149,548,51,88,4488,1663,0.58,0.3705,False,False,False,False,False
WP_Rend_11__tile_r0005_c0002,WP_Rend_11.png,WP_Rend,train,12,0,569,146,71,10366,2974,2.056,0.2869,True,False,False,True,True
WP_Rend_11__tile_r0005_c0002,WP_Rend_11.png,WP_Rend,train,13,139,570,28,27,756,490,1.037,0.6481,False,False,False,False,False
WP_Rend_11__tile_r0005_c0002,WP_Rend_11.png,WP_Rend,train,14,182,637,6,3,18,12,2.0,0.6667,False,False,False,True,True
WP_Rend_11__tile_r0005_c0002,WP_Rend_11.png,WP_Rend,train,15,174,638,2,2,4,3,1.0,0.75,False,False,False,True,True
WP_Rend_11__tile_r0005_c0003,WP_Rend_11.png,WP_Rend,train,1,0,0,192,640,122880,122880,0.3,1.0,True,True,True,True,True
WP_Rend_11__tile_r0006_c0000,WP_Rend_11.png,WP_Rend,train,1,493,0,25,19,475,267,1.316,0.5621,False,False,True,False,True
WP_Rend_11__tile_r0006_c0001,WP_Rend_11.png,WP_Rend,train,1,0,0,6,13,78,54,0.462,0.6923,True,False,True,False,True
WP_Rend_11__tile_r0006_c0001,WP_Rend_11.png,WP_Rend,train,2,478,57,162,104,16848,3142,1.558,0.1865,False,True,False,False,True
WP_Rend_11__tile_r0006_c0001,WP_Rend_11.png,WP_Rend,train,3,558,145,82,50,4100,2538,1.64,0.619,False,True,False,False,True
WP_Rend_11__tile_r0006_c0001,WP_Rend_11.png,WP_Rend,train,4,520,212,107,56,5992,1192,1.911,0.1989,False,False,False,False,False
WP_Rend_11__tile_r0006_c0001,WP_Rend_11.png,WP_Rend,train,5,600,444,40,54,2160,480,0.741,0.2222,False,True,False,False,True
WP_Rend_11__tile_r0006_c0001,WP_Rend_11.png,WP_Rend,train,6,500,480,38,42,1596,646,0.905,0.4048,False,False,False,False,False
WP_Rend_11__tile_r0006_c0002,WP_Rend_11.png,WP_Rend,train,1,196,0,444,598,265512,121687,0.742,0.4583,False,True,True,False,True
WP_Rend_11__tile_r0006_c0002,WP_Rend_11.png,WP_Rend,train,2,149,36,51,88,4488,1663,0.58,0.3705,False,False,False,False,False
WP_Rend_11__tile_r0006_c0002,WP_Rend_11.png,WP_Rend,train,3,0,57,146,75,10950,3011,1.947,0.275,True,False,False,False,True
WP_Rend_11__tile_r0006_c0002,WP_Rend_11.png,WP_Rend,train,4,139,58,28,27,756,490,1.037,0.6481,False,False,False,False,False
WP_Rend_11__tile_r0006_c0002,WP_Rend_11.png,WP_Rend,train,5,171,125,17,19,323,219,0.895,0.678,False,False,False,False,False
WP_Rend_11__tile_r0006_c0002,WP_Rend_11.png,WP_Rend,train,6,46,145,109,50,5450,2972,2.18,0.5453,False,False,False,False,False
WP_Rend_11__tile_r0006_c0002,WP_Rend_11.png,WP_Rend,train,7,8,212,107,56,5992,1192,1.911,0.1989,False,False,False,False,False
WP_Rend_11__tile_r0006_c0002,WP_Rend_11.png,WP_Rend,train,8,310,231,26,57,1482,1016,0.456,0.6856,False,False,False,False,False
WP_Rend_11__tile_r0006_c0002,WP_Rend_11.png,WP_Rend,train,9,88,444,40,54,2160,480,0.741,0.2222,False,False,False,False,False
WP_Rend_11__tile_r0006_c0002,WP_Rend_11.png,WP_Rend,train,10,202,453,48,59,2832,806,0.814,0.2846,False,False,False,False,False
WP_Rend_11__tile_r0006_c0002,WP_Rend_11.png,WP_Rend,train,11,0,480,26,32,832,459,0.812,0.5517,True,False,False,False,True
WP_Rend_11__tile_r0006_c0003,WP_Rend_11.png,WP_Rend,train,1,0,0,192,529,101568,79327,0.363,0.781,True,True,True,False,True
WP_Rend_11__tile_r0006_c0003,WP_Rend_11.png,WP_Rend,train,2,0,475,4,9,36,22,0.444,0.6111,True,False,False,False,True
WP_Rend_11__tile_r0007_c0001,WP_Rend_11.png,WP_Rend,train,1,502,0,10,10,100,54,1.0,0.54,False,False,True,False,True
WP_Rend_11__tile_r0007_c0002,WP_Rend_11.png,WP_Rend,train,1,411,0,89,86,7654,5391,1.035,0.7043,False,False,True,False,True
WP_Rend_11__tile_r0007_c0002,WP_Rend_11.png,WP_Rend,train,2,527,0,27,17,459,324,1.588,0.7059,False,False,True,False,True
WP_Rend_11__tile_r0007_c0003,WP_Rend_11.png,WP_Rend,train,1,15,0,27,17,459,324,1.588,0.7059,False,False,True,False,True
WP_Rend_11__tile_r0008_c0002,WP_Rend_11.png,WP_Rend,train,1,376,334,64,23,1472,502,2.783,0.341,False,False,False,False,False
