tile_id,source_image,source_site,split
Exploratory_A_01__tile_r0000_c0000,Exploratory_A_01.png,Exploratory_A,train
Exploratory_A_01__tile_r0000_c0001,Exploratory_A_01.png,Exploratory_A,train
Exploratory_A_01__tile_r0000_c0002,Exploratory_A_01.png,Exploratory_A,train
Exploratory_A_01__tile_r0000_c0003,Exploratory_A_01.png,Exploratory_A,train
Exploratory_A_01__tile_r0001_c0000,Exploratory_A_01.png,Exploratory_A,train
Exploratory_A_01__tile_r0001_c0001,Exploratory_A_01.png,Exploratory_A,train
Exploratory_A_01__tile_r0001_c0002,Exploratory_A_01.png,Exploratory_A,train
Exploratory_A_01__tile_r0001_c0003,Exploratory_A_01.png,Exploratory_A,train
Exploratory_A_01__tile_r0002_c0000,Exploratory_A_01.png,Exploratory_A,train
Exploratory_A_01__tile_r0002_c0001,Exploratory_A_01.png,Exploratory_A,train
Exploratory_A_01__tile_r0002_c0002,Exploratory_A_01.png,Exploratory_A,train
Exploratory_A_01__tile_r0002_c0003,Exploratory_A_01.png,Exploratory_A,train
Exploratory_A_01__tile_r0003_c0000,Exploratory_A_01.png,Exploratory_A,train
Exploratory_A_01__tile_r0003_c0001,Exploratory_A_01.png,Exploratory_A,train
Exploratory_A_01__tile_r0003_c0002,Exploratory_A_01.png,Exploratory_A,train
Exploratory_A_01__tile_r0003_c0003,Exploratory_A_01.png,Exploratory_A,train
Exploratory_A_01__tile_r0004_c0000,Exploratory_A_01.png,Exploratory_A,train
Exploratory_A_01__tile_r0004_c0001,Exploratory_A_01.png,Exploratory_A,train
Exploratory_A_01__tile_r0004_c0002,Exploratory_A_01.png,Exploratory_A,train
Exploratory_A_01__tile_r0004_c0003,Exploratory_A_01.png,Exploratory_A,train
Exploratory_A_01__tile_r0005_c0000,Exploratory_A_01.png,Exploratory_A,train
Exploratory_A_01__tile_r0005_c0001,Exploratory_A_01.png,Exploratory_A,train
Exploratory_A_01__tile_r0005_c0002,Exploratory_A_01.png,Exploratory_A,train
Exploratory_A_01__tile_r0005_c0003,Exploratory_A_01.png,Exploratory_A,train
Exploratory_A_01__tile_r0006_c0000,Exploratory_A_01.png,Exploratory_A,train
Exploratory_A_01__tile_r0006_c0001,Exploratory_A_01.png,Exploratory_A,train
Exploratory_A_01__tile_r0006_c0002,Exploratory_A_01.png,Exploratory_A,train
Exploratory_A_01__tile_r0006_c0003,Exploratory_A_01.png,Exploratory_A,train
Exploratory_A_01__tile_r0007_c0000,Exploratory_A_01.png,Exploratory_A,train
Exploratory_A_01__tile_r0007_c0001,Exploratory_A_01.png,Exploratory_A,train
Exploratory_A_01__tile_r0007_c0002,Exploratory_A_01.png,Exploratory_A,train
Exploratory_A_01__tile_r0007_c0003,Exploratory_A_01.png,Exploratory_A,train
Exploratory_A_01__tile_r0008_c0000,Exploratory_A_01.png,Exploratory_A,train
Exploratory_A_01__tile_r0008_c0001,Exploratory_A_01.png,Exploratory_A,train
Exploratory_A_01__tile_r0008_c0002,Exploratory_A_01.png,Exploratory_A,train
Exploratory_A_01__tile_r0008_c0003,Exploratory_A_01.png,Exploratory_A,train
Exploratory_A_01__tile_r0009_c0000,Exploratory_A_01.png,Exploratory_A,train
Exploratory_A_01__tile_r0009_c0001,Exploratory_A_01.png,Exploratory_A,train
Exploratory_A_01__tile_r0009_c0002,Exploratory_A_01.png,Exploratory_A,train
Exploratory_A_01__tile_r0009_c0003,Exploratory_A_01.png,Exploratory_A,train
Exploratory_A_01__tile_r0010_c0000,Exploratory_A_01.png,Exploratory_A,train
Exploratory_A_01__tile_r0010_c0001,Exploratory_A_01.png,Exploratory_A,train
Exploratory_A_01__tile_r0010_c0002,Exploratory_A_01.png,Exploratory_A,train
Exploratory_A_01__tile_r0010_c0003,Exploratory_A_01.png,Exploratory_A,train
Exploratory_A_01__tile_r0011_c0000,Exploratory_A_01.png,Exploratory_A,train
Exploratory_A_01__tile_r0011_c0001,Exploratory_A_01.png,Exploratory_A,train
Exploratory_A_01__tile_r0011_c0002,Exploratory_A_01.png,Exploratory_A,train
Exploratory_A_01__tile_r0011_c0003,Exploratory_A_01.png,Exploratory_A,train
Exploratory_A_01__tile_r0012_c0000,Exploratory_A_01.png,Exploratory_A,train
Exploratory_A_01__tile_r0012_c0001,Exploratory_A_01.png,Exploratory_A,train
Exploratory_A_01__tile_r0012_c0002,Exploratory_A_01.png,Exploratory_A,train
Exploratory_A_01__tile_r0012_c0003,Exploratory_A_01.png,Exploratory_A,train
Exploratory_A_01__tile_r0013_c0000,Exploratory_A_01.png,Exploratory_A,train
Exploratory_A_01__tile_r0013_c0001,Exploratory_A_01.png,Exploratory_A,train
Exploratory_A_01__tile_r0013_c0002,Exploratory_A_01.png,Exploratory_A,train
Exploratory_A_01__tile_r0013_c0003,Exploratory_A_01.png,Exploratory_A,train
Exploratory_A_01__tile_r0014_c0000,Exploratory_A_01.png,Exploratory_A,train
Exploratory_A_01__tile_r0014_c0001,Exploratory_A_01.png,Exploratory_A,train
Exploratory_A_01__tile_r0014_c0002,Exploratory_A_01.png,Exploratory_A,train
Exploratory_A_01__tile_r0014_c0003,Exploratory_A_01.png,Exploratory_A,train
Exploratory_A_01__tile_r0015_c0000,Exploratory_A_01.png,Exploratory_A,train
Exploratory_A_01__tile_r0015_c0001,Exploratory_A_01.png,Exploratory_A,train
Exploratory_A_01__tile_r0015_c0002,Exploratory_A_01.png,Exploratory_A,train
Exploratory_A_01__tile_r0015_c0003,Exploratory_A_01.png,Exploratory_A,train
Exploratory_A_01__tile_r0016_c0000,Exploratory_A_01.png,Exploratory_A,train
Exploratory_A_01__tile_r0016_c0001,Exploratory_A_01.png,Exploratory_A,train
Exploratory_A_01__tile_r0016_c0002,Exploratory_A_01.png,Exploratory_A,train
Exploratory_A_01__tile_r0016_c0003,Exploratory_A_01.png,Exploratory_A,train
Exploratory_A_01__tile_r0017_c0000,Exploratory_A_01.png,Exploratory_A,train
Exploratory_A_01__tile_r0017_c0001,Exploratory_A_01.png,Exploratory_A,train
Exploratory_A_01__tile_r0017_c0002,Exploratory_A_01.png,Exploratory_A,train
Exploratory_A_01__tile_r0017_c0003,Exploratory_A_01.png,Exploratory_A,train
Exploratory_A_01__tile_r0018_c0000,Exploratory_A_01.png,Exploratory_A,train
Exploratory_A_01__tile_r0018_c0001,Exploratory_A_01.png,Exploratory_A,train
Exploratory_A_01__tile_r0018_c0002,Exploratory_A_01.png,Exploratory_A,train
Exploratory_A_01__tile_r0018_c0003,Exploratory_A_01.png,Exploratory_A,train
Exploratory_A_01__tile_r0019_c0000,Exploratory_A_01.png,Exploratory_A,train
Exploratory_A_01__tile_r0019_c0001,Exploratory_A_01.png,Exploratory_A,train
Exploratory_A_01__tile_r0019_c0002,Exploratory_A_01.png,Exploratory_A,train
Exploratory_A_01__tile_r0019_c0003,Exploratory_A_01.png,Exploratory_A,train
Exploratory_A_01__tile_r0020_c0000,Exploratory_A_01.png,Exploratory_A,train
Exploratory_A_01__tile_r0020_c0001,Exploratory_A_01.png,Exploratory_A,train
Exploratory_A_01__tile_r0020_c0002,Exploratory_A_01.png,Exploratory_A,train
Exploratory_A_01__tile_r0020_c0003,Exploratory_A_01.png,Exploratory_A,train
Exploratory_A_01__tile_r0021_c0000,Exploratory_A_01.png,Exploratory_A,train
Exploratory_A_01__tile_r0021_c0001,Exploratory_A_01.png,Exploratory_A,train
Exploratory_A_01__tile_r0021_c0002,Exploratory_A_01.png,Exploratory_A,train
Exploratory_A_01__tile_r0021_c0003,Exploratory_A_01.png,Exploratory_A,train
Exploratory_A_01__tile_r0022_c0000,Exploratory_A_01.png,Exploratory_A,train
Exploratory_A_01__tile_r0022_c0001,Exploratory_A_01.png,Exploratory_A,train
Exploratory_A_01__tile_r0022_c0002,Exploratory_A_01.png,Exploratory_A,train
Exploratory_A_01__tile_r0022_c0003,Exploratory_A_01.png,Exploratory_A,train
Exploratory_A_01__tile_r0023_c0000,Exploratory_A_01.png,Exploratory_A,train
Exploratory_A_01__tile_r0023_c0001,Exploratory_A_01.png,Exploratory_A,train
Exploratory_A_01__tile_r0023_c0002,Exploratory_A_01.png,Exploratory_A,train
Exploratory_A_01__tile_r0023_c0003,Exploratory_A_01.png,Exploratory_A,train
Exploratory_A_01__tile_r0024_c0000,Exploratory_A_01.png,Exploratory_A,train
Exploratory_A_01__tile_r0024_c0001,Exploratory_A_01.png,Exploratory_A,train
Exploratory_A_01__tile_r0024_c0002,Exploratory_A_01.png,Exploratory_A,train
Exploratory_A_01__tile_r0024_c0003,Exploratory_A_01.png,Exploratory_A,train
Exploratory_A_01__tile_r0025_c0000,Exploratory_A_01.png,Exploratory_A,train
Exploratory_A_01__tile_r0025_c0001,Exploratory_A_01.png,Exploratory_A,train
Exploratory_A_01__tile_r0025_c0002,Exploratory_A_01.png,Exploratory_A,train
Exploratory_A_01__tile_r0025_c0003,Exploratory_A_01.png,Exploratory_A,train
Exploratory_A_01__tile_r0026_c0000,Exploratory_A_01.png,Exploratory_A,train
Exploratory_A_01__tile_r0026_c0001,Exploratory_A_01.png,Exploratory_A,train
Exploratory_A_01__tile_r0026_c0002,Exploratory_A_01.png,Exploratory_A,train
Exploratory_A_01__tile_r0026_c0003,Exploratory_A_01.png,Exploratory_A,train
Exploratory_A_02__tile_r0000_c0000,Exploratory_A_02.png,Exploratory_A,train
Exploratory_A_02__tile_r0000_c0001,Exploratory_A_02.png,Exploratory_A,train
Exploratory_A_02__tile_r0000_c0002,Exploratory_A_02.png,Exploratory_A,train
Exploratory_A_02__tile_r0000_c0003,Exploratory_A_02.png,Exploratory_A,train
Exploratory_A_02__tile_r0001_c0000,Exploratory_A_02.png,Exploratory_A,train
Exploratory_A_02__tile_r0001_c0001,Exploratory_A_02.png,Exploratory_A,train
Exploratory_A_02__tile_r0001_c0002,Exploratory_A_02.png,Exploratory_A,train
Exploratory_A_02__tile_r0001_c0003,Exploratory_A_02.png,Exploratory_A,train
Exploratory_A_02__tile_r0002_c0000,Exploratory_A_02.png,Exploratory_A,train
Exploratory_A_02__tile_r0002_c0001,Exploratory_A_02.png,Exploratory_A,train
Exploratory_A_02__tile_r0002_c0002,Exploratory_A_02.png,Exploratory_A,train
Exploratory_A_02__tile_r0002_c0003,Exploratory_A_02.png,Exploratory_A,train
Exploratory_A_02__tile_r0003_c0000,Exploratory_A_02.png,Exploratory_A,train
Exploratory_A_02__tile_r0003_c0001,Exploratory_A_02.png,Exploratory_A,train
Exploratory_A_02__tile_r0003_c0002,Exploratory_A_02.png,Exploratory_A,train
Exploratory_A_02__tile_r0003_c0003,Exploratory_A_02.png,Exploratory_A,train
Exploratory_A_02__tile_r0004_c0000,Exploratory_A_02.png,Exploratory_A,train
Exploratory_A_02__tile_r0004_c0001,Exploratory_A_02.png,Exploratory_A,train
Exploratory_A_02__tile_r0004_c0002,Exploratory_A_02.png,Exploratory_A,train
Exploratory_A_02__tile_r0004_c0003,Exploratory_A_02.png,Exploratory_A,train
Exploratory_A_02__tile_r0005_c0000,Exploratory_A_02.png,Exploratory_A,train
Exploratory_A_02__tile_r0005_c0001,Exploratory_A_02.png,Exploratory_A,train
Exploratory_A_02__tile_r0005_c0002,Exploratory_A_02.png,Exploratory_A,train
Exploratory_A_02__tile_r0005_c0003,Exploratory_A_02.png,Exploratory_A,train
Exploratory_A_02__tile_r0006_c0000,Exploratory_A_02.png,Exploratory_A,train
Exploratory_A_02__tile_r0006_c0001,Exploratory_A_02.png,Exploratory_A,train
Exploratory_A_02__tile_r0006_c0002,Exploratory_A_02.png,Exploratory_A,train
Exploratory_A_02__tile_r0006_c0003,Exploratory_A_02.png,Exploratory_A,train
Exploratory_A_02__tile_r0007_c0000,Exploratory_A_02.png,Exploratory_A,train
Exploratory_A_02__tile_r0007_c0001,Exploratory_A_02.png,Exploratory_A,train
Exploratory_A_02__tile_r0007_c0002,Exploratory_A_02.png,Exploratory_A,train
Exploratory_A_02__tile_r0007_c0003,Exploratory_A_02.png,Exploratory_A,train
Exploratory_A_02__tile_r0008_c0000,Exploratory_A_02.png,Exploratory_A,train
Exploratory_A_02__tile_r0008_c0001,Exploratory_A_02.png,Exploratory_A,train
Exploratory_A_02__tile_r0008_c0002,Exploratory_A_02.png,Exploratory_A,train
Exploratory_A_02__tile_r0008_c0003,Exploratory_A_02.png,Exploratory_A,train
Exploratory_A_02__tile_r0009_c0000,Exploratory_A_02.png,Exploratory_A,train
Exploratory_A_02__tile_r0009_c0001,Exploratory_A_02.png,Exploratory_A,train
Exploratory_A_02__tile_r0009_c0002,Exploratory_A_02.png,Exploratory_A,train
Exploratory_A_02__tile_r0009_c0003,Exploratory_A_02.png,Exploratory_A,train
Exploratory_A_02__tile_r0010_c0000,Exploratory_A_02.png,Exploratory_A,train
Exploratory_A_02__tile_r0010_c0001,Exploratory_A_02.png,Exploratory_A,train
Exploratory_A_02__tile_r0010_c0002,Exploratory_A_02.png,Exploratory_A,train
Exploratory_A_02__tile_r0010_c0003,Exploratory_A_02.png,Exploratory_A,train
Exploratory_A_02__tile_r0011_c0000,Exploratory_A_02.png,Exploratory_A,train
Exploratory_A_02__tile_r0011_c0001,Exploratory_A_02.png,Exploratory_A,train
Exploratory_A_02__tile_r0011_c0002,Exploratory_A_02.png,Exploratory_A,train
Exploratory_A_02__tile_r0011_c0003,Exploratory_A_02.png,Exploratory_A,train
Exploratory_A_02__tile_r0012_c0000,Exploratory_A_02.png,Exploratory_A,train
Exploratory_A_02__tile_r0012_c0001,Exploratory_A_02.png,Exploratory_A,train
Exploratory_A_02__tile_r0012_c0002,Exploratory_A_02.png,Exploratory_A,train
Exploratory_A_02__tile_r0012_c0003,Exploratory_A_02.png,Exploratory_A,train
Exploratory_A_02__tile_r0013_c0000,Exploratory_A_02.png,Exploratory_A,train
Exploratory_A_02__tile_r0013_c0001,Exploratory_A_02.png,Exploratory_A,train
Exploratory_A_02__tile_r0013_c0002,Exploratory_A_02.png,Exploratory_A,train
Exploratory_A_02__tile_r0013_c0003,Exploratory_A_02.png,Exploratory_A,train
Exploratory_A_02__tile_r0014_c0000,Exploratory_A_02.png,Exploratory_A,train
Exploratory_A_02__tile_r0014_c0001,Exploratory_A_02.png,Exploratory_A,train
Exploratory_A_02__tile_r0014_c0002,Exploratory_A_02.png,Exploratory_A,train
Exploratory_A_02__tile_r0014_c0003,Exploratory_A_02.png,Exploratory_A,train
Exploratory_A_02__tile_r0015_c0000,Exploratory_A_02.png,Exploratory_A,train
Exploratory_A_02__tile_r0015_c0001,Exploratory_A_02.png,Exploratory_A,train
Exploratory_A_02__tile_r0015_c0002,Exploratory_A_02.png,Exploratory_A,train
Exploratory_A_02__tile_r0015_c0003,Exploratory_A_02.png,Exploratory_A,train
Exploratory_A_02__tile_r0016_c0000,Exploratory_A_02.png,Exploratory_A,train
Exploratory_A_02__tile_r0016_c0001,Exploratory_A_02.png,Exploratory_A,train
Exploratory_A_02__tile_r0016_c0002,Exploratory_A_02.png,Exploratory_A,train
Exploratory_A_02__tile_r0016_c0003,Exploratory_A_02.png,Exploratory_A,train
Exploratory_A_02__tile_r0017_c0000,Exploratory_A_02.png,Exploratory_A,train
Exploratory_A_02__tile_r0017_c0001,Exploratory_A_02.png,Exploratory_A,train
Exploratory_A_02__tile_r0017_c0002,Exploratory_A_02.png,Exploratory_A,train
Exploratory_A_02__tile_r0017_c0003,Exploratory_A_02.png,Exploratory_A,train
Exploratory_A_02__tile_r0018_c0000,Exploratory_A_02.png,Exploratory_A,train
Exploratory_A_02__tile_r0018_c0001,Exploratory_A_02.png,Exploratory_A,train
Exploratory_A_02__tile_r0018_c0002,Exploratory_A_02.png,Exploratory_A,train
Exploratory_A_02__tile_r0018_c0003,Exploratory_A_02.png,Exploratory_A,train
Exploratory_A_02__tile_r0019_c0000,Exploratory_A_02.png,Exploratory_A,train
Exploratory_A_02__tile_r0019_c0001,Exploratory_A_02.png,Exploratory_A,train
Exploratory_A_02__tile_r0019_c0002,Exploratory_A_02.png,Exploratory_A,train
Exploratory_A_02__tile_r0019_c0003,Exploratory_A_02.png,Exploratory_A,train
Exploratory_A_02__tile_r0020_c0000,Exploratory_A_02.png,Exploratory_A,train
Exploratory_A_02__tile_r0020_c0001,Exploratory_A_02.png,Exploratory_A,train
Exploratory_A_02__tile_r0020_c0002,Exploratory_A_02.png,Exploratory_A,train
Exploratory_A_02__tile_r0020_c0003,Exploratory_A_02.png,Exploratory_A,train
Exploratory_A_02__tile_r0021_c0000,Exploratory_A_02.png,Exploratory_A,train
Exploratory_A_02__tile_r0021_c0001,Exploratory_A_02.png,Exploratory_A,train
Exploratory_A_02__tile_r0021_c0002,Exploratory_A_02.png,Exploratory_A,train
Exploratory_A_02__tile_r0021_c0003,Exploratory_A_02.png,Exploratory_A,train
Exploratory_A_02__tile_r0022_c0000,Exploratory_A_02.png,Exploratory_A,train
Exploratory_A_02__tile_r0022_c0001,Exploratory_A_02.png,Exploratory_A,train
Exploratory_A_02__tile_r0022_c0002,Exploratory_A_02.png,Exploratory_A,train
Exploratory_A_02__tile_r0022_c0003,Exploratory_A_02.png,Exploratory_A,train
Exploratory_A_02__tile_r0023_c0000,Exploratory_A_02.png,Exploratory_A,train
Exploratory_A_02__tile_r0023_c0001,Exploratory_A_02.png,Exploratory_A,train
Exploratory_A_02__tile_r0023_c0002,Exploratory_A_02.png,Exploratory_A,train
Exploratory_A_02__tile_r0023_c0003,Exploratory_A_02.png,Exploratory_A,train
Exploratory_A_02__tile_r0024_c0000,Exploratory_A_02.png,Exploratory_A,train
Exploratory_A_02__tile_r0024_c0001,Exploratory_A_02.png,Exploratory_A,train
Exploratory_A_02__tile_r0024_c0002,Exploratory_A_02.png,Exploratory_A,train
Exploratory_A_02__tile_r0024_c0003,Exploratory_A_02.png,Exploratory_A,train
Exploratory_A_02__tile_r0025_c0000,Exploratory_A_02.png,Exploratory_A,train
Exploratory_A_02__tile_r0025_c0001,Exploratory_A_02.png,Exploratory_A,train
Exploratory_A_02__tile_r0025_c0002,Exploratory_A_02.png,Exploratory_A,train
Exploratory_A_02__tile_r0025_c0003,Exploratory_A_02.png,Exploratory_A,train
Exploratory_A_02__tile_r0026_c0000,Exploratory_A_02.png,Exploratory_A,train
Exploratory_A_02__tile_r0026_c0001,Exploratory_A_02.png,Exploratory_A,train
Exploratory_A_02__tile_r0026_c0002,Exploratory_A_02.png,Exploratory_A,train
Exploratory_A_02__tile_r0026_c0003,Exploratory_A_02.png,Exploratory_A,train
Exploratory_B_01__tile_r0000_c0000,Exploratory_B_01.png,Exploratory_B,test
Exploratory_B_01__tile_r0000_c0001,Exploratory_B_01.png,Exploratory_B,test
Exploratory_B_01__tile_r0000_c0002,Exploratory_B_01.png,Exploratory_B,test
Exploratory_B_01__tile_r0000_c0003,Exploratory_B_01.png,Exploratory_B,test
Exploratory_B_01__tile_r0001_c0000,Exploratory_B_01.png,Exploratory_B,test
Exploratory_B_01__tile_r0001_c0001,Exploratory_B_01.png,Exploratory_B,test
Exploratory_B_01__tile_r0001_c0002,Exploratory_B_01.png,Exploratory_B,test
Exploratory_B_01__tile_r0001_c0003,Exploratory_B_01.png,Exploratory_B,test
Exploratory_B_01__tile_r0002_c0000,Exploratory_B_01.png,Exploratory_B,test
Exploratory_B_01__tile_r0002_c0001,Exploratory_B_01.png,Exploratory_B,test
Exploratory_B_01__tile_r0002_c0002,Exploratory_B_01.png,Exploratory_B,test
Exploratory_B_01__tile_r0002_c0003,Exploratory_B_01.png,Exploratory_B,test
Exploratory_B_01__tile_r0003_c0000,Exploratory_B_01.png,Exploratory_B,test
Exploratory_B_01__tile_r0003_c0001,Exploratory_B_01.png,Exploratory_B,test
Exploratory_B_01__tile_r0003_c0002,Exploratory_B_01.png,Exploratory_B,test
Exploratory_B_01__tile_r0003_c0003,Exploratory_B_01.png,Exploratory_B,test
Exploratory_B_01__tile_r0004_c0000,Exploratory_B_01.png,Exploratory_B,test
Exploratory_B_01__tile_r0004_c0001,Exploratory_B_01.png,Exploratory_B,test
Exploratory_B_01__tile_r0004_c0002,Exploratory_B_01.png,Exploratory_B,test
Exploratory_B_01__tile_r0004_c0003,Exploratory_B_01.png,Exploratory_B,test
Exploratory_B_01__tile_r0005_c0000,Exploratory_B_01.png,Exploratory_B,test
Exploratory_B_01__tile_r0005_c0001,Exploratory_B_01.png,Exploratory_B,test
Exploratory_B_01__tile_r0005_c0002,Exploratory_B_01.png,Exploratory_B,test
Exploratory_B_01__tile_r0005_c0003,Exploratory_B_01.png,Exploratory_B,test
Exploratory_B_01__tile_r0006_c0000,Exploratory_B_01.png,Exploratory_B,test
Exploratory_B_01__tile_r0006_c0001,Exploratory_B_01.png,Exploratory_B,test
Exploratory_B_01__tile_r0006_c0002,Exploratory_B_01.png,Exploratory_B,test
Exploratory_B_01__tile_r0006_c0003,Exploratory_B_01.png,Exploratory_B,test
Exploratory_B_01__tile_r0007_c0000,Exploratory_B_01.png,Exploratory_B,test
Exploratory_B_01__tile_r0007_c0001,Exploratory_B_01.png,Exploratory_B,test
Exploratory_B_01__tile_r0007_c0002,Exploratory_B_01.png,Exploratory_B,test
Exploratory_B_01__tile_r0007_c0003,Exploratory_B_01.png,Exploratory_B,test
Exploratory_B_02__tile_r0000_c0000,Exploratory_B_02.png,Exploratory_B,test
Exploratory_B_02__tile_r0000_c0001,Exploratory_B_02.png,Exploratory_B,test
Exploratory_B_02__tile_r0000_c0002,Exploratory_B_02.png,Exploratory_B,test
Exploratory_B_02__tile_r0000_c0003,Exploratory_B_02.png,Exploratory_B,test
Exploratory_B_02__tile_r0001_c0000,Exploratory_B_02.png,Exploratory_B,test
Exploratory_B_02__tile_r0001_c0001,Exploratory_B_02.png,Exploratory_B,test
Exploratory_B_02__tile_r0001_c0002,Exploratory_B_02.png,Exploratory_B,test
Exploratory_B_02__tile_r0001_c0003,Exploratory_B_02.png,Exploratory_B,test
Exploratory_B_02__tile_r0002_c0000,Exploratory_B_02.png,Exploratory_B,test
Exploratory_B_02__tile_r0002_c0001,Exploratory_B_02.png,Exploratory_B,test
Exploratory_B_02__tile_r0002_c0002,Exploratory_B_02.png,Exploratory_B,test
Exploratory_B_02__tile_r0002_c0003,Exploratory_B_02.png,Exploratory_B,test
Exploratory_B_02__tile_r0003_c0000,Exploratory_B_02.png,Exploratory_B,test
Exploratory_B_02__tile_r0003_c0001,Exploratory_B_02.png,Exploratory_B,test
Exploratory_B_02__tile_r0003_c0002,Exploratory_B_02.png,Exploratory_B,test
Exploratory_B_02__tile_r0003_c0003,Exploratory_B_02.png,Exploratory_B,test
Exploratory_B_02__tile_r0004_c0000,Exploratory_B_02.png,Exploratory_B,test
Exploratory_B_02__tile_r0004_c0001,Exploratory_B_02.png,Exploratory_B,test
Exploratory_B_02__tile_r0004_c0002,Exploratory_B_02.png,Exploratory_B,test
Exploratory_B_02__tile_r0004_c0003,Exploratory_B_02.png,Exploratory_B,test
Exploratory_B_02__tile_r0005_c0000,Exploratory_B_02.png,Exploratory_B,test
Exploratory_B_02__tile_r0005_c0001,Exploratory_B_02.png,Exploratory_B,test
Exploratory_B_02__tile_r0005_c0002,Exploratory_B_02.png,Exploratory_B,test
Exploratory_B_02__tile_r0005_c0003,Exploratory_B_02.png,Exploratory_B,test
Exploratory_B_02__tile_r0006_c0000,Exploratory_B_02.png,Exploratory_B,test
Exploratory_B_02__tile_r0006_c0001,Exploratory_B_02.png,Exploratory_B,test
Exploratory_B_02__tile_r0006_c0002,Exploratory_B_02.png,Exploratory_B,test
Exploratory_B_02__tile_r0006_c0003,Exploratory_B_02.png,Exploratory_B,test
Exploratory_B_02__tile_r0007_c0000,Exploratory_B_02.png,Exploratory_B,test
Exploratory_B_02__tile_r0007_c0001,Exploratory_B_02.png,Exploratory_B,test
Exploratory_B_02__tile_r0007_c0002,Exploratory_B_02.png,Exploratory_B,test
Exploratory_B_02__tile_r0007_c0003,Exploratory_B_02.png,Exploratory_B,test
Exploratory_B_03__tile_r0000_c0000,Exploratory_B_03.png,Exploratory_B,test
Exploratory_B_03__tile_r0000_c0001,Exploratory_B_03.png,Exploratory_B,test
Exploratory_B_03__tile_r0000_c0002,Exploratory_B_03.png,Exploratory_B,test
Exploratory_B_03__tile_r0000_c0003,Exploratory_B_03.png,Exploratory_B,test
Exploratory_B_04__tile_r0000_c0000,Exploratory_B_04.png,Exploratory_B,test
Exploratory_B_04__tile_r0000_c0001,Exploratory_B_04.png,Exploratory_B,test
Exploratory_B_04__tile_r0000_c0002,Exploratory_B_04.png,Exploratory_B,test
Exploratory_B_04__tile_r0000_c0003,Exploratory_B_04.png,Exploratory_B,test
Exploratory_B_04__tile_r0001_c0000,Exploratory_B_04.png,Exploratory_B,test
Exploratory_B_04__tile_r0001_c0001,Exploratory_B_04.png,Exploratory_B,test
Exploratory_B_04__tile_r0001_c0002,Exploratory_B_04.png,Exploratory_B,test
Exploratory_B_04__tile_r0001_c0003,Exploratory_B_04.png,Exploratory_B,test
Exploratory_B_04__tile_r0002_c0000,Exploratory_B_04.png,Exploratory_B,test
Exploratory_B_04__tile_r0002_c0001,Exploratory_B_04.png,Exploratory_B,test
Exploratory_B_04__tile_r0002_c0002,Exploratory_B_04.png,Exploratory_B,test
Exploratory_B_04__tile_r0002_c0003,Exploratory_B_04.png,Exploratory_B,test
Exploratory_B_04__tile_r0003_c0000,Exploratory_B_04.png,Exploratory_B,test
Exploratory_B_04__tile_r0003_c0001,Exploratory_B_04.png,Exploratory_B,test
Exploratory_B_04__tile_r0003_c0002,Exploratory_B_04.png,Exploratory_B,test
Exploratory_B_04__tile_r0003_c0003,Exploratory_B_04.png,Exploratory_B,test
Exploratory_B_04__tile_r0004_c0000,Exploratory_B_04.png,Exploratory_B,test
Exploratory_B_04__tile_r0004_c0001,Exploratory_B_04.png,Exploratory_B,test
Exploratory_B_04__tile_r0004_c0002,Exploratory_B_04.png,Exploratory_B,test
Exploratory_B_04__tile_r0004_c0003,Exploratory_B_04.png,Exploratory_B,test
Exploratory_B_04__tile_r0005_c0000,Exploratory_B_04.png,Exploratory_B,test
Exploratory_B_04__tile_r0005_c0001,Exploratory_B_04.png,Exploratory_B,test
Exploratory_B_04__tile_r0005_c0002,Exploratory_B_04.png,Exploratory_B,test
Exploratory_B_04__tile_r0005_c0003,Exploratory_B_04.png,Exploratory_B,test
Exploratory_B_04__tile_r0006_c0000,Exploratory_B_04.png,Exploratory_B,test
Exploratory_B_04__tile_r0006_c0001,Exploratory_B_04.png,Exploratory_B,test
Exploratory_B_04__tile_r0006_c0002,Exploratory_B_04.png,Exploratory_B,test
Exploratory_B_04__tile_r0006_c0003,Exploratory_B_04.png,Exploratory_B,test
Exploratory_B_04__tile_r0007_c0000,Exploratory_B_04.png,Exploratory_B,test
Exploratory_B_04__tile_r0007_c0001,Exploratory_B_04.png,Exploratory_B,test
Exploratory_B_04__tile_r0007_c0002,Exploratory_B_04.png,Exploratory_B,test
Exploratory_B_04__tile_r0007_c0003,Exploratory_B_04.png,Exploratory_B,test
Exploratory_B_05__tile_r0000_c0000,Exploratory_B_05.png,Exploratory_B,test
Exploratory_B_05__tile_r0000_c0001,Exploratory_B_05.png,Exploratory_B,test
Exploratory_B_05__tile_r0000_c0002,Exploratory_B_05.png,Exploratory_B,test
Exploratory_B_05__tile_r0000_c0003,Exploratory_B_05.png,Exploratory_B,test
Exploratory_B_05__tile_r0001_c0000,Exploratory_B_05.png,Exploratory_B,test
Exploratory_B_05__tile_r0001_c0001,Exploratory_B_05.png,Exploratory_B,test
Exploratory_B_05__tile_r0001_c0002,Exploratory_B_05.png,Exploratory_B,test
Exploratory_B_05__tile_r0001_c0003,Exploratory_B_05.png,Exploratory_B,test
Exploratory_B_05__tile_r0002_c0000,Exploratory_B_05.png,Exploratory_B,test
Exploratory_B_05__tile_r0002_c0001,Exploratory_B_05.png,Exploratory_B,test
Exploratory_B_05__tile_r0002_c0002,Exploratory_B_05.png,Exploratory_B,test
Exploratory_B_05__tile_r0002_c0003,Exploratory_B_05.png,Exploratory_B,test
Exploratory_B_05__tile_r0003_c0000,Exploratory_B_05.png,Exploratory_B,test
Exploratory_B_05__tile_r0003_c0001,Exploratory_B_05.png,Exploratory_B,test
Exploratory_B_05__tile_r0003_c0002,Exploratory_B_05.png,Exploratory_B,test
Exploratory_B_05__tile_r0003_c0003,Exploratory_B_05.png,Exploratory_B,test
Exploratory_B_05__tile_r0004_c0000,Exploratory_B_05.png,Exploratory_B,test
Exploratory_B_05__tile_r0004_c0001,Exploratory_B_05.png,Exploratory_B,test
Exploratory_B_05__tile_r0004_c0002,Exploratory_B_05.png,Exploratory_B,test
Exploratory_B_05__tile_r0004_c0003,Exploratory_B_05.png,Exploratory_B,test
Exploratory_B_05__tile_r0005_c0000,Exploratory_B_05.png,Exploratory_B,test
Exploratory_B_05__tile_r0005_c0001,Exploratory_B_05.png,Exploratory_B,test
Exploratory_B_05__tile_r0005_c0002,Exploratory_B_05.png,Exploratory_B,test
Exploratory_B_05__tile_r0005_c0003,Exploratory_B_05.png,Exploratory_B,test
Exploratory_B_05__tile_r0006_c0000,Exploratory_B_05.png,Exploratory_B,test
Exploratory_B_05__tile_r0006_c0001,Exploratory_B_05.png,Exploratory_B,test
Exploratory_B_05__tile_r0006_c0002,Exploratory_B_05.png,Exploratory_B,test
Exploratory_B_05__tile_r0006_c0003,Exploratory_B_05.png,Exploratory_B,test
Exploratory_B_05__tile_r0007_c0000,Exploratory_B_05.png,Exploratory_B,test
Exploratory_B_05__tile_r0007_c0001,Exploratory_B_05.png,Exploratory_B,test
Exploratory_B_05__tile_r0007_c0002,Exploratory_B_05.png,Exploratory_B,test
Exploratory_B_05__tile_r0007_c0003,Exploratory_B_05.png,Exploratory_B,test
Exploratory_B_06__tile_r0000_c0000,Exploratory_B_06.png,Exploratory_B,test
Exploratory_B_06__tile_r0000_c0001,Exploratory_B_06.png,Exploratory_B,test
Exploratory_B_06__tile_r0000_c0002,Exploratory_B_06.png,Exploratory_B,test
Exploratory_B_06__tile_r0000_c0003,Exploratory_B_06.png,Exploratory_B,test
Exploratory_B_06__tile_r0001_c0000,Exploratory_B_06.png,Exploratory_B,test
Exploratory_B_06__tile_r0001_c0001,Exploratory_B_06.png,Exploratory_B,test
Exploratory_B_06__tile_r0001_c0002,Exploratory_B_06.png,Exploratory_B,test
Exploratory_B_06__tile_r0001_c0003,Exploratory_B_06.png,Exploratory_B,test
Exploratory_B_06__tile_r0002_c0000,Exploratory_B_06.png,Exploratory_B,test
Exploratory_B_06__tile_r0002_c0001,Exploratory_B_06.png,Exploratory_B,test
Exploratory_B_06__tile_r0002_c0002,Exploratory_B_06.png,Exploratory_B,test
Exploratory_B_06__tile_r0002_c0003,Exploratory_B_06.png,Exploratory_B,test
Exploratory_B_06__tile_r0003_c0000,Exploratory_B_06.png,Exploratory_B,test
Exploratory_B_06__tile_r0003_c0001,Exploratory_B_06.png,Exploratory_B,test
Exploratory_B_06__tile_r0003_c0002,Exploratory_B_06.png,Exploratory_B,test
Exploratory_B_06__tile_r0003_c0003,Exploratory_B_06.png,Exploratory_B,test
Exploratory_B_06__tile_r0004_c0000,Exploratory_B_06.png,Exploratory_B,test
Exploratory_B_06__tile_r0004_c0001,Exploratory_B_06.png,Exploratory_B,test
Exploratory_B_06__tile_r0004_c0002,Exploratory_B_06.png,Exploratory_B,test
Exploratory_B_06__tile_r0004_c0003,Exploratory_B_06.png,Exploratory_B,test
Exploratory_B_06__tile_r0005_c0000,Exploratory_B_06.png,Exploratory_B,test
Exploratory_B_06__tile_r0005_c0001,Exploratory_B_06.png,Exploratory_B,test
Exploratory_B_06__tile_r0005_c0002,Exploratory_B_06.png,Exploratory_B,test
Exploratory_B_06__tile_r0005_c0003,Exploratory_B_06.png,Exploratory_B,test
Exploratory_B_06__tile_r0006_c0000,Exploratory_B_06.png,Exploratory_B,test
Exploratory_B_06__tile_r0006_c0001,Exploratory_B_06.png,Exploratory_B,test
Exploratory_B_06__tile_r0006_c0002,Exploratory_B_06.png,Exploratory_B,test
Exploratory_B_06__tile_r0006_c0003,Exploratory_B_06.png,Exploratory_B,test
Exploratory_B_06__tile_r0007_c0000,Exploratory_B_06.png,Exploratory_B,test
Exploratory_B_06__tile_r0007_c0001,Exploratory_B_06.png,Exploratory_B,test
Exploratory_B_06__tile_r0007_c0002,Exploratory_B_06.png,Exploratory_B,test
Exploratory_B_06__tile_r0007_c0003,Exploratory_B_06.png,Exploratory_B,test
Exploratory_B_06__tile_r0008_c0000,Exploratory_B_06.png,Exploratory_B,test
Exploratory_B_06__tile_r0008_c0001,Exploratory_B_06.png,Exploratory_B,test
Exploratory_B_06__tile_r0008_c0002,Exploratory_B_06.png,Exploratory_B,test
Exploratory_B_06__tile_r0008_c0003,Exploratory_B_06.png,Exploratory_B,test
Exploratory_B_06__tile_r0009_c0000,Exploratory_B_06.png,Exploratory_B,test
Exploratory_B_06__tile_r0009_c0001,Exploratory_B_06.png,Exploratory_B,test
Exploratory_B_06__tile_r0009_c0002,Exploratory_B_06.png,Exploratory_B,test
Exploratory_B_06__tile_r0009_c0003,Exploratory_B_06.png,Exploratory_B,test
Exploratory_B_06__tile_r0010_c0000,Exploratory_B_06.png,Exploratory_B,test
Exploratory_B_06__tile_r0010_c0001,Exploratory_B_06.png,Exploratory_B,test
Exploratory_B_06__tile_r0010_c0002,Exploratory_B_06.png,Exploratory_B,test
Exploratory_B_06__tile_r0010_c0003,Exploratory_B_06.png,Exploratory_B,test
Exploratory_B_06__tile_r0011_c0000,Exploratory_B_06.png,Exploratory_B,test
Exploratory_B_06__tile_r0011_c0001,Exploratory_B_06.png,Exploratory_B,test
Exploratory_B_06__tile_r0011_c0002,Exploratory_B_06.png,Exploratory_B,test
Exploratory_B_06__tile_r0011_c0003,Exploratory_B_06.png,Exploratory_B,test
Exploratory_B_06__tile_r0012_c0000,Exploratory_B_06.png,Exploratory_B,test
Exploratory_B_06__tile_r0012_c0001,Exploratory_B_06.png,Exploratory_B,test
Exploratory_B_06__tile_r0012_c0002,Exploratory_B_06.png,Exploratory_B,test
Exploratory_B_06__tile_r0012_c0003,Exploratory_B_06.png,Exploratory_B,test
Exploratory_B_07__tile_r0000_c0000,Exploratory_B_07.png,Exploratory_B,test
Exploratory_B_07__tile_r0000_c0001,Exploratory_B_07.png,Exploratory_B,test
Exploratory_B_07__tile_r0000_c0002,Exploratory_B_07.png,Exploratory_B,test
Exploratory_B_07__tile_r0000_c0003,Exploratory_B_07.png,Exploratory_B,test
Exploratory_B_07__tile_r0001_c0000,Exploratory_B_07.png,Exploratory_B,test
Exploratory_B_07__tile_r0001_c0001,Exploratory_B_07.png,Exploratory_B,test
Exploratory_B_07__tile_r0001_c0002,Exploratory_B_07.png,Exploratory_B,test
Exploratory_B_07__tile_r0001_c0003,Exploratory_B_07.png,Exploratory_B,test
Exploratory_B_07__tile_r0002_c0000,Exploratory_B_07.png,Exploratory_B,test
Exploratory_B_07__tile_r0002_c0001,Exploratory_B_07.png,Exploratory_B,test
Exploratory_B_07__tile_r0002_c0002,Exploratory_B_07.png,Exploratory_B,test
Exploratory_B_07__tile_r0002_c0003,Exploratory_B_07.png,Exploratory_B,test
Exploratory_B_07__tile_r0003_c0000,Exploratory_B_07.png,Exploratory_B,test
Exploratory_B_07__tile_r0003_c0001,Exploratory_B_07.png,Exploratory_B,test
Exploratory_B_07__tile_r0003_c0002,Exploratory_B_07.png,Exploratory_B,test
Exploratory_B_07__tile_r0003_c0003,Exploratory_B_07.png,Exploratory_B,test
Exploratory_B_07__tile_r0004_c0000,Exploratory_B_07.png,Exploratory_B,test
Exploratory_B_07__tile_r0004_c0001,Exploratory_B_07.png,Exploratory_B,test
Exploratory_B_07__tile_r0004_c0002,Exploratory_B_07.png,Exploratory_B,test
Exploratory_B_07__tile_r0004_c0003,Exploratory_B_07.png,Exploratory_B,test
Exploratory_B_07__tile_r0005_c0000,Exploratory_B_07.png,Exploratory_B,test
Exploratory_B_07__tile_r0005_c0001,Exploratory_B_07.png,Exploratory_B,test
Exploratory_B_07__tile_r0005_c0002,Exploratory_B_07.png,Exploratory_B,test
Exploratory_B_07__tile_r0005_c0003,Exploratory_B_07.png,Exploratory_B,test
Exploratory_B_07__tile_r0006_c0000,Exploratory_B_07.png,Exploratory_B,test
Exploratory_B_07__tile_r0006_c0001,Exploratory_B_07.png,Exploratory_B,test
Exploratory_B_07__tile_r0006_c0002,Exploratory_B_07.png,Exploratory_B,test
Exploratory_B_07__tile_r0006_c0003,Exploratory_B_07.png,Exploratory_B,test
Exploratory_B_07__tile_r0007_c0000,Exploratory_B_07.png,Exploratory_B,test
Exploratory_B_07__tile_r0007_c0001,Exploratory_B_07.png,Exploratory_B,test
Exploratory_B_07__tile_r0007_c0002,Exploratory_B_07.png,Exploratory_B,test
Exploratory_B_07__tile_r0007_c0003,Exploratory_B_07.png,Exploratory_B,test
Exploratory_B_07__tile_r0008_c0000,Exploratory_B_07.png,Exploratory_B,test
Exploratory_B_07__tile_r0008_c0001,Exploratory_B_07.png,Exploratory_B,test
Exploratory_B_07__tile_r0008_c0002,Exploratory_B_07.png,Exploratory_B,test
Exploratory_B_07__tile_r0008_c0003,Exploratory_B_07.png,Exploratory_B,test
Exploratory_B_07__tile_r0009_c0000,Exploratory_B_07.png,Exploratory_B,test
Exploratory_B_07__tile_r0009_c0001,Exploratory_B_07.png,Exploratory_B,test
Exploratory_B_07__tile_r0009_c0002,Exploratory_B_07.png,Exploratory_B,test
Exploratory_B_07__tile_r0009_c0003,Exploratory_B_07.png,Exploratory_B,test
Exploratory_B_07__tile_r0010_c0000,Exploratory_B_07.png,Exploratory_B,test
Exploratory_B_07__tile_r0010_c0001,Exploratory_B_07.png,Exploratory_B,test
Exploratory_B_07__tile_r0010_c0002,Exploratory_B_07.png,Exploratory_B,test
Exploratory_B_07__tile_r0010_c0003,Exploratory_B_07.png,Exploratory_B,test
Exploratory_B_07__tile_r0011_c0000,Exploratory_B_07.png,Exploratory_B,test
Exploratory_B_07__tile_r0011_c0001,Exploratory_B_07.png,Exploratory_B,test
Exploratory_B_07__tile_r0011_c0002,Exploratory_B_07.png,Exploratory_B,test
Exploratory_B_07__tile_r0011_c0003,Exploratory_B_07.png,Exploratory_B,test
Exploratory_B_07__tile_r0012_c0000,Exploratory_B_07.png,Exploratory_B,test
Exploratory_B_07__tile_r0012_c0001,Exploratory_B_07.png,Exploratory_B,test
Exploratory_B_07__tile_r0012_c0002,Exploratory_B_07.png,Exploratory_B,test
Exploratory_B_07__tile_r0012_c0003,Exploratory_B_07.png,Exploratory_B,test
Exploratory_B_08__tile_r0000_c0000,Exploratory_B_08.png,Exploratory_B,test
Exploratory_B_08__tile_r0000_c0001,Exploratory_B_08.png,Exploratory_B,test
Exploratory_B_08__tile_r0000_c0002,Exploratory_B_08.png,Exploratory_B,test
Exploratory_B_08__tile_r0000_c0003,Exploratory_B_08.png,Exploratory_B,test
Exploratory_B_08__tile_r0001_c0000,Exploratory_B_08.png,Exploratory_B,test
Exploratory_B_08__tile_r0001_c0001,Exploratory_B_08.png,Exploratory_B,test
Exploratory_B_08__tile_r0001_c0002,Exploratory_B_08.png,Exploratory_B,test
Exploratory_B_08__tile_r0001_c0003,Exploratory_B_08.png,Exploratory_B,test
Exploratory_B_08__tile_r0002_c0000,Exploratory_B_08.png,Exploratory_B,test
Exploratory_B_08__tile_r0002_c0001,Exploratory_B_08.png,Exploratory_B,test
Exploratory_B_08__tile_r0002_c0002,Exploratory_B_08.png,Exploratory_B,test
Exploratory_B_08__tile_r0002_c0003,Exploratory_B_08.png,Exploratory_B,test
Exploratory_B_08__tile_r0003_c0000,Exploratory_B_08.png,Exploratory_B,test
Exploratory_B_08__tile_r0003_c0001,Exploratory_B_08.png,Exploratory_B,test
Exploratory_B_08__tile_r0003_c0002,Exploratory_B_08.png,Exploratory_B,test
Exploratory_B_08__tile_r0003_c0003,Exploratory_B_08.png,Exploratory_B,test
Exploratory_B_08__tile_r0004_c0000,Exploratory_B_08.png,Exploratory_B,test
Exploratory_B_08__tile_r0004_c0001,Exploratory_B_08.png,Exploratory_B,test
Exploratory_B_08__tile_r0004_c0002,Exploratory_B_08.png,Exploratory_B,test
Exploratory_B_08__tile_r0004_c0003,Exploratory_B_08.png,Exploratory_B,test
Exploratory_B_08__tile_r0005_c0000,Exploratory_B_08.png,Exploratory_B,test
Exploratory_B_08__tile_r0005_c0001,Exploratory_B_08.png,Exploratory_B,test
Exploratory_B_08__tile_r0005_c0002,Exploratory_B_08.png,Exploratory_B,test
Exploratory_B_08__tile_r0005_c0003,Exploratory_B_08.png,Exploratory_B,test
Exploratory_B_08__tile_r0006_c0000,Exploratory_B_08.png,Exploratory_B,test
Exploratory_B_08__tile_r0006_c0001,Exploratory_B_08.png,Exploratory_B,test
Exploratory_B_08__tile_r0006_c0002,Exploratory_B_08.png,Exploratory_B,test
Exploratory_B_08__tile_r0006_c0003,Exploratory_B_08.png,Exploratory_B,test
Exploratory_B_08__tile_r0007_c0000,Exploratory_B_08.png,Exploratory_B,test
Exploratory_B_08__tile_r0007_c0001,Exploratory_B_08.png,Exploratory_B,test
Exploratory_B_08__tile_r0007_c0002,Exploratory_B_08.png,Exploratory_B,test
Exploratory_B_08__tile_r0007_c0003,Exploratory_B_08.png,Exploratory_B,test
Exploratory_B_08__tile_r0008_c0000,Exploratory_B_08.png,Exploratory_B,test
Exploratory_B_08__tile_r0008_c0001,Exploratory_B_08.png,Exploratory_B,test
Exploratory_B_08__tile_r0008_c0002,Exploratory_B_08.png,Exploratory_B,test
Exploratory_B_08__tile_r0008_c0003,Exploratory_B_08.png,Exploratory_B,test
Exploratory_B_08__tile_r0009_c0000,Exploratory_B_08.png,Exploratory_B,test
Exploratory_B_08__tile_r0009_c0001,Exploratory_B_08.png,Exploratory_B,test
Exploratory_B_08__tile_r0009_c0002,Exploratory_B_08.png,Exploratory_B,test
Exploratory_B_08__tile_r0009_c0003,Exploratory_B_08.png,Exploratory_B,test
Exploratory_B_08__tile_r0010_c0000,Exploratory_B_08.png,Exploratory_B,test
Exploratory_B_08__tile_r0010_c0001,Exploratory_B_08.png,Exploratory_B,test
Exploratory_B_08__tile_r0010_c0002,Exploratory_B_08.png,Exploratory_B,test
Exploratory_B_08__tile_r0010_c0003,Exploratory_B_08.png,Exploratory_B,test
Exploratory_B_08__tile_r0011_c0000,Exploratory_B_08.png,Exploratory_B,test
Exploratory_B_08__tile_r0011_c0001,Exploratory_B_08.png,Exploratory_B,test
Exploratory_B_08__tile_r0011_c0002,Exploratory_B_08.png,Exploratory_B,test
Exploratory_B_08__tile_r0011_c0003,Exploratory_B_08.png,Exploratory_B,test
Exploratory_B_08__tile_r0012_c0000,Exploratory_B_08.png,Exploratory_B,test
Exploratory_B_08__tile_r0012_c0001,Exploratory_B_08.png,Exploratory_B,test
Exploratory_B_08__tile_r0012_c0002,Exploratory_B_08.png,Exploratory_B,test
Exploratory_B_08__tile_r0012_c0003,Exploratory_B_08.png,Exploratory_B,test
Exploratory_B_09__tile_r0000_c0000,Exploratory_B_09.png,Exploratory_B,test
Exploratory_B_09__tile_r0000_c0001,Exploratory_B_09.png,Exploratory_B,test
Exploratory_B_09__tile_r0000_c0002,Exploratory_B_09.png,Exploratory_B,test
Exploratory_B_09__tile_r0000_c0003,Exploratory_B_09.png,Exploratory_B,test
Exploratory_B_09__tile_r0001_c0000,Exploratory_B_09.png,Exploratory_B,test
Exploratory_B_09__tile_r0001_c0001,Exploratory_B_09.png,Exploratory_B,test
Exploratory_B_09__tile_r0001_c0002,Exploratory_B_09.png,Exploratory_B,test
Exploratory_B_09__tile_r0001_c0003,Exploratory_B_09.png,Exploratory_B,test
Exploratory_B_09__tile_r0002_c0000,Exploratory_B_09.png,Exploratory_B,test
Exploratory_B_09__tile_r0002_c0001,Exploratory_B_09.png,Exploratory_B,test
Exploratory_B_09__tile_r0002_c0002,Exploratory_B_09.png,Exploratory_B,test
Exploratory_B_09__tile_r0002_c0003,Exploratory_B_09.png,Exploratory_B,test
Exploratory_B_09__tile_r0003_c0000,Exploratory_B_09.png,Exploratory_B,test
Exploratory_B_09__tile_r0003_c0001,Exploratory_B_09.png,Exploratory_B,test
Exploratory_B_09__tile_r0003_c0002,Exploratory_B_09.png,Exploratory_B,test
Exploratory_B_09__tile_r0003_c0003,Exploratory_B_09.png,Exploratory_B,test
Exploratory_B_09__tile_r0004_c0000,Exploratory_B_09.png,Exploratory_B,test
Exploratory_B_09__tile_r0004_c0001,Exploratory_B_09.png,Exploratory_B,test
Exploratory_B_09__tile_r0004_c0002,Exploratory_B_09.png,Exploratory_B,test
Exploratory_B_09__tile_r0004_c0003,Exploratory_B_09.png,Exploratory_B,test
Exploratory_B_09__tile_r0005_c0000,Exploratory_B_09.png,Exploratory_B,test
Exploratory_B_09__tile_r0005_c0001,Exploratory_B_09.png,Exploratory_B,test
Exploratory_B_09__tile_r0005_c0002,Exploratory_B_09.png,Exploratory_B,test
Exploratory_B_09__tile_r0005_c0003,Exploratory_B_09.png,Exploratory_B,test
Exploratory_B_09__tile_r0006_c0000,Exploratory_B_09.png,Exploratory_B,test
Exploratory_B_09__tile_r0006_c0001,Exploratory_B_09.png,Exploratory_B,test
Exploratory_B_09__tile_r0006_c0002,Exploratory_B_09.png,Exploratory_B,test
Exploratory_B_09__tile_r0006_c0003,Exploratory_B_09.png,Exploratory_B,test
Exploratory_B_09__tile_r0007_c0000,Exploratory_B_09.png,Exploratory_B,test
Exploratory_B_09__tile_r0007_c0001,Exploratory_B_09.png,Exploratory_B,test
Exploratory_B_09__tile_r0007_c0002,Exploratory_B_09.png,Exploratory_B,test
Exploratory_B_09__tile_r0007_c0003,Exploratory_B_09.png,Exploratory_B,test
Exploratory_B_09__tile_r0008_c0000,Exploratory_B_09.png,Exploratory_B,test
Exploratory_B_09__tile_r0008_c0001,Exploratory_B_09.png,Exploratory_B,test
Exploratory_B_09__tile_r0008_c0002,Exploratory_B_09.png,Exploratory_B,test
Exploratory_B_09__tile_r0008_c0003,Exploratory_B_09.png,Exploratory_B,test
Exploratory_B_09__tile_r0009_c0000,Exploratory_B_09.png,Exploratory_B,test
Exploratory_B_09__tile_r0009_c0001,Exploratory_B_09.png,Exploratory_B,test
Exploratory_B_09__tile_r0009_c0002,Exploratory_B_09.png,Exploratory_B,test
Exploratory_B_09__tile_r0009_c0003,Exploratory_B_09.png,Exploratory_B,test
Exploratory_B_09__tile_r0010_c0000,Exploratory_B_09.png,Exploratory_B,test
Exploratory_B_09__tile_r0010_c0001,Exploratory_B_09.png,Exploratory_B,test
Exploratory_B_09__tile_r0010_c0002,Exploratory_B_09.png,Exploratory_B,test
Exploratory_B_09__tile_r0010_c0003,Exploratory_B_09.png,Exploratory_B,test
Exploratory_B_09__tile_r0011_c0000,Exploratory_B_09.png,Exploratory_B,test
Exploratory_B_09__tile_r0011_c0001,Exploratory_B_09.png,Exploratory_B,test
Exploratory_B_09__tile_r0011_c0002,Exploratory_B_09.png,Exploratory_B,test
Exploratory_B_09__tile_r0011_c0003,Exploratory_B_09.png,Exploratory_B,test
Exploratory_B_09__tile_r0012_c0000,Exploratory_B_09.png,Exploratory_B,test
Exploratory_B_09__tile_r0012_c0001,Exploratory_B_09.png,Exploratory_B,test
Exploratory_B_09__tile_r0012_c0002,Exploratory_B_09.png,Exploratory_B,test
Exploratory_B_09__tile_r0012_c0003,Exploratory_B_09.png,Exploratory_B,test
Exploratory_B_10__tile_r0000_c0000,Exploratory_B_10.png,Exploratory_B,test
Exploratory_B_10__tile_r0000_c0001,Exploratory_B_10.png,Exploratory_B,test
Exploratory_B_10__tile_r0000_c0002,Exploratory_B_10.png,Exploratory_B,test
Exploratory_B_10__tile_r0000_c0003,Exploratory_B_10.png,Exploratory_B,test
Exploratory_B_10__tile_r0001_c0000,Exploratory_B_10.png,Exploratory_B,test
Exploratory_B_10__tile_r0001_c0001,Exploratory_B_10.png,Exploratory_B,test
Exploratory_B_10__tile_r0001_c0002,Exploratory_B_10.png,Exploratory_B,test
Exploratory_B_10__tile_r0001_c0003,Exploratory_B_10.png,Exploratory_B,test
Exploratory_B_10__tile_r0002_c0000,Exploratory_B_10.png,Exploratory_B,test
Exploratory_B_10__tile_r0002_c0001,Exploratory_B_10.png,Exploratory_B,test
Exploratory_B_10__tile_r0002_c0002,Exploratory_B_10.png,Exploratory_B,test
Exploratory_B_10__tile_r0002_c0003,Exploratory_B_10.png,Exploratory_B,test
Exploratory_B_10__tile_r0003_c0000,Exploratory_B_10.png,Exploratory_B,test
Exploratory_B_10__tile_r0003_c0001,Exploratory_B_10.png,Exploratory_B,test
Exploratory_B_10__tile_r0003_c0002,Exploratory_B_10.png,Exploratory_B,test
Exploratory_B_10__tile_r0003_c0003,Exploratory_B_10.png,Exploratory_B,test
Exploratory_B_10__tile_r0004_c0000,Exploratory_B_10.png,Exploratory_B,test
Exploratory_B_10__tile_r0004_c0001,Exploratory_B_10.png,Exploratory_B,test
Exploratory_B_10__tile_r0004_c0002,Exploratory_B_10.png,Exploratory_B,test
Exploratory_B_10__tile_r0004_c0003,Exploratory_B_10.png,Exploratory_B,test
Exploratory_B_10__tile_r0005_c0000,Exploratory_B_10.png,Exploratory_B,test
Exploratory_B_10__tile_r0005_c0001,Exploratory_B_10.png,Exploratory_B,test
Exploratory_B_10__tile_r0005_c0002,Exploratory_B_10.png,Exploratory_B,test
Exploratory_B_10__tile_r0005_c0003,Exploratory_B_10.png,Exploratory_B,test
Exploratory_B_10__tile_r0006_c0000,Exploratory_B_10.png,Exploratory_B,test
Exploratory_B_10__tile_r0006_c0001,Exploratory_B_10.png,Exploratory_B,test
Exploratory_B_10__tile_r0006_c0002,Exploratory_B_10.png,Exploratory_B,test
Exploratory_B_10__tile_r0006_c0003,Exploratory_B_10.png,Exploratory_B,test
Exploratory_B_10__tile_r0007_c0000,Exploratory_B_10.png,Exploratory_B,test
Exploratory_B_10__tile_r0007_c0001,Exploratory_B_10.png,Exploratory_B,test
Exploratory_B_10__tile_r0007_c0002,Exploratory_B_10.png,Exploratory_B,test
Exploratory_B_10__tile_r0007_c0003,Exploratory_B_10.png,Exploratory_B,test
Exploratory_B_10__tile_r0008_c0000,Exploratory_B_10.png,Exploratory_B,test
Exploratory_B_10__tile_r0008_c0001,Exploratory_B_10.png,Exploratory_B,test
Exploratory_B_10__tile_r0008_c0002,Exploratory_B_10.png,Exploratory_B,test
Exploratory_B_10__tile_r0008_c0003,Exploratory_B_10.png,Exploratory_B,test
Exploratory_B_10__tile_r0009_c0000,Exploratory_B_10.png,Exploratory_B,test
Exploratory_B_10__tile_r0009_c0001,Exploratory_B_10.png,Exploratory_B,test
Exploratory_B_10__tile_r0009_c0002,Exploratory_B_10.png,Exploratory_B,test
Exploratory_B_10__tile_r0009_c0003,Exploratory_B_10.png,Exploratory_B,test
Exploratory_B_10__tile_r0010_c0000,Exploratory_B_10.png,Exploratory_B,test
Exploratory_B_10__tile_r0010_c0001,Exploratory_B_10.png,Exploratory_B,test
Exploratory_B_10__tile_r0010_c0002,Exploratory_B_10.png,Exploratory_B,test
Exploratory_B_10__tile_r0010_c0003,Exploratory_B_10.png,Exploratory_B,test
Exploratory_B_10__tile_r0011_c0000,Exploratory_B_10.png,Exploratory_B,test
Exploratory_B_10__tile_r0011_c0001,Exploratory_B_10.png,Exploratory_B,test
Exploratory_B_10__tile_r0011_c0002,Exploratory_B_10.png,Exploratory_B,test
Exploratory_B_10__tile_r0011_c0003,Exploratory_B_10.png,Exploratory_B,test
Exploratory_B_10__tile_r0012_c0000,Exploratory_B_10.png,Exploratory_B,test
Exploratory_B_10__tile_r0012_c0001,Exploratory_B_10.png,Exploratory_B,test
Exploratory_B_10__tile_r0012_c0002,Exploratory_B_10.png,Exploratory_B,test
Exploratory_B_10__tile_r0012_c0003,Exploratory_B_10.png,Exploratory_B,test
Exploratory_B_11__tile_r0000_c0000,Exploratory_B_11.png,Exploratory_B,test
Exploratory_B_11__tile_r0000_c0001,Exploratory_B_11.png,Exploratory_B,test
Exploratory_B_11__tile_r0000_c0002,Exploratory_B_11.png,Exploratory_B,test
Exploratory_B_11__tile_r0000_c0003,Exploratory_B_11.png,Exploratory_B,test
Exploratory_B_11__tile_r0001_c0000,Exploratory_B_11.png,Exploratory_B,test
Exploratory_B_11__tile_r0001_c0001,Exploratory_B_11.png,Exploratory_B,test
Exploratory_B_11__tile_r0001_c0002,Exploratory_B_11.png,Exploratory_B,test
Exploratory_B_11__tile_r0001_c0003,Exploratory_B_11.png,Exploratory_B,test
Exploratory_B_11__tile_r0002_c0000,Exploratory_B_11.png,Exploratory_B,test
Exploratory_B_11__tile_r0002_c0001,Exploratory_B_11.png,Exploratory_B,test
Exploratory_B_11__tile_r0002_c0002,Exploratory_B_11.png,Exploratory_B,test
Exploratory_B_11__tile_r0002_c0003,Exploratory_B_11.png,Exploratory_B,test
Exploratory_B_11__tile_r0003_c0000,Exploratory_B_11.png,Exploratory_B,test
Exploratory_B_11__tile_r0003_c0001,Exploratory_B_11.png,Exploratory_B,test
Exploratory_B_11__tile_r0003_c0002,Exploratory_B_11.png,Exploratory_B,test
Exploratory_B_11__tile_r0003_c0003,Exploratory_B_11.png,Exploratory_B,test
Exploratory_B_11__tile_r0004_c0000,Exploratory_B_11.png,Exploratory_B,test
Exploratory_B_11__tile_r0004_c0001,Exploratory_B_11.png,Exploratory_B,test
Exploratory_B_11__tile_r0004_c0002,Exploratory_B_11.png,Exploratory_B,test
Exploratory_B_11__tile_r0004_c0003,Exploratory_B_11.png,Exploratory_B,test
Exploratory_B_11__tile_r0005_c0000,Exploratory_B_11.png,Exploratory_B,test
Exploratory_B_11__tile_r0005_c0001,Exploratory_B_11.png,Exploratory_B,test
Exploratory_B_11__tile_r0005_c0002,Exploratory_B_11.png,Exploratory_B,test
Exploratory_B_11__tile_r0005_c0003,Exploratory_B_11.png,Exploratory_B,test
Exploratory_B_11__tile_r0006_c0000,Exploratory_B_11.png,Exploratory_B,test
Exploratory_B_11__tile_r0006_c0001,Exploratory_B_11.png,Exploratory_B,test
Exploratory_B_11__tile_r0006_c0002,Exploratory_B_11.png,Exploratory_B,test
Exploratory_B_11__tile_r0006_c0003,Exploratory_B_11.png,Exploratory_B,test
Exploratory_B_11__tile_r0007_c0000,Exploratory_B_11.png,Exploratory_B,test
Exploratory_B_11__tile_r0007_c0001,Exploratory_B_11.png,Exploratory_B,test
Exploratory_B_11__tile_r0007_c0002,Exploratory_B_11.png,Exploratory_B,test
Exploratory_B_11__tile_r0007_c0003,Exploratory_B_11.png,Exploratory_B,test
Exploratory_B_11__tile_r0008_c0000,Exploratory_B_11.png,Exploratory_B,test
Exploratory_B_11__tile_r0008_c0001,Exploratory_B_11.png,Exploratory_B,test
Exploratory_B_11__tile_r0008_c0002,Exploratory_B_11.png,Exploratory_B,test
Exploratory_B_11__tile_r0008_c0003,Exploratory_B_11.png,Exploratory_B,test
Exploratory_B_11__tile_r0009_c0000,Exploratory_B_11.png,Exploratory_B,test
Exploratory_B_11__tile_r0009_c0001,Exploratory_B_11.png,Exploratory_B,test
Exploratory_B_11__tile_r0009_c0002,Exploratory_B_11.png,Exploratory_B,test
Exploratory_B_11__tile_r0009_c0003,Exploratory_B_11.png,Exploratory_B,test
Exploratory_B_11__tile_r0010_c0000,Exploratory_B_11.png,Exploratory_B,test
Exploratory_B_11__tile_r0010_c0001,Exploratory_B_11.png,Exploratory_B,test
Exploratory_B_11__tile_r0010_c0002,Exploratory_B_11.png,Exploratory_B,test
Exploratory_B_11__tile_r0010_c0003,Exploratory_B_11.png,Exploratory_B,test
Exploratory_B_11__tile_r0011_c0000,Exploratory_B_11.png,Exploratory_B,test
Exploratory_B_11__tile_r0011_c0001,Exploratory_B_11.png,Exploratory_B,test
Exploratory_B_11__tile_r0011_c0002,Exploratory_B_11.png,Exploratory_B,test
Exploratory_B_11__tile_r0011_c0003,Exploratory_B_11.png,Exploratory_B,test
Exploratory_B_11__tile_r0012_c0000,Exploratory_B_11.png,Exploratory_B,test
Exploratory_B_11__tile_r0012_c0001,Exploratory_B_11.png,Exploratory_B,test
Exploratory_B_11__tile_r0012_c0002,Exploratory_B_11.png,Exploratory_B,test
Exploratory_B_11__tile_r0012_c0003,Exploratory_B_11.png,Exploratory_B,test
Exploratory_B_12__tile_r0000_c0000,Exploratory_B_12.png,Exploratory_B,test
Exploratory_B_12__tile_r0000_c0001,Exploratory_B_12.png,Exploratory_B,test
Exploratory_B_12__tile_r0000_c0002,Exploratory_B_12.png,Exploratory_B,test
Exploratory_B_12__tile_r0000_c0003,Exploratory_B_12.png,Exploratory_B,test
Exploratory_B_12__tile_r0001_c0000,Exploratory_B_12.png,Exploratory_B,test
Exploratory_B_12__tile_r0001_c0001,Exploratory_B_12.png,Exploratory_B,test
Exploratory_B_12__tile_r0001_c0002,Exploratory_B_12.png,Exploratory_B,test
Exploratory_B_12__tile_r0001_c0003,Exploratory_B_12.png,Exploratory_B,test
Exploratory_B_12__tile_r0002_c0000,Exploratory_B_12.png,Exploratory_B,test
Exploratory_B_12__tile_r0002_c0001,Exploratory_B_12.png,Exploratory_B,test
Exploratory_B_12__tile_r0002_c0002,Exploratory_B_12.png,Exploratory_B,test
Exploratory_B_12__tile_r0002_c0003,Exploratory_B_12.png,Exploratory_B,test
Exploratory_B_12__tile_r0003_c0000,Exploratory_B_12.png,Exploratory_B,test
Exploratory_B_12__tile_r0003_c0001,Exploratory_B_12.png,Exploratory_B,test
Exploratory_B_12__tile_r0003_c0002,Exploratory_B_12.png,Exploratory_B,test
Exploratory_B_12__tile_r0003_c0003,Exploratory_B_12.png,Exploratory_B,test
Exploratory_B_12__tile_r0004_c0000,Exploratory_B_12.png,Exploratory_B,test
Exploratory_B_12__tile_r0004_c0001,Exploratory_B_12.png,Exploratory_B,test
Exploratory_B_12__tile_r0004_c0002,Exploratory_B_12.png,Exploratory_B,test
Exploratory_B_12__tile_r0004_c0003,Exploratory_B_12.png,Exploratory_B,test
Exploratory_B_12__tile_r0005_c0000,Exploratory_B_12.png,Exploratory_B,test
Exploratory_B_12__tile_r0005_c0001,Exploratory_B_12.png,Exploratory_B,test
Exploratory_B_12__tile_r0005_c0002,Exploratory_B_12.png,Exploratory_B,test
Exploratory_B_12__tile_r0005_c0003,Exploratory_B_12.png,Exploratory_B,test
Exploratory_B_12__tile_r0006_c0000,Exploratory_B_12.png,Exploratory_B,test
Exploratory_B_12__tile_r0006_c0001,Exploratory_B_12.png,Exploratory_B,test
Exploratory_B_12__tile_r0006_c0002,Exploratory_B_12.png,Exploratory_B,test
Exploratory_B_12__tile_r0006_c0003,Exploratory_B_12.png,Exploratory_B,test
Exploratory_B_12__tile_r0007_c0000,Exploratory_B_12.png,Exploratory_B,test
Exploratory_B_12__tile_r0007_c0001,Exploratory_B_12.png,Exploratory_B,test
Exploratory_B_12__tile_r0007_c0002,Exploratory_B_12.png,Exploratory_B,test
Exploratory_B_12__tile_r0007_c0003,Exploratory_B_12.png,Exploratory_B,test
Exploratory_B_12__tile_r0008_c0000,Exploratory_B_12.png,Exploratory_B,test
Exploratory_B_12__tile_r0008_c0001,Exploratory_B_12.png,Exploratory_B,test
Exploratory_B_12__tile_r0008_c0002,Exploratory_B_12.png,Exploratory_B,test
Exploratory_B_12__tile_r0008_c0003,Exploratory_B_12.png,Exploratory_B,test
Exploratory_B_12__tile_r0009_c0000,Exploratory_B_12.png,Exploratory_B,test
Exploratory_B_12__tile_r0009_c0001,Exploratory_B_12.png,Exploratory_B,test
Exploratory_B_12__tile_r0009_c0002,Exploratory_B_12.png,Exploratory_B,test
Exploratory_B_12__tile_r0009_c0003,Exploratory_B_12.png,Exploratory_B,test
Exploratory_B_12__tile_r0010_c0000,Exploratory_B_12.png,Exploratory_B,test
Exploratory_B_12__tile_r0010_c0001,Exploratory_B_12.png,Exploratory_B,test
Exploratory_B_12__tile_r0010_c0002,Exploratory_B_12.png,Exploratory_B,test
Exploratory_B_12__tile_r0010_c0003,Exploratory_B_12.png,Exploratory_B,test
Exploratory_B_12__tile_r0011_c0000,Exploratory_B_12.png,Exploratory_B,test
Exploratory_B_12__tile_r0011_c0001,Exploratory_B_12.png,Exploratory_B,test
Exploratory_B_12__tile_r0011_c0002,Exploratory_B_12.png,Exploratory_B,test
Exploratory_B_12__tile_r0011_c0003,Exploratory_B_12.png,Exploratory_B,test
Exploratory_B_12__tile_r0012_c0000,Exploratory_B_12.png,Exploratory_B,test
Exploratory_B_12__tile_r0012_c0001,Exploratory_B_12.png,Exploratory_B,test
Exploratory_B_12__tile_r0012_c0002,Exploratory_B_12.png,Exploratory_B,test
Exploratory_B_12__tile_r0012_c0003,Exploratory_B_12.png,Exploratory_B,test
Exploratory_B_13__tile_r0000_c0000,Exploratory_B_13.png,Exploratory_B,test
Exploratory_B_13__tile_r0000_c0001,Exploratory_B_13.png,Exploratory_B,test
Exploratory_B_13__tile_r0000_c0002,Exploratory_B_13.png,Exploratory_B,test
Exploratory_B_13__tile_r0000_c0003,Exploratory_B_13.png,Exploratory_B,test
Exploratory_B_13__tile_r0001_c0000,Exploratory_B_13.png,Exploratory_B,test
Exploratory_B_13__tile_r0001_c0001,Exploratory_B_13.png,Exploratory_B,test
Exploratory_B_13__tile_r0001_c0002,Exploratory_B_13.png,Exploratory_B,test
Exploratory_B_13__tile_r0001_c0003,Exploratory_B_13.png,Exploratory_B,test
Exploratory_B_13__tile_r0002_c0000,Exploratory_B_13.png,Exploratory_B,test
Exploratory_B_13__tile_r0002_c0001,Exploratory_B_13.png,Exploratory_B,test
Exploratory_B_13__tile_r0002_c0002,Exploratory_B_13.png,Exploratory_B,test
Exploratory_B_13__tile_r0002_c0003,Exploratory_B_13.png,Exploratory_B,test
Exploratory_B_13__tile_r0003_c0000,Exploratory_B_13.png,Exploratory_B,test
Exploratory_B_13__tile_r0003_c0001,Exploratory_B_13.png,Exploratory_B,test
Exploratory_B_13__tile_r0003_c0002,Exploratory_B_13.png,Exploratory_B,test
Exploratory_B_13__tile_r0003_c0003,Exploratory_B_13.png,Exploratory_B,test
Exploratory_B_13__tile_r0004_c0000,Exploratory_B_13.png,Exploratory_B,test
Exploratory_B_13__tile_r0004_c0001,Exploratory_B_13.png,Exploratory_B,test
Exploratory_B_13__tile_r0004_c0002,Exploratory_B_13.png,Exploratory_B,test
Exploratory_B_13__tile_r0004_c0003,Exploratory_B_13.png,Exploratory_B,test
Exploratory_B_13__tile_r0005_c0000,Exploratory_B_13.png,Exploratory_B,test
Exploratory_B_13__tile_r0005_c0001,Exploratory_B_13.png,Exploratory_B,test
Exploratory_B_13__tile_r0005_c0002,Exploratory_B_13.png,Exploratory_B,test
Exploratory_B_13__tile_r0005_c0003,Exploratory_B_13.png,Exploratory_B,test
Exploratory_B_13__tile_r0006_c0000,Exploratory_B_13.png,Exploratory_B,test
Exploratory_B_13__tile_r0006_c0001,Exploratory_B_13.png,Exploratory_B,test
Exploratory_B_13__tile_r0006_c0002,Exploratory_B_13.png,Exploratory_B,test
Exploratory_B_13__tile_r0006_c0003,Exploratory_B_13.png,Exploratory_B,test
Exploratory_B_13__tile_r0007_c0000,Exploratory_B_13.png,Exploratory_B,test
Exploratory_B_13__tile_r0007_c0001,Exploratory_B_13.png,Exploratory_B,test
Exploratory_B_13__tile_r0007_c0002,Exploratory_B_13.png,Exploratory_B,test
Exploratory_B_13__tile_r0007_c0003,Exploratory_B_13.png,Exploratory_B,test
Exploratory_B_13__tile_r0008_c0000,Exploratory_B_13.png,Exploratory_B,test
Exploratory_B_13__tile_r0008_c0001,Exploratory_B_13.png,Exploratory_B,test
Exploratory_B_13__tile_r0008_c0002,Exploratory_B_13.png,Exploratory_B,test
Exploratory_B_13__tile_r0008_c0003,Exploratory_B_13.png,Exploratory_B,test
Exploratory_B_13__tile_r0009_c0000,Exploratory_B_13.png,Exploratory_B,test
Exploratory_B_13__tile_r0009_c0001,Exploratory_B_13.png,Exploratory_B,test
Exploratory_B_13__tile_r0009_c0002,Exploratory_B_13.png,Exploratory_B,test
Exploratory_B_13__tile_r0009_c0003,Exploratory_B_13.png,Exploratory_B,test
Exploratory_B_13__tile_r0010_c0000,Exploratory_B_13.png,Exploratory_B,test
Exploratory_B_13__tile_r0010_c0001,Exploratory_B_13.png,Exploratory_B,test
Exploratory_B_13__tile_r0010_c0002,Exploratory_B_13.png,Exploratory_B,test
Exploratory_B_13__tile_r0010_c0003,Exploratory_B_13.png,Exploratory_B,test
Exploratory_B_13__tile_r0011_c0000,Exploratory_B_13.png,Exploratory_B,test
Exploratory_B_13__tile_r0011_c0001,Exploratory_B_13.png,Exploratory_B,test
Exploratory_B_13__tile_r0011_c0002,Exploratory_B_13.png,Exploratory_B,test
Exploratory_B_13__tile_r0011_c0003,Exploratory_B_13.png,Exploratory_B,test
Exploratory_C_01__tile_r0000_c0000,Exploratory_C_01.png,Exploratory_C,val
Exploratory_C_01__tile_r0000_c0001,Exploratory_C_01.png,Exploratory_C,val
Exploratory_C_01__tile_r0000_c0002,Exploratory_C_01.png,Exploratory_C,val
Exploratory_C_01__tile_r0000_c0003,Exploratory_C_01.png,Exploratory_C,val
Exploratory_C_01__tile_r0001_c0000,Exploratory_C_01.png,Exploratory_C,val
Exploratory_C_01__tile_r0001_c0001,Exploratory_C_01.png,Exploratory_C,val
Exploratory_C_01__tile_r0001_c0002,Exploratory_C_01.png,Exploratory_C,val
Exploratory_C_01__tile_r0001_c0003,Exploratory_C_01.png,Exploratory_C,val
Exploratory_C_01__tile_r0002_c0000,Exploratory_C_01.png,Exploratory_C,val
Exploratory_C_01__tile_r0002_c0001,Exploratory_C_01.png,Exploratory_C,val
Exploratory_C_01__tile_r0002_c0002,Exploratory_C_01.png,Exploratory_C,val
Exploratory_C_01__tile_r0002_c0003,Exploratory_C_01.png,Exploratory_C,val
Exploratory_C_01__tile_r0003_c0000,Exploratory_C_01.png,Exploratory_C,val
Exploratory_C_01__tile_r0003_c0001,Exploratory_C_01.png,Exploratory_C,val
Exploratory_C_01__tile_r0003_c0002,Exploratory_C_01.png,Exploratory_C,val
Exploratory_C_01__tile_r0003_c0003,Exploratory_C_01.png,Exploratory_C,val
Exploratory_C_01__tile_r0004_c0000,Exploratory_C_01.png,Exploratory_C,val
Exploratory_C_01__tile_r0004_c0001,Exploratory_C_01.png,Exploratory_C,val
Exploratory_C_01__tile_r0004_c0002,Exploratory_C_01.png,Exploratory_C,val
Exploratory_C_01__tile_r0004_c0003,Exploratory_C_01.png,Exploratory_C,val
Exploratory_C_01__tile_r0005_c0000,Exploratory_C_01.png,Exploratory_C,val
Exploratory_C_01__tile_r0005_c0001,Exploratory_C_01.png,Exploratory_C,val
Exploratory_C_01__tile_r0005_c0002,Exploratory_C_01.png,Exploratory_C,val
Exploratory_C_01__tile_r0005_c0003,Exploratory_C_01.png,Exploratory_C,val
Exploratory_C_01__tile_r0006_c0000,Exploratory_C_01.png,Exploratory_C,val
Exploratory_C_01__tile_r0006_c0001,Exploratory_C_01.png,Exploratory_C,val
Exploratory_C_01__tile_r0006_c0002,Exploratory_C_01.png,Exploratory_C,val
Exploratory_C_01__tile_r0006_c0003,Exploratory_C_01.png,Exploratory_C,val
Exploratory_C_01__tile_r0007_c0000,Exploratory_C_01.png,Exploratory_C,val
Exploratory_C_01__tile_r0007_c0001,Exploratory_C_01.png,Exploratory_C,val
Exploratory_C_01__tile_r0007_c0002,Exploratory_C_01.png,Exploratory_C,val
Exploratory_C_01__tile_r0007_c0003,Exploratory_C_01.png,Exploratory_C,val
Exploratory_C_01__tile_r0008_c0000,Exploratory_C_01.png,Exploratory_C,val
Exploratory_C_01__tile_r0008_c0001,Exploratory_C_01.png,Exploratory_C,val
Exploratory_C_01__tile_r0008_c0002,Exploratory_C_01.png,Exploratory_C,val
Exploratory_C_01__tile_r0008_c0003,Exploratory_C_01.png,Exploratory_C,val
Exploratory_C_01__tile_r0009_c0000,Exploratory_C_01.png,Exploratory_C,val
Exploratory_C_01__tile_r0009_c0001,Exploratory_C_01.png,Exploratory_C,val
Exploratory_C_01__tile_r0009_c0002,Exploratory_C_01.png,Exploratory_C,val
Exploratory_C_01__tile_r0009_c0003,Exploratory_C_01.png,Exploratory_C,val
Exploratory_C_01__tile_r0010_c0000,Exploratory_C_01.png,Exploratory_C,val
Exploratory_C_01__tile_r0010_c0001,Exploratory_C_01.png,Exploratory_C,val
Exploratory_C_01__tile_r0010_c0002,Exploratory_C_01.png,Exploratory_C,val
Exploratory_C_01__tile_r0010_c0003,Exploratory_C_01.png,Exploratory_C,val
Exploratory_C_01__tile_r0011_c0000,Exploratory_C_01.png,Exploratory_C,val
Exploratory_C_01__tile_r0011_c0001,Exploratory_C_01.png,Exploratory_C,val
Exploratory_C_01__tile_r0011_c0002,Exploratory_C_01.png,Exploratory_C,val
Exploratory_C_01__tile_r0011_c0003,Exploratory_C_01.png,Exploratory_C,val
Exploratory_C_01__tile_r0012_c0000,Exploratory_C_01.png,Exploratory_C,val
Exploratory_C_01__tile_r0012_c0001,Exploratory_C_01.png,Exploratory_C,val
Exploratory_C_01__tile_r0012_c0002,Exploratory_C_01.png,Exploratory_C,val
Exploratory_C_01__tile_r0012_c0003,Exploratory_C_01.png,Exploratory_C,val
Exploratory_C_01__tile_r0013_c0000,Exploratory_C_01.png,Exploratory_C,val
Exploratory_C_01__tile_r0013_c0001,Exploratory_C_01.png,Exploratory_C,val
Exploratory_C_01__tile_r0013_c0002,Exploratory_C_01.png,Exploratory_C,val
Exploratory_C_01__tile_r0013_c0003,Exploratory_C_01.png,Exploratory_C,val
Exploratory_C_01__tile_r0014_c0000,Exploratory_C_01.png,Exploratory_C,val
Exploratory_C_01__tile_r0014_c0001,Exploratory_C_01.png,Exploratory_C,val
Exploratory_C_01__tile_r0014_c0002,Exploratory_C_01.png,Exploratory_C,val
Exploratory_C_01__tile_r0014_c0003,Exploratory_C_01.png,Exploratory_C,val
Exploratory_C_01__tile_r0015_c0000,Exploratory_C_01.png,Exploratory_C,val
Exploratory_C_01__tile_r0015_c0001,Exploratory_C_01.png,Exploratory_C,val
Exploratory_C_01__tile_r0015_c0002,Exploratory_C_01.png,Exploratory_C,val
Exploratory_C_01__tile_r0015_c0003,Exploratory_C_01.png,Exploratory_C,val
Exploratory_C_01__tile_r0016_c0000,Exploratory_C_01.png,Exploratory_C,val
Exploratory_C_01__tile_r0016_c0001,Exploratory_C_01.png,Exploratory_C,val
Exploratory_C_01__tile_r0016_c0002,Exploratory_C_01.png,Exploratory_C,val
Exploratory_C_01__tile_r0016_c0003,Exploratory_C_01.png,Exploratory_C,val
Exploratory_C_01__tile_r0017_c0000,Exploratory_C_01.png,Exploratory_C,val
Exploratory_C_01__tile_r0017_c0001,Exploratory_C_01.png,Exploratory_C,val
Exploratory_C_01__tile_r0017_c0002,Exploratory_C_01.png,Exploratory_C,val
Exploratory_C_01__tile_r0017_c0003,Exploratory_C_01.png,Exploratory_C,val
Exploratory_C_01__tile_r0018_c0000,Exploratory_C_01.png,Exploratory_C,val
Exploratory_C_01__tile_r0018_c0001,Exploratory_C_01.png,Exploratory_C,val
Exploratory_C_01__tile_r0018_c0002,Exploratory_C_01.png,Exploratory_C,val
Exploratory_C_01__tile_r0018_c0003,Exploratory_C_01.png,Exploratory_C,val
Exploratory_C_01__tile_r0019_c0000,Exploratory_C_01.png,Exploratory_C,val
Exploratory_C_01__tile_r0019_c0001,Exploratory_C_01.png,Exploratory_C,val
Exploratory_C_01__tile_r0019_c0002,Exploratory_C_01.png,Exploratory_C,val
Exploratory_C_01__tile_r0019_c0003,Exploratory_C_01.png,Exploratory_C,val
Exploratory_C_01__tile_r0020_c0000,Exploratory_C_01.png,Exploratory_C,val
Exploratory_C_01__tile_r0020_c0001,Exploratory_C_01.png,Exploratory_C,val
Exploratory_C_01__tile_r0020_c0002,Exploratory_C_01.png,Exploratory_C,val
Exploratory_C_01__tile_r0020_c0003,Exploratory_C_01.png,Exploratory_C,val
Exploratory_C_01__tile_r0021_c0000,Exploratory_C_01.png,Exploratory_C,val
Exploratory_C_01__tile_r0021_c0001,Exploratory_C_01.png,Exploratory_C,val
Exploratory_C_01__tile_r0021_c0002,Exploratory_C_01.png,Exploratory_C,val
Exploratory_C_01__tile_r0021_c0003,Exploratory_C_01.png,Exploratory_C,val
Exploratory_C_01__tile_r0022_c0000,Exploratory_C_01.png,Exploratory_C,val
Exploratory_C_01__tile_r0022_c0001,Exploratory_C_01.png,Exploratory_C,val
Exploratory_C_01__tile_r0022_c0002,Exploratory_C_01.png,Exploratory_C,val
Exploratory_C_01__tile_r0022_c0003,Exploratory_C_01.png,Exploratory_C,val
Exploratory_C_01__tile_r0023_c0000,Exploratory_C_01.png,Exploratory_C,val
Exploratory_C_01__tile_r0023_c0001,Exploratory_C_01.png,Exploratory_C,val
Exploratory_C_01__tile_r0023_c0002,Exploratory_C_01.png,Exploratory_C,val
Exploratory_C_01__tile_r0023_c0003,Exploratory_C_01.png,Exploratory_C,val
Exploratory_C_01__tile_r0024_c0000,Exploratory_C_01.png,Exploratory_C,val
Exploratory_C_01__tile_r0024_c0001,Exploratory_C_01.png,Exploratory_C,val
Exploratory_C_01__tile_r0024_c0002,Exploratory_C_01.png,Exploratory_C,val
Exploratory_C_01__tile_r0024_c0003,Exploratory_C_01.png,Exploratory_C,val
Exploratory_C_01__tile_r0025_c0000,Exploratory_C_01.png,Exploratory_C,val
Exploratory_C_01__tile_r0025_c0001,Exploratory_C_01.png,Exploratory_C,val
Exploratory_C_01__tile_r0025_c0002,Exploratory_C_01.png,Exploratory_C,val
Exploratory_C_01__tile_r0025_c0003,Exploratory_C_01.png,Exploratory_C,val
Exploratory_C_01__tile_r0026_c0000,Exploratory_C_01.png,Exploratory_C,val
Exploratory_C_01__tile_r0026_c0001,Exploratory_C_01.png,Exploratory_C,val
Exploratory_C_01__tile_r0026_c0002,Exploratory_C_01.png,Exploratory_C,val
Exploratory_C_01__tile_r0026_c0003,Exploratory_C_01.png,Exploratory_C,val
Exploratory_C_01__tile_r0027_c0000,Exploratory_C_01.png,Exploratory_C,val
Exploratory_C_01__tile_r0027_c0001,Exploratory_C_01.png,Exploratory_C,val
Exploratory_C_01__tile_r0027_c0002,Exploratory_C_01.png,Exploratory_C,val
Exploratory_C_01__tile_r0027_c0003,Exploratory_C_01.png,Exploratory_C,val
Exploratory_C_01__tile_r0028_c0000,Exploratory_C_01.png,Exploratory_C,val
Exploratory_C_01__tile_r0028_c0001,Exploratory_C_01.png,Exploratory_C,val
Exploratory_C_01__tile_r0028_c0002,Exploratory_C_01.png,Exploratory_C,val
Exploratory_C_01__tile_r0028_c0003,Exploratory_C_01.png,Exploratory_C,val
Exploratory_C_01__tile_r0029_c0000,Exploratory_C_01.png,Exploratory_C,val
Exploratory_C_01__tile_r0029_c0001,Exploratory_C_01.png,Exploratory_C,val
Exploratory_C_01__tile_r0029_c0002,Exploratory_C_01.png,Exploratory_C,val
Exploratory_C_01__tile_r0029_c0003,Exploratory_C_01.png,Exploratory_C,val
Exploratory_C_01__tile_r0030_c0000,Exploratory_C_01.png,Exploratory_C,val
Exploratory_C_01__tile_r0030_c0001,Exploratory_C_01.png,Exploratory_C,val
Exploratory_C_01__tile_r0030_c0002,Exploratory_C_01.png,Exploratory_C,val
Exploratory_C_01__tile_r0030_c0003,Exploratory_C_01.png,Exploratory_C,val
Exploratory_C_01__tile_r0031_c0000,Exploratory_C_01.png,Exploratory_C,val
Exploratory_C_01__tile_r0031_c0001,Exploratory_C_01.png,Exploratory_C,val
Exploratory_C_01__tile_r0031_c0002,Exploratory_C_01.png,Exploratory_C,val
Exploratory_C_01__tile_r0031_c0003,Exploratory_C_01.png,Exploratory_C,val
Exploratory_C_01__tile_r0032_c0000,Exploratory_C_01.png,Exploratory_C,val
Exploratory_C_01__tile_r0032_c0001,Exploratory_C_01.png,Exploratory_C,val
Exploratory_C_01__tile_r0032_c0002,Exploratory_C_01.png,Exploratory_C,val
Exploratory_C_01__tile_r0032_c0003,Exploratory_C_01.png,Exploratory_C,val
Exploratory_C_01__tile_r0033_c0000,Exploratory_C_01.png,Exploratory_C,val
Exploratory_C_01__tile_r0033_c0001,Exploratory_C_01.png,Exploratory_C,val
Exploratory_C_01__tile_r0033_c0002,Exploratory_C_01.png,Exploratory_C,val
Exploratory_C_01__tile_r0033_c0003,Exploratory_C_01.png,Exploratory_C,val
Exploratory_C_01__tile_r0034_c0000,Exploratory_C_01.png,Exploratory_C,val
Exploratory_C_01__tile_r0034_c0001,Exploratory_C_01.png,Exploratory_C,val
Exploratory_C_01__tile_r0034_c0002,Exploratory_C_01.png,Exploratory_C,val
Exploratory_C_01__tile_r0034_c0003,Exploratory_C_01.png,Exploratory_C,val
Exploratory_C_01__tile_r0035_c0000,Exploratory_C_01.png,Exploratory_C,val
Exploratory_C_01__tile_r0035_c0001,Exploratory_C_01.png,Exploratory_C,val
Exploratory_C_01__tile_r0035_c0002,Exploratory_C_01.png,Exploratory_C,val
Exploratory_C_01__tile_r0035_c0003,Exploratory_C_01.png,Exploratory_C,val
Exploratory_C_01__tile_r0036_c0000,Exploratory_C_01.png,Exploratory_C,val
Exploratory_C_01__tile_r0036_c0001,Exploratory_C_01.png,Exploratory_C,val
Exploratory_C_01__tile_r0036_c0002,Exploratory_C_01.png,Exploratory_C,val
Exploratory_C_01__tile_r0036_c0003,Exploratory_C_01.png,Exploratory_C,val
Exploratory_C_02__tile_r0000_c0000,Exploratory_C_02.png,Exploratory_C,val
Exploratory_C_02__tile_r0000_c0001,Exploratory_C_02.png,Exploratory_C,val
Exploratory_C_02__tile_r0000_c0002,Exploratory_C_02.png,Exploratory_C,val
Exploratory_C_02__tile_r0000_c0003,Exploratory_C_02.png,Exploratory_C,val
Exploratory_C_02__tile_r0001_c0000,Exploratory_C_02.png,Exploratory_C,val
Exploratory_C_02__tile_r0001_c0001,Exploratory_C_02.png,Exploratory_C,val
Exploratory_C_02__tile_r0001_c0002,Exploratory_C_02.png,Exploratory_C,val
Exploratory_C_02__tile_r0001_c0003,Exploratory_C_02.png,Exploratory_C,val
Exploratory_C_02__tile_r0002_c0000,Exploratory_C_02.png,Exploratory_C,val
Exploratory_C_02__tile_r0002_c0001,Exploratory_C_02.png,Exploratory_C,val
Exploratory_C_02__tile_r0002_c0002,Exploratory_C_02.png,Exploratory_C,val
Exploratory_C_02__tile_r0002_c0003,Exploratory_C_02.png,Exploratory_C,val
Exploratory_C_02__tile_r0003_c0000,Exploratory_C_02.png,Exploratory_C,val
Exploratory_C_02__tile_r0003_c0001,Exploratory_C_02.png,Exploratory_C,val
Exploratory_C_02__tile_r0003_c0002,Exploratory_C_02.png,Exploratory_C,val
Exploratory_C_02__tile_r0003_c0003,Exploratory_C_02.png,Exploratory_C,val
Exploratory_C_02__tile_r0004_c0000,Exploratory_C_02.png,Exploratory_C,val
Exploratory_C_02__tile_r0004_c0001,Exploratory_C_02.png,Exploratory_C,val
Exploratory_C_02__tile_r0004_c0002,Exploratory_C_02.png,Exploratory_C,val
Exploratory_C_02__tile_r0004_c0003,Exploratory_C_02.png,Exploratory_C,val
Exploratory_C_02__tile_r0005_c0000,Exploratory_C_02.png,Exploratory_C,val
Exploratory_C_02__tile_r0005_c0001,Exploratory_C_02.png,Exploratory_C,val
Exploratory_C_02__tile_r0005_c0002,Exploratory_C_02.png,Exploratory_C,val
Exploratory_C_02__tile_r0005_c0003,Exploratory_C_02.png,Exploratory_C,val
Exploratory_C_02__tile_r0006_c0000,Exploratory_C_02.png,Exploratory_C,val
Exploratory_C_02__tile_r0006_c0001,Exploratory_C_02.png,Exploratory_C,val
Exploratory_C_02__tile_r0006_c0002,Exploratory_C_02.png,Exploratory_C,val
Exploratory_C_02__tile_r0006_c0003,Exploratory_C_02.png,Exploratory_C,val
Exploratory_C_02__tile_r0007_c0000,Exploratory_C_02.png,Exploratory_C,val
Exploratory_C_02__tile_r0007_c0001,Exploratory_C_02.png,Exploratory_C,val
Exploratory_C_02__tile_r0007_c0002,Exploratory_C_02.png,Exploratory_C,val
Exploratory_C_02__tile_r0007_c0003,Exploratory_C_02.png,Exploratory_C,val
Exploratory_C_02__tile_r0008_c0000,Exploratory_C_02.png,Exploratory_C,val
Exploratory_C_02__tile_r0008_c0001,Exploratory_C_02.png,Exploratory_C,val
Exploratory_C_02__tile_r0008_c0002,Exploratory_C_02.png,Exploratory_C,val
Exploratory_C_02__tile_r0008_c0003,Exploratory_C_02.png,Exploratory_C,val
Exploratory_C_02__tile_r0009_c0000,Exploratory_C_02.png,Exploratory_C,val
Exploratory_C_02__tile_r0009_c0001,Exploratory_C_02.png,Exploratory_C,val
Exploratory_C_02__tile_r0009_c0002,Exploratory_C_02.png,Exploratory_C,val
Exploratory_C_02__tile_r0009_c0003,Exploratory_C_02.png,Exploratory_C,val
Exploratory_C_02__tile_r0010_c0000,Exploratory_C_02.png,Exploratory_C,val
Exploratory_C_02__tile_r0010_c0001,Exploratory_C_02.png,Exploratory_C,val
Exploratory_C_02__tile_r0010_c0002,Exploratory_C_02.png,Exploratory_C,val
Exploratory_C_02__tile_r0010_c0003,Exploratory_C_02.png,Exploratory_C,val
Exploratory_C_02__tile_r0011_c0000,Exploratory_C_02.png,Exploratory_C,val
Exploratory_C_02__tile_r0011_c0001,Exploratory_C_02.png,Exploratory_C,val
Exploratory_C_02__tile_r0011_c0002,Exploratory_C_02.png,Exploratory_C,val
Exploratory_C_02__tile_r0011_c0003,Exploratory_C_02.png,Exploratory_C,val
Exploratory_C_02__tile_r0012_c0000,Exploratory_C_02.png,Exploratory_C,val
Exploratory_C_02__tile_r0012_c0001,Exploratory_C_02.png,Exploratory_C,val
Exploratory_C_02__tile_r0012_c0002,Exploratory_C_02.png,Exploratory_C,val
Exploratory_C_02__tile_r0012_c0003,Exploratory_C_02.png,Exploratory_C,val
Exploratory_C_02__tile_r0013_c0000,Exploratory_C_02.png,Exploratory_C,val
Exploratory_C_02__tile_r0013_c0001,Exploratory_C_02.png,Exploratory_C,val
Exploratory_C_02__tile_r0013_c0002,Exploratory_C_02.png,Exploratory_C,val
Exploratory_C_02__tile_r0013_c0003,Exploratory_C_02.png,Exploratory_C,val
Exploratory_C_02__tile_r0014_c0000,Exploratory_C_02.png,Exploratory_C,val
Exploratory_C_02__tile_r0014_c0001,Exploratory_C_02.png,Exploratory_C,val
Exploratory_C_02__tile_r0014_c0002,Exploratory_C_02.png,Exploratory_C,val
Exploratory_C_02__tile_r0014_c0003,Exploratory_C_02.png,Exploratory_C,val
Exploratory_C_02__tile_r0015_c0000,Exploratory_C_02.png,Exploratory_C,val
Exploratory_C_02__tile_r0015_c0001,Exploratory_C_02.png,Exploratory_C,val
Exploratory_C_02__tile_r0015_c0002,Exploratory_C_02.png,Exploratory_C,val
Exploratory_C_02__tile_r0015_c0003,Exploratory_C_02.png,Exploratory_C,val
Exploratory_C_02__tile_r0016_c0000,Exploratory_C_02.png,Exploratory_C,val
Exploratory_C_02__tile_r0016_c0001,Exploratory_C_02.png,Exploratory_C,val
Exploratory_C_02__tile_r0016_c0002,Exploratory_C_02.png,Exploratory_C,val
Exploratory_C_02__tile_r0016_c0003,Exploratory_C_02.png,Exploratory_C,val
Exploratory_C_02__tile_r0017_c0000,Exploratory_C_02.png,Exploratory_C,val
Exploratory_C_02__tile_r0017_c0001,Exploratory_C_02.png,Exploratory_C,val
Exploratory_C_02__tile_r0017_c0002,Exploratory_C_02.png,Exploratory_C,val
Exploratory_C_02__tile_r0017_c0003,Exploratory_C_02.png,Exploratory_C,val
Exploratory_C_02__tile_r0018_c0000,Exploratory_C_02.png,Exploratory_C,val
Exploratory_C_02__tile_r0018_c0001,Exploratory_C_02.png,Exploratory_C,val
Exploratory_C_02__tile_r0018_c0002,Exploratory_C_02.png,Exploratory_C,val
Exploratory_C_02__tile_r0018_c0003,Exploratory_C_02.png,Exploratory_C,val
Exploratory_C_02__tile_r0019_c0000,Exploratory_C_02.png,Exploratory_C,val
Exploratory_C_02__tile_r0019_c0001,Exploratory_C_02.png,Exploratory_C,val
Exploratory_C_02__tile_r0019_c0002,Exploratory_C_02.png,Exploratory_C,val
Exploratory_C_02__tile_r0019_c0003,Exploratory_C_02.png,Exploratory_C,val
Exploratory_C_02__tile_r0020_c0000,Exploratory_C_02.png,Exploratory_C,val
Exploratory_C_02__tile_r0020_c0001,Exploratory_C_02.png,Exploratory_C,val
Exploratory_C_02__tile_r0020_c0002,Exploratory_C_02.png,Exploratory_C,val
Exploratory_C_02__tile_r0020_c0003,Exploratory_C_02.png,Exploratory_C,val
Exploratory_C_02__tile_r0021_c0000,Exploratory_C_02.png,Exploratory_C,val
Exploratory_C_02__tile_r0021_c0001,Exploratory_C_02.png,Exploratory_C,val
Exploratory_C_02__tile_r0021_c0002,Exploratory_C_02.png,Exploratory_C,val
Exploratory_C_02__tile_r0021_c0003,Exploratory_C_02.png,Exploratory_C,val
Exploratory_C_02__tile_r0022_c0000,Exploratory_C_02.png,Exploratory_C,val
Exploratory_C_02__tile_r0022_c0001,Exploratory_C_02.png,Exploratory_C,val
Exploratory_C_02__tile_r0022_c0002,Exploratory_C_02.png,Exploratory_C,val
Exploratory_C_02__tile_r0022_c0003,Exploratory_C_02.png,Exploratory_C,val
Exploratory_C_02__tile_r0023_c0000,Exploratory_C_02.png,Exploratory_C,val
Exploratory_C_02__tile_r0023_c0001,Exploratory_C_02.png,Exploratory_C,val
Exploratory_C_02__tile_r0023_c0002,Exploratory_C_02.png,Exploratory_C,val
Exploratory_C_02__tile_r0023_c0003,Exploratory_C_02.png,Exploratory_C,val
Exploratory_C_02__tile_r0024_c0000,Exploratory_C_02.png,Exploratory_C,val
Exploratory_C_02__tile_r0024_c0001,Exploratory_C_02.png,Exploratory_C,val
Exploratory_C_02__tile_r0024_c0002,Exploratory_C_02.png,Exploratory_C,val
Exploratory_C_02__tile_r0024_c0003,Exploratory_C_02.png,Exploratory_C,val
Exploratory_C_02__tile_r0025_c0000,Exploratory_C_02.png,Exploratory_C,val
Exploratory_C_02__tile_r0025_c0001,Exploratory_C_02.png,Exploratory_C,val
Exploratory_C_02__tile_r0025_c0002,Exploratory_C_02.png,Exploratory_C,val
Exploratory_C_02__tile_r0025_c0003,Exploratory_C_02.png,Exploratory_C,val
Exploratory_C_02__tile_r0026_c0000,Exploratory_C_02.png,Exploratory_C,val
Exploratory_C_02__tile_r0026_c0001,Exploratory_C_02.png,Exploratory_C,val
Exploratory_C_02__tile_r0026_c0002,Exploratory_C_02.png,Exploratory_C,val
Exploratory_C_02__tile_r0026_c0003,Exploratory_C_02.png,Exploratory_C,val
Exploratory_C_02__tile_r0027_c0000,Exploratory_C_02.png,Exploratory_C,val
Exploratory_C_02__tile_r0027_c0001,Exploratory_C_02.png,Exploratory_C,val
Exploratory_C_02__tile_r0027_c0002,Exploratory_C_02.png,Exploratory_C,val
Exploratory_C_02__tile_r0027_c0003,Exploratory_C_02.png,Exploratory_C,val
Exploratory_C_02__tile_r0028_c0000,Exploratory_C_02.png,Exploratory_C,val
Exploratory_C_02__tile_r0028_c0001,Exploratory_C_02.png,Exploratory_C,val
Exploratory_C_02__tile_r0028_c0002,Exploratory_C_02.png,Exploratory_C,val
Exploratory_C_02__tile_r0028_c0003,Exploratory_C_02.png,Exploratory_C,val
Exploratory_C_02__tile_r0029_c0000,Exploratory_C_02.png,Exploratory_C,val
Exploratory_C_02__tile_r0029_c0001,Exploratory_C_02.png,Exploratory_C,val
Exploratory_C_02__tile_r0029_c0002,Exploratory_C_02.png,Exploratory_C,val
Exploratory_C_02__tile_r0029_c0003,Exploratory_C_02.png,Exploratory_C,val
Exploratory_C_02__tile_r0030_c0000,Exploratory_C_02.png,Exploratory_C,val
Exploratory_C_02__tile_r0030_c0001,Exploratory_C_02.png,Exploratory_C,val
Exploratory_C_02__tile_r0030_c0002,Exploratory_C_02.png,Exploratory_C,val
Exploratory_C_02__tile_r0030_c0003,Exploratory_C_02.png,Exploratory_C,val
Exploratory_C_02__tile_r0031_c0000,Exploratory_C_02.png,Exploratory_C,val
Exploratory_C_02__tile_r0031_c0001,Exploratory_C_02.png,Exploratory_C,val
Exploratory_C_02__tile_r0031_c0002,Exploratory_C_02.png,Exploratory_C,val
Exploratory_C_02__tile_r0031_c0003,Exploratory_C_02.png,Exploratory_C,val
Exploratory_C_02__tile_r0032_c0000,Exploratory_C_02.png,Exploratory_C,val
Exploratory_C_02__tile_r0032_c0001,Exploratory_C_02.png,Exploratory_C,val
Exploratory_C_02__tile_r0032_c0002,Exploratory_C_02.png,Exploratory_C,val
Exploratory_C_02__tile_r0032_c0003,Exploratory_C_02.png,Exploratory_C,val
Exploratory_C_02__tile_r0033_c0000,Exploratory_C_02.png,Exploratory_C,val
Exploratory_C_02__tile_r0033_c0001,Exploratory_C_02.png,Exploratory_C,val
Exploratory_C_02__tile_r0033_c0002,Exploratory_C_02.png,Exploratory_C,val
Exploratory_C_02__tile_r0033_c0003,Exploratory_C_02.png,Exploratory_C,val
Exploratory_C_02__tile_r0034_c0000,Exploratory_C_02.png,Exploratory_C,val
Exploratory_C_02__tile_r0034_c0001,Exploratory_C_02.png,Exploratory_C,val
Exploratory_C_02__tile_r0034_c0002,Exploratory_C_02.png,Exploratory_C,val
Exploratory_C_02__tile_r0034_c0003,Exploratory_C_02.png,Exploratory_C,val
Exploratory_C_02__tile_r0035_c0000,Exploratory_C_02.png,Exploratory_C,val
Exploratory_C_02__tile_r0035_c0001,Exploratory_C_02.png,Exploratory_C,val
Exploratory_C_02__tile_r0035_c0002,Exploratory_C_02.png,Exploratory_C,val
Exploratory_C_02__tile_r0035_c0003,Exploratory_C_02.png,Exploratory_C,val
Exploratory_C_02__tile_r0036_c0000,Exploratory_C_02.png,Exploratory_C,val
Exploratory_C_02__tile_r0036_c0001,Exploratory_C_02.png,Exploratory_C,val
Exploratory_C_02__tile_r0036_c0002,Exploratory_C_02.png,Exploratory_C,val
Exploratory_C_02__tile_r0036_c0003,Exploratory_C_02.png,Exploratory_C,val
Mischelley_Reef_01__tile_r0000_c0000,Mischelley_Reef_01.png,Mischelley_Reef,train
Mischelley_Reef_01__tile_r0000_c0001,Mischelley_Reef_01.png,Mischelley_Reef,train
Mischelley_Reef_01__tile_r0000_c0002,Mischelley_Reef_01.png,Mischelley_Reef,train
Mischelley_Reef_01__tile_r0000_c0003,Mischelley_Reef_01.png,Mischelley_Reef,train
Mischelley_Reef_01__tile_r0001_c0000,Mischelley_Reef_01.png,Mischelley_Reef,train
Mischelley_Reef_01__tile_r0001_c0001,Mischelley_Reef_01.png,Mischelley_Reef,train
Mischelley_Reef_01__tile_r0001_c0002,Mischelley_Reef_01.png,Mischelley_Reef,train
Mischelley_Reef_01__tile_r0001_c0003,Mischelley_Reef_01.png,Mischelley_Reef,train
Mischelley_Reef_01__tile_r0002_c0000,Mischelley_Reef_01.png,Mischelley_Reef,train
Mischelley_Reef_01__tile_r0002_c0001,Mischelley_Reef_01.png,Mischelley_Reef,train
Mischelley_Reef_01__tile_r0002_c0002,Mischelley_Reef_01.png,Mischelley_Reef,train
Mischelley_Reef_01__tile_r0002_c0003,Mischelley_Reef_01.png,Mischelley_Reef,train
Mischelley_Reef_01__tile_r0003_c0000,Mischelley_Reef_01.png,Mischelley_Reef,train
Mischelley_Reef_01__tile_r0003_c0001,Mischelley_Reef_01.png,Mischelley_Reef,train
Mischelley_Reef_01__tile_r0003_c0002,Mischelley_Reef_01.png,Mischelley_Reef,train
Mischelley_Reef_01__tile_r0003_c0003,Mischelley_Reef_01.png,Mischelley_Reef,train
Mischelley_Reef_01__tile_r0004_c0000,Mischelley_Reef_01.png,Mischelley_Reef,train
Mischelley_Reef_01__tile_r0004_c0001,Mischelley_Reef_01.png,Mischelley_Reef,train
Mischelley_Reef_01__tile_r0004_c0002,Mischelley_Reef_01.png,Mischelley_Reef,train
Mischelley_Reef_01__tile_r0004_c0003,Mischelley_Reef_01.png,Mischelley_Reef,train
Mischelley_Reef_01__tile_r0005_c0000,Mischelley_Reef_01.png,Mischelley_Reef,train
Mischelley_Reef_01__tile_r0005_c0001,Mischelley_Reef_01.png,Mischelley_Reef,train
Mischelley_Reef_01__tile_r0005_c0002,Mischelley_Reef_01.png,Mischelley_Reef,train
Mischelley_Reef_01__tile_r0005_c0003,Mischelley_Reef_01.png,Mischelley_Reef,train
Mischelley_Reef_01__tile_r0006_c0000,Mischelley_Reef_01.png,Mischelley_Reef,train
Mischelley_Reef_01__tile_r0006_c0001,Mischelley_Reef_01.png,Mischelley_Reef,train
Mischelley_Reef_01__tile_r0006_c0002,Mischelley_Reef_01.png,Mischelley_Reef,train
Mischelley_Reef_01__tile_r0006_c0003,Mischelley_Reef_01.png,Mischelley_Reef,train
Mischelley_Reef_01__tile_r0007_c0000,Mischelley_Reef_01.png,Mischelley_Reef,train
Mischelley_Reef_01__tile_r0007_c0001,Mischelley_Reef_01.png,Mischelley_Reef,train
Mischelley_Reef_01__tile_r0007_c0002,Mischelley_Reef_01.png,Mischelley_Reef,train
Mischelley_Reef_01__tile_r0007_c0003,Mischelley_Reef_01.png,Mischelley_Reef,train
Mischelley_Reef_01__tile_r0008_c0000,Mischelley_Reef_01.png,Mischelley_Reef,train
Mischelley_Reef_01__tile_r0008_c0001,Mischelley_Reef_01.png,Mischelley_Reef,train
Mischelley_Reef_01__tile_r0008_c0002,Mischelley_Reef_01.png,Mischelley_Reef,train
Mischelley_Reef_01__tile_r0008_c0003,Mischelley_Reef_01.png,Mischelley_Reef,train
Mischelley_Reef_01__tile_r0009_c0000,Mischelley_Reef_01.png,Mischelley_Reef,train
Mischelley_Reef_01__tile_r0009_c0001,Mischelley_Reef_01.png,Mischelley_Reef,train
Mischelley_Reef_01__tile_r0009_c0002,Mischelley_Reef_01.png,Mischelley_Reef,train
Mischelley_Reef_01__tile_r0009_c0003,Mischelley_Reef_01.png,Mischelley_Reef,train
Mischelley_Reef_01__tile_r0010_c0000,Mischelley_Reef_01.png,Mischelley_Reef,train
Mischelley_Reef_01__tile_r0010_c0001,Mischelley_Reef_01.png,Mischelley_Reef,train
Mischelley_Reef_01__tile_r0010_c0002,Mischelley_Reef_01.png,Mischelley_Reef,train
Mischelley_Reef_01__tile_r0010_c0003,Mischelley_Reef_01.png,Mischelley_Reef,train
Mischelley_Reef_01__tile_r0011_c0000,Mischelley_Reef_01.png,Mischelley_Reef,train
Mischelley_Reef_01__tile_r0011_c0001,Mischelley_Reef_01.png,Mischelley_Reef,train
Mischelley_Reef_01__tile_r0011_c0002,Mischelley_Reef_01.png,Mischelley_Reef,train
Mischelley_Reef_01__tile_r0011_c0003,Mischelley_Reef_01.png,Mischelley_Reef,train
Mischelley_Reef_01__tile_r0012_c0000,Mischelley_Reef_01.png,Mischelley_Reef,train
Mischelley_Reef_01__tile_r0012_c0001,Mischelley_Reef_01.png,Mischelley_Reef,train
Mischelley_Reef_01__tile_r0012_c0002,Mischelley_Reef_01.png,Mischelley_Reef,train
Mischelley_Reef_01__tile_r0012_c0003,Mischelley_Reef_01.png,Mischelley_Reef,train
Mischelley_Reef_01__tile_r0013_c0000,Mischelley_Reef_01.png,Mischelley_Reef,train
Mischelley_Reef_01__tile_r0013_c0001,Mischelley_Reef_01.png,Mischelley_Reef,train
Mischelley_Reef_01__tile_r0013_c0002,Mischelley_Reef_01.png,Mischelley_Reef,train
Mischelley_Reef_01__tile_r0013_c0003,Mischelley_Reef_01.png,Mischelley_Reef,train
Mischelley_Reef_02__tile_r0000_c0000,Mischelley_Reef_02.png,Mischelley_Reef,train
Mischelley_Reef_02__tile_r0000_c0001,Mischelley_Reef_02.png,Mischelley_Reef,train
Mischelley_Reef_02__tile_r0000_c0002,Mischelley_Reef_02.png,Mischelley_Reef,train
Mischelley_Reef_02__tile_r0000_c0003,Mischelley_Reef_02.png,Mischelley_Reef,train
Mischelley_Reef_02__tile_r0001_c0000,Mischelley_Reef_02.png,Mischelley_Reef,train
Mischelley_Reef_02__tile_r0001_c0001,Mischelley_Reef_02.png,Mischelley_Reef,train
Mischelley_Reef_02__tile_r0001_c0002,Mischelley_Reef_02.png,Mischelley_Reef,train
Mischelley_Reef_02__tile_r0001_c0003,Mischelley_Reef_02.png,Mischelley_Reef,train
Mischelley_Reef_02__tile_r0002_c0000,Mischelley_Reef_02.png,Mischelley_Reef,train
Mischelley_Reef_02__tile_r0002_c0001,Mischelley_Reef_02.png,Mischelley_Reef,train
Mischelley_Reef_02__tile_r0002_c0002,Mischelley_Reef_02.png,Mischelley_Reef,train
Mischelley_Reef_02__tile_r0002_c0003,Mischelley_Reef_02.png,Mischelley_Reef,train
Mischelley_Reef_02__tile_r0003_c0000,Mischelley_Reef_02.png,Mischelley_Reef,train
Mischelley_Reef_02__tile_r0003_c0001,Mischelley_Reef_02.png,Mischelley_Reef,train
Mischelley_Reef_02__tile_r0003_c0002,Mischelley_Reef_02.png,Mischelley_Reef,train
Mischelley_Reef_02__tile_r0003_c0003,Mischelley_Reef_02.png,Mischelley_Reef,train
Mischelley_Reef_02__tile_r0004_c0000,Mischelley_Reef_02.png,Mischelley_Reef,train
Mischelley_Reef_02__tile_r0004_c0001,Mischelley_Reef_02.png,Mischelley_Reef,train
Mischelley_Reef_02__tile_r0004_c0002,Mischelley_Reef_02.png,Mischelley_Reef,train
Mischelley_Reef_02__tile_r0004_c0003,Mischelley_Reef_02.png,Mischelley_Reef,train
Mischelley_Reef_02__tile_r0005_c0000,Mischelley_Reef_02.png,Mischelley_Reef,train
Mischelley_Reef_02__tile_r0005_c0001,Mischelley_Reef_02.png,Mischelley_Reef,train
Mischelley_Reef_02__tile_r0005_c0002,Mischelley_Reef_02.png,Mischelley_Reef,train
Mischelley_Reef_02__tile_r0005_c0003,Mischelley_Reef_02.png,Mischelley_Reef,train
Mischelley_Reef_02__tile_r0006_c0000,Mischelley_Reef_02.png,Mischelley_Reef,train
Mischelley_Reef_02__tile_r0006_c0001,Mischelley_Reef_02.png,Mischelley_Reef,train
Mischelley_Reef_02__tile_r0006_c0002,Mischelley_Reef_02.png,Mischelley_Reef,train
Mischelley_Reef_02__tile_r0006_c0003,Mischelley_Reef_02.png,Mischelley_Reef,train
Mischelley_Reef_02__tile_r0007_c0000,Mischelley_Reef_02.png,Mischelley_Reef,train
Mischelley_Reef_02__tile_r0007_c0001,Mischelley_Reef_02.png,Mischelley_Reef,train
Mischelley_Reef_02__tile_r0007_c0002,Mischelley_Reef_02.png,Mischelley_Reef,train
Mischelley_Reef_02__tile_r0007_c0003,Mischelley_Reef_02.png,Mischelley_Reef,train
Mischelley_Reef_02__tile_r0008_c0000,Mischelley_Reef_02.png,Mischelley_Reef,train
Mischelley_Reef_02__tile_r0008_c0001,Mischelley_Reef_02.png,Mischelley_Reef,train
Mischelley_Reef_02__tile_r0008_c0002,Mischelley_Reef_02.png,Mischelley_Reef,train
Mischelley_Reef_02__tile_r0008_c0003,Mischelley_Reef_02.png,Mischelley_Reef,train
Mischelley_Reef_02__tile_r0009_c0000,Mischelley_Reef_02.png,Mischelley_Reef,train
Mischelley_Reef_02__tile_r0009_c0001,Mischelley_Reef_02.png,Mischelley_Reef,train
Mischelley_Reef_02__tile_r0009_c0002,Mischelley_Reef_02.png,Mischelley_Reef,train
Mischelley_Reef_02__tile_r0009_c0003,Mischelley_Reef_02.png,Mischelley_Reef,train
Mischelley_Reef_02__tile_r0010_c0000,Mischelley_Reef_02.png,Mischelley_Reef,train
Mischelley_Reef_02__tile_r0010_c0001,Mischelley_Reef_02.png,Mischelley_Reef,train
Mischelley_Reef_02__tile_r0010_c0002,Mischelley_Reef_02.png,Mischelley_Reef,train
Mischelley_Reef_02__tile_r0010_c0003,Mischelley_Reef_02.png,Mischelley_Reef,train
Mischelley_Reef_02__tile_r0011_c0000,Mischelley_Reef_02.png,Mischelley_Reef,train
Mischelley_Reef_02__tile_r0011_c0001,Mischelley_Reef_02.png,Mischelley_Reef,train
Mischelley_Reef_02__tile_r0011_c0002,Mischelley_Reef_02.png,Mischelley_Reef,train
Mischelley_Reef_02__tile_r0011_c0003,Mischelley_Reef_02.png,Mischelley_Reef,train
Mischelley_Reef_02__tile_r0012_c0000,Mischelley_Reef_02.png,Mischelley_Reef,train
Mischelley_Reef_02__tile_r0012_c0001,Mischelley_Reef_02.png,Mischelley_Reef,train
Mischelley_Reef_02__tile_r0012_c0002,Mischelley_Reef_02.png,Mischelley_Reef,train
Mischelley_Reef_02__tile_r0012_c0003,Mischelley_Reef_02.png,Mischelley_Reef,train
Mischelley_Reef_02__tile_r0013_c0000,Mischelley_Reef_02.png,Mischelley_Reef,train
Mischelley_Reef_02__tile_r0013_c0001,Mischelley_Reef_02.png,Mischelley_Reef,train
Mischelley_Reef_02__tile_r0013_c0002,Mischelley_Reef_02.png,Mischelley_Reef,train
Mischelley_Reef_02__tile_r0013_c0003,Mischelley_Reef_02.png,Mischelley_Reef,train
Mischelley_Reef_03__tile_r0000_c0000,Mischelley_Reef_03.png,Mischelley_Reef,train
Mischelley_Reef_03__tile_r0000_c0001,Mischelley_Reef_03.png,Mischelley_Reef,train
Mischelley_Reef_03__tile_r0000_c0002,Mischelley_Reef_03.png,Mischelley_Reef,train
Mischelley_Reef_03__tile_r0000_c0003,Mischelley_Reef_03.png,Mischelley_Reef,train
Mischelley_Reef_03__tile_r0001_c0000,Mischelley_Reef_03.png,Mischelley_Reef,train
Mischelley_Reef_03__tile_r0001_c0001,Mischelley_Reef_03.png,Mischelley_Reef,train
Mischelley_Reef_03__tile_r0001_c0002,Mischelley_Reef_03.png,Mischelley_Reef,train
Mischelley_Reef_03__tile_r0001_c0003,Mischelley_Reef_03.png,Mischelley_Reef,train
Mischelley_Reef_03__tile_r0002_c0000,Mischelley_Reef_03.png,Mischelley_Reef,train
Mischelley_Reef_03__tile_r0002_c0001,Mischelley_Reef_03.png,Mischelley_Reef,train
Mischelley_Reef_03__tile_r0002_c0002,Mischelley_Reef_03.png,Mischelley_Reef,train
Mischelley_Reef_03__tile_r0002_c0003,Mischelley_Reef_03.png,Mischelley_Reef,train
Mischelley_Reef_03__tile_r0003_c0000,Mischelley_Reef_03.png,Mischelley_Reef,train
Mischelley_Reef_03__tile_r0003_c0001,Mischelley_Reef_03.png,Mischelley_Reef,train
Mischelley_Reef_03__tile_r0003_c0002,Mischelley_Reef_03.png,Mischelley_Reef,train
Mischelley_Reef_03__tile_r0003_c0003,Mischelley_Reef_03.png,Mischelley_Reef,train
Mischelley_Reef_03__tile_r0004_c0000,Mischelley_Reef_03.png,Mischelley_Reef,train
Mischelley_Reef_03__tile_r0004_c0001,Mischelley_Reef_03.png,Mischelley_Reef,train
Mischelley_Reef_03__tile_r0004_c0002,Mischelley_Reef_03.png,Mischelley_Reef,train
Mischelley_Reef_03__tile_r0004_c0003,Mischelley_Reef_03.png,Mischelley_Reef,train
Mischelley_Reef_03__tile_r0005_c0000,Mischelley_Reef_03.png,Mischelley_Reef,train
Mischelley_Reef_03__tile_r0005_c0001,Mischelley_Reef_03.png,Mischelley_Reef,train
Mischelley_Reef_03__tile_r0005_c0002,Mischelley_Reef_03.png,Mischelley_Reef,train
Mischelley_Reef_03__tile_r0005_c0003,Mischelley_Reef_03.png,Mischelley_Reef,train
Mischelley_Reef_03__tile_r0006_c0000,Mischelley_Reef_03.png,Mischelley_Reef,train
Mischelley_Reef_03__tile_r0006_c0001,Mischelley_Reef_03.png,Mischelley_Reef,train
Mischelley_Reef_03__tile_r0006_c0002,Mischelley_Reef_03.png,Mischelley_Reef,train
Mischelley_Reef_03__tile_r0006_c0003,Mischelley_Reef_03.png,Mischelley_Reef,train
Mischelley_Reef_03__tile_r0007_c0000,Mischelley_Reef_03.png,Mischelley_Reef,train
Mischelley_Reef_03__tile_r0007_c0001,Mischelley_Reef_03.png,Mischelley_Reef,train
Mischelley_Reef_03__tile_r0007_c0002,Mischelley_Reef_03.png,Mischelley_Reef,train
Mischelley_Reef_03__tile_r0007_c0003,Mischelley_Reef_03.png,Mischelley_Reef,train
Mischelley_Reef_03__tile_r0008_c0000,Mischelley_Reef_03.png,Mischelley_Reef,train
Mischelley_Reef_03__tile_r0008_c0001,Mischelley_Reef_03.png,Mischelley_Reef,train
Mischelley_Reef_03__tile_r0008_c0002,Mischelley_Reef_03.png,Mischelley_Reef,train
Mischelley_Reef_03__tile_r0008_c0003,Mischelley_Reef_03.png,Mischelley_Reef,train
Mischelley_Reef_03__tile_r0009_c0000,Mischelley_Reef_03.png,Mischelley_Reef,train
Mischelley_Reef_03__tile_r0009_c0001,Mischelley_Reef_03.png,Mischelley_Reef,train
Mischelley_Reef_03__tile_r0009_c0002,Mischelley_Reef_03.png,Mischelley_Reef,train
Mischelley_Reef_03__tile_r0009_c0003,Mischelley_Reef_03.png,Mischelley_Reef,train
Mischelley_Reef_03__tile_r0010_c0000,Mischelley_Reef_03.png,Mischelley_Reef,train
Mischelley_Reef_03__tile_r0010_c0001,Mischelley_Reef_03.png,Mischelley_Reef,train
Mischelley_Reef_03__tile_r0010_c0002,Mischelley_Reef_03.png,Mischelley_Reef,train
Mischelley_Reef_03__tile_r0010_c0003,Mischelley_Reef_03.png,Mischelley_Reef,train
Mischelley_Reef_03__tile_r0011_c0000,Mischelley_Reef_03.png,Mischelley_Reef,train
Mischelley_Reef_03__tile_r0011_c0001,Mischelley_Reef_03.png,Mischelley_Reef,train
Mischelley_Reef_03__tile_r0011_c0002,Mischelley_Reef_03.png,Mischelley_Reef,train
Mischelley_Reef_03__tile_r0011_c0003,Mischelley_Reef_03.png,Mischelley_Reef,train
Mischelley_Reef_03__tile_r0012_c0000,Mischelley_Reef_03.png,Mischelley_Reef,train
Mischelley_Reef_03__tile_r0012_c0001,Mischelley_Reef_03.png,Mischelley_Reef,train
Mischelley_Reef_03__tile_r0012_c0002,Mischelley_Reef_03.png,Mischelley_Reef,train
Mischelley_Reef_03__tile_r0012_c0003,Mischelley_Reef_03.png,Mischelley_Reef,train
Mischelley_Reef_03__tile_r0013_c0000,Mischelley_Reef_03.png,Mischelley_Reef,train
Mischelley_Reef_03__tile_r0013_c0001,Mischelley_Reef_03.png,Mischelley_Reef,train
Mischelley_Reef_03__tile_r0013_c0002,Mischelley_Reef_03.png,Mischelley_Reef,train
Mischelley_Reef_03__tile_r0013_c0003,Mischelley_Reef_03.png,Mischelley_Reef,train
Mischelley_Reef_04__tile_r0000_c0000,Mischelley_Reef_04.png,Mischelley_Reef,train
Mischelley_Reef_04__tile_r0000_c0001,Mischelley_Reef_04.png,Mischelley_Reef,train
Mischelley_Reef_04__tile_r0000_c0002,Mischelley_Reef_04.png,Mischelley_Reef,train
Mischelley_Reef_04__tile_r0000_c0003,Mischelley_Reef_04.png,Mischelley_Reef,train
Mischelley_Reef_04__tile_r0001_c0000,Mischelley_Reef_04.png,Mischelley_Reef,train
Mischelley_Reef_04__tile_r0001_c0001,Mischelley_Reef_04.png,Mischelley_Reef,train
Mischelley_Reef_04__tile_r0001_c0002,Mischelley_Reef_04.png,Mischelley_Reef,train
Mischelley_Reef_04__tile_r0001_c0003,Mischelley_Reef_04.png,Mischelley_Reef,train
Mischelley_Reef_04__tile_r0002_c0000,Mischelley_Reef_04.png,Mischelley_Reef,train
Mischelley_Reef_04__tile_r0002_c0001,Mischelley_Reef_04.png,Mischelley_Reef,train
Mischelley_Reef_04__tile_r0002_c0002,Mischelley_Reef_04.png,Mischelley_Reef,train
Mischelley_Reef_04__tile_r0002_c0003,Mischelley_Reef_04.png,Mischelley_Reef,train
Mischelley_Reef_04__tile_r0003_c0000,Mischelley_Reef_04.png,Mischelley_Reef,train
Mischelley_Reef_04__tile_r0003_c0001,Mischelley_Reef_04.png,Mischelley_Reef,train
Mischelley_Reef_04__tile_r0003_c0002,Mischelley_Reef_04.png,Mischelley_Reef,train
Mischelley_Reef_04__tile_r0003_c0003,Mischelley_Reef_04.png,Mischelley_Reef,train
Mischelley_Reef_04__tile_r0004_c0000,Mischelley_Reef_04.png,Mischelley_Reef,train
Mischelley_Reef_04__tile_r0004_c0001,Mischelley_Reef_04.png,Mischelley_Reef,train
Mischelley_Reef_04__tile_r0004_c0002,Mischelley_Reef_04.png,Mischelley_Reef,train
Mischelley_Reef_04__tile_r0004_c0003,Mischelley_Reef_04.png,Mischelley_Reef,train
Mischelley_Reef_04__tile_r0005_c0000,Mischelley_Reef_04.png,Mischelley_Reef,train
Mischelley_Reef_04__tile_r0005_c0001,Mischelley_Reef_04.png,Mischelley_Reef,train
Mischelley_Reef_04__tile_r0005_c0002,Mischelley_Reef_04.png,Mischelley_Reef,train
Mischelley_Reef_04__tile_r0005_c0003,Mischelley_Reef_04.png,Mischelley_Reef,train
Mischelley_Reef_04__tile_r0006_c0000,Mischelley_Reef_04.png,Mischelley_Reef,train
Mischelley_Reef_04__tile_r0006_c0001,Mischelley_Reef_04.png,Mischelley_Reef,train
Mischelley_Reef_04__tile_r0006_c0002,Mischelley_Reef_04.png,Mischelley_Reef,train
Mischelley_Reef_04__tile_r0006_c0003,Mischelley_Reef_04.png,Mischelley_Reef,train
Mischelley_Reef_04__tile_r0007_c0000,Mischelley_Reef_04.png,Mischelley_Reef,train
Mischelley_Reef_04__tile_r0007_c0001,Mischelley_Reef_04.png,Mischelley_Reef,train
Mischelley_Reef_04__tile_r0007_c0002,Mischelley_Reef_04.png,Mischelley_Reef,train
Mischelley_Reef_04__tile_r0007_c0003,Mischelley_Reef_04.png,Mischelley_Reef,train
Mischelley_Reef_04__tile_r0008_c0000,Mischelley_Reef_04.png,Mischelley_Reef,train
Mischelley_Reef_04__tile_r0008_c0001,Mischelley_Reef_04.png,Mischelley_Reef,train
Mischelley_Reef_04__tile_r0008_c0002,Mischelley_Reef_04.png,Mischelley_Reef,train
Mischelley_Reef_04__tile_r0008_c0003,Mischelley_Reef_04.png,Mischelley_Reef,train
Mischelley_Reef_04__tile_r0009_c0000,Mischelley_Reef_04.png,Mischelley_Reef,train
Mischelley_Reef_04__tile_r0009_c0001,Mischelley_Reef_04.png,Mischelley_Reef,train
Mischelley_Reef_04__tile_r0009_c0002,Mischelley_Reef_04.png,Mischelley_Reef,train
Mischelley_Reef_04__tile_r0009_c0003,Mischelley_Reef_04.png,Mischelley_Reef,train
Mischelley_Reef_04__tile_r0010_c0000,Mischelley_Reef_04.png,Mischelley_Reef,train
Mischelley_Reef_04__tile_r0010_c0001,Mischelley_Reef_04.png,Mischelley_Reef,train
Mischelley_Reef_04__tile_r0010_c0002,Mischelley_Reef_04.png,Mischelley_Reef,train
Mischelley_Reef_04__tile_r0010_c0003,Mischelley_Reef_04.png,Mischelley_Reef,train
Mischelley_Reef_04__tile_r0011_c0000,Mischelley_Reef_04.png,Mischelley_Reef,train
Mischelley_Reef_04__tile_r0011_c0001,Mischelley_Reef_04.png,Mischelley_Reef,train
Mischelley_Reef_04__tile_r0011_c0002,Mischelley_Reef_04.png,Mischelley_Reef,train
Mischelley_Reef_04__tile_r0011_c0003,Mischelley_Reef_04.png,Mischelley_Reef,train
Mischelley_Reef_04__tile_r0012_c0000,Mischelley_Reef_04.png,Mischelley_Reef,train
Mischelley_Reef_04__tile_r0012_c0001,Mischelley_Reef_04.png,Mischelley_Reef,train
Mischelley_Reef_04__tile_r0012_c0002,Mischelley_Reef_04.png,Mischelley_Reef,train
Mischelley_Reef_04__tile_r0012_c0003,Mischelley_Reef_04.png,Mischelley_Reef,train
Mischelley_Reef_04__tile_r0013_c0000,Mischelley_Reef_04.png,Mischelley_Reef,train
Mischelley_Reef_04__tile_r0013_c0001,Mischelley_Reef_04.png,Mischelley_Reef,train
Mischelley_Reef_04__tile_r0013_c0002,Mischelley_Reef_04.png,Mischelley_Reef,train
Mischelley_Reef_04__tile_r0013_c0003,Mischelley_Reef_04.png,Mischelley_Reef,train
Mischelley_Reef_05__tile_r0000_c0000,Mischelley_Reef_05.png,Mischelley_Reef,train
Mischelley_Reef_05__tile_r0000_c0001,Mischelley_Reef_05.png,Mischelley_Reef,train
Mischelley_Reef_05__tile_r0000_c0002,Mischelley_Reef_05.png,Mischelley_Reef,train
Mischelley_Reef_05__tile_r0000_c0003,Mischelley_Reef_05.png,Mischelley_Reef,train
Mischelley_Reef_05__tile_r0001_c0000,Mischelley_Reef_05.png,Mischelley_Reef,train
Mischelley_Reef_05__tile_r0001_c0001,Mischelley_Reef_05.png,Mischelley_Reef,train
Mischelley_Reef_05__tile_r0001_c0002,Mischelley_Reef_05.png,Mischelley_Reef,train
Mischelley_Reef_05__tile_r0001_c0003,Mischelley_Reef_05.png,Mischelley_Reef,train
Mischelley_Reef_05__tile_r0002_c0000,Mischelley_Reef_05.png,Mischelley_Reef,train
Mischelley_Reef_05__tile_r0002_c0001,Mischelley_Reef_05.png,Mischelley_Reef,train
Mischelley_Reef_05__tile_r0002_c0002,Mischelley_Reef_05.png,Mischelley_Reef,train
Mischelley_Reef_05__tile_r0002_c0003,Mischelley_Reef_05.png,Mischelley_Reef,train
Mischelley_Reef_05__tile_r0003_c0000,Mischelley_Reef_05.png,Mischelley_Reef,train
Mischelley_Reef_05__tile_r0003_c0001,Mischelley_Reef_05.png,Mischelley_Reef,train
Mischelley_Reef_05__tile_r0003_c0002,Mischelley_Reef_05.png,Mischelley_Reef,train
Mischelley_Reef_05__tile_r0003_c0003,Mischelley_Reef_05.png,Mischelley_Reef,train
Mischelley_Reef_05__tile_r0004_c0000,Mischelley_Reef_05.png,Mischelley_Reef,train
Mischelley_Reef_05__tile_r0004_c0001,Mischelley_Reef_05.png,Mischelley_Reef,train
Mischelley_Reef_05__tile_r0004_c0002,Mischelley_Reef_05.png,Mischelley_Reef,train
Mischelley_Reef_05__tile_r0004_c0003,Mischelley_Reef_05.png,Mischelley_Reef,train
Mischelley_Reef_05__tile_r0005_c0000,Mischelley_Reef_05.png,Mischelley_Reef,train
Mischelley_Reef_05__tile_r0005_c0001,Mischelley_Reef_05.png,Mischelley_Reef,train
Mischelley_Reef_05__tile_r0005_c0002,Mischelley_Reef_05.png,Mischelley_Reef,train
Mischelley_Reef_05__tile_r0005_c0003,Mischelley_Reef_05.png,Mischelley_Reef,train
Mischelley_Reef_05__tile_r0006_c0000,Mischelley_Reef_05.png,Mischelley_Reef,train
Mischelley_Reef_05__tile_r0006_c0001,Mischelley_Reef_05.png,Mischelley_Reef,train
Mischelley_Reef_05__tile_r0006_c0002,Mischelley_Reef_05.png,Mischelley_Reef,train
Mischelley_Reef_05__tile_r0006_c0003,Mischelley_Reef_05.png,Mischelley_Reef,train
Mischelley_Reef_05__tile_r0007_c0000,Mischelley_Reef_05.png,Mischelley_Reef,train
Mischelley_Reef_05__tile_r0007_c0001,Mischelley_Reef_05.png,Mischelley_Reef,train
Mischelley_Reef_05__tile_r0007_c0002,Mischelley_Reef_05.png,Mischelley_Reef,train
Mischelley_Reef_05__tile_r0007_c0003,Mischelley_Reef_05.png,Mischelley_Reef,train
Mischelley_Reef_05__tile_r0008_c0000,Mischelley_Reef_05.png,Mischelley_Reef,train
Mischelley_Reef_05__tile_r0008_c0001,Mischelley_Reef_05.png,Mischelley_Reef,train
Mischelley_Reef_05__tile_r0008_c0002,Mischelley_Reef_05.png,Mischelley_Reef,train
Mischelley_Reef_05__tile_r0008_c0003,Mischelley_Reef_05.png,Mischelley_Reef,train
Mischelley_Reef_05__tile_r0009_c0000,Mischelley_Reef_05.png,Mischelley_Reef,train
Mischelley_Reef_05__tile_r0009_c0001,Mischelley_Reef_05.png,Mischelley_Reef,train
Mischelley_Reef_05__tile_r0009_c0002,Mischelley_Reef_05.png,Mischelley_Reef,train
Mischelley_Reef_05__tile_r0009_c0003,Mischelley_Reef_05.png,Mischelley_Reef,train
Mischelley_Reef_05__tile_r0010_c0000,Mischelley_Reef_05.png,Mischelley_Reef,train
Mischelley_Reef_05__tile_r0010_c0001,Mischelley_Reef_05.png,Mischelley_Reef,train
Mischelley_Reef_05__tile_r0010_c0002,Mischelley_Reef_05.png,Mischelley_Reef,train
Mischelley_Reef_05__tile_r0010_c0003,Mischelley_Reef_05.png,Mischelley_Reef,train
Mischelley_Reef_05__tile_r0011_c0000,Mischelley_Reef_05.png,Mischelley_Reef,train
Mischelley_Reef_05__tile_r0011_c0001,Mischelley_Reef_05.png,Mischelley_Reef,train
Mischelley_Reef_05__tile_r0011_c0002,Mischelley_Reef_05.png,Mischelley_Reef,train
Mischelley_Reef_05__tile_r0011_c0003,Mischelley_Reef_05.png,Mischelley_Reef,train
Mischelley_Reef_05__tile_r0012_c0000,Mischelley_Reef_05.png,Mischelley_Reef,train
Mischelley_Reef_05__tile_r0012_c0001,Mischelley_Reef_05.png,Mischelley_Reef,train
Mischelley_Reef_05__tile_r0012_c0002,Mischelley_Reef_05.png,Mischelley_Reef,train
Mischelley_Reef_05__tile_r0012_c0003,Mischelley_Reef_05.png,Mischelley_Reef,train
Mischelley_Reef_05__tile_r0013_c0000,Mischelley_Reef_05.png,Mischelley_Reef,train
Mischelley_Reef_05__tile_r0013_c0001,Mischelley_Reef_05.png,Mischelley_Reef,train
Mischelley_Reef_05__tile_r0013_c0002,Mischelley_Reef_05.png,Mischelley_Reef,train
Mischelley_Reef_05__tile_r0013_c0003,Mischelley_Reef_05.png,Mischelley_Reef,train
Mischelley_Reef_06__tile_r0000_c0000,Mischelley_Reef_06.png,Mischelley_Reef,train
Mischelley_Reef_06__tile_r0000_c0001,Mischelley_Reef_06.png,Mischelley_Reef,train
Mischelley_Reef_06__tile_r0000_c0002,Mischelley_Reef_06.png,Mischelley_Reef,train
Mischelley_Reef_06__tile_r0000_c0003,Mischelley_Reef_06.png,Mischelley_Reef,train
Mischelley_Reef_06__tile_r0001_c0000,Mischelley_Reef_06.png,Mischelley_Reef,train
Mischelley_Reef_06__tile_r0001_c0001,Mischelley_Reef_06.png,Mischelley_Reef,train
Mischelley_Reef_06__tile_r0001_c0002,Mischelley_Reef_06.png,Mischelley_Reef,train
Mischelley_Reef_06__tile_r0001_c0003,Mischelley_Reef_06.png,Mischelley_Reef,train
Mischelley_Reef_06__tile_r0002_c0000,Mischelley_Reef_06.png,Mischelley_Reef,train
Mischelley_Reef_06__tile_r0002_c0001,Mischelley_Reef_06.png,Mischelley_Reef,train
Mischelley_Reef_06__tile_r0002_c0002,Mischelley_Reef_06.png,Mischelley_Reef,train
Mischelley_Reef_06__tile_r0002_c0003,Mischelley_Reef_06.png,Mischelley_Reef,train
Mischelley_Reef_06__tile_r0003_c0000,Mischelley_Reef_06.png,Mischelley_Reef,train
Mischelley_Reef_06__tile_r0003_c0001,Mischelley_Reef_06.png,Mischelley_Reef,train
Mischelley_Reef_06__tile_r0003_c0002,Mischelley_Reef_06.png,Mischelley_Reef,train
Mischelley_Reef_06__tile_r0003_c0003,Mischelley_Reef_06.png,Mischelley_Reef,train
Mischelley_Reef_06__tile_r0004_c0000,Mischelley_Reef_06.png,Mischelley_Reef,train
Mischelley_Reef_06__tile_r0004_c0001,Mischelley_Reef_06.png,Mischelley_Reef,train
Mischelley_Reef_06__tile_r0004_c0002,Mischelley_Reef_06.png,Mischelley_Reef,train
Mischelley_Reef_06__tile_r0004_c0003,Mischelley_Reef_06.png,Mischelley_Reef,train
Mischelley_Reef_06__tile_r0005_c0000,Mischelley_Reef_06.png,Mischelley_Reef,train
Mischelley_Reef_06__tile_r0005_c0001,Mischelley_Reef_06.png,Mischelley_Reef,train
Mischelley_Reef_06__tile_r0005_c0002,Mischelley_Reef_06.png,Mischelley_Reef,train
Mischelley_Reef_06__tile_r0005_c0003,Mischelley_Reef_06.png,Mischelley_Reef,train
Mischelley_Reef_06__tile_r0006_c0000,Mischelley_Reef_06.png,Mischelley_Reef,train
Mischelley_Reef_06__tile_r0006_c0001,Mischelley_Reef_06.png,Mischelley_Reef,train
Mischelley_Reef_06__tile_r0006_c0002,Mischelley_Reef_06.png,Mischelley_Reef,train
Mischelley_Reef_06__tile_r0006_c0003,Mischelley_Reef_06.png,Mischelley_Reef,train
Mischelley_Reef_06__tile_r0007_c0000,Mischelley_Reef_06.png,Mischelley_Reef,train
Mischelley_Reef_06__tile_r0007_c0001,Mischelley_Reef_06.png,Mischelley_Reef,train
Mischelley_Reef_06__tile_r0007_c0002,Mischelley_Reef_06.png,Mischelley_Reef,train
Mischelley_Reef_06__tile_r0007_c0003,Mischelley_Reef_06.png,Mischelley_Reef,train
Mischelley_Reef_06__tile_r0008_c0000,Mischelley_Reef_06.png,Mischelley_Reef,train
Mischelley_Reef_06__tile_r0008_c0001,Mischelley_Reef_06.png,Mischelley_Reef,train
Mischelley_Reef_06__tile_r0008_c0002,Mischelley_Reef_06.png,Mischelley_Reef,train
Mischelley_Reef_06__tile_r0008_c0003,Mischelley_Reef_06.png,Mischelley_Reef,train
Mischelley_Reef_06__tile_r0009_c0000,Mischelley_Reef_06.png,Mischelley_Reef,train
Mischelley_Reef_06__tile_r0009_c0001,Mischelley_Reef_06.png,Mischelley_Reef,train
Mischelley_Reef_06__tile_r0009_c0002,Mischelley_Reef_06.png,Mischelley_Reef,train
Mischelley_Reef_06__tile_r0009_c0003,Mischelley_Reef_06.png,Mischelley_Reef,train
Mischelley_Reef_06__tile_r0010_c0000,Mischelley_Reef_06.png,Mischelley_Reef,train
Mischelley_Reef_06__tile_r0010_c0001,Mischelley_Reef_06.png,Mischelley_Reef,train
Mischelley_Reef_06__tile_r0010_c0002,Mischelley_Reef_06.png,Mischelley_Reef,train
Mischelley_Reef_06__tile_r0010_c0003,Mischelley_Reef_06.png,Mischelley_Reef,train
Mischelley_Reef_06__tile_r0011_c0000,Mischelley_Reef_06.png,Mischelley_Reef,train
Mischelley_Reef_06__tile_r0011_c0001,Mischelley_Reef_06.png,Mischelley_Reef,train
Mischelley_Reef_06__tile_r0011_c0002,Mischelley_Reef_06.png,Mischelley_Reef,train
Mischelley_Reef_06__tile_r0011_c0003,Mischelley_Reef_06.png,Mischelley_Reef,train
Mischelley_Reef_06__tile_r0012_c0000,Mischelley_Reef_06.png,Mischelley_Reef,train
Mischelley_Reef_06__tile_r0012_c0001,Mischelley_Reef_06.png,Mischelley_Reef,train
Mischelley_Reef_06__tile_r0012_c0002,Mischelley_Reef_06.png,Mischelley_Reef,train
Mischelley_Reef_06__tile_r0012_c0003,Mischelley_Reef_06.png,Mischelley_Reef,train
Mischelley_Reef_06__tile_r0013_c0000,Mischelley_Reef_06.png,Mischelley_Reef,train
Mischelley_Reef_06__tile_r0013_c0001,Mischelley_Reef_06.png,Mischelley_Reef,train
Mischelley_Reef_06__tile_r0013_c0002,Mischelley_Reef_06.png,Mischelley_Reef,train
Mischelley_Reef_06__tile_r0013_c0003,Mischelley_Reef_06.png,Mischelley_Reef,train
Mischelley_Reef_07__tile_r0000_c0000,Mischelley_Reef_07.png,Mischelley_Reef,train
Mischelley_Reef_07__tile_r0000_c0001,Mischelley_Reef_07.png,Mischelley_Reef,train
Mischelley_Reef_07__tile_r0000_c0002,Mischelley_Reef_07.png,Mischelley_Reef,train
Mischelley_Reef_07__tile_r0000_c0003,Mischelley_Reef_07.png,Mischelley_Reef,train
Mischelley_Reef_07__tile_r0001_c0000,Mischelley_Reef_07.png,Mischelley_Reef,train
Mischelley_Reef_07__tile_r0001_c0001,Mischelley_Reef_07.png,Mischelley_Reef,train
Mischelley_Reef_07__tile_r0001_c0002,Mischelley_Reef_07.png,Mischelley_Reef,train
Mischelley_Reef_07__tile_r0001_c0003,Mischelley_Reef_07.png,Mischelley_Reef,train
Mischelley_Reef_07__tile_r0002_c0000,Mischelley_Reef_07.png,Mischelley_Reef,train
Mischelley_Reef_07__tile_r0002_c0001,Mischelley_Reef_07.png,Mischelley_Reef,train
Mischelley_Reef_07__tile_r0002_c0002,Mischelley_Reef_07.png,Mischelley_Reef,train
Mischelley_Reef_07__tile_r0002_c0003,Mischelley_Reef_07.png,Mischelley_Reef,train
Mischelley_Reef_07__tile_r0003_c0000,Mischelley_Reef_07.png,Mischelley_Reef,train
Mischelley_Reef_07__tile_r0003_c0001,Mischelley_Reef_07.png,Mischelley_Reef,train
Mischelley_Reef_07__tile_r0003_c0002,Mischelley_Reef_07.png,Mischelley_Reef,train
Mischelley_Reef_07__tile_r0003_c0003,Mischelley_Reef_07.png,Mischelley_Reef,train
Mischelley_Reef_07__tile_r0004_c0000,Mischelley_Reef_07.png,Mischelley_Reef,train
Mischelley_Reef_07__tile_r0004_c0001,Mischelley_Reef_07.png,Mischelley_Reef,train
Mischelley_Reef_07__tile_r0004_c0002,Mischelley_Reef_07.png,Mischelley_Reef,train
Mischelley_Reef_07__tile_r0004_c0003,Mischelley_Reef_07.png,Mischelley_Reef,train
Mischelley_Reef_07__tile_r0005_c0000,Mischelley_Reef_07.png,Mischelley_Reef,train
Mischelley_Reef_07__tile_r0005_c0001,Mischelley_Reef_07.png,Mischelley_Reef,train
Mischelley_Reef_07__tile_r0005_c0002,Mischelley_Reef_07.png,Mischelley_Reef,train
Mischelley_Reef_07__tile_r0005_c0003,Mischelley_Reef_07.png,Mischelley_Reef,train
Mischelley_Reef_07__tile_r0006_c0000,Mischelley_Reef_07.png,Mischelley_Reef,train
Mischelley_Reef_07__tile_r0006_c0001,Mischelley_Reef_07.png,Mischelley_Reef,train
Mischelley_Reef_07__tile_r0006_c0002,Mischelley_Reef_07.png,Mischelley_Reef,train
Mischelley_Reef_07__tile_r0006_c0003,Mischelley_Reef_07.png,Mischelley_Reef,train
Mischelley_Reef_07__tile_r0007_c0000,Mischelley_Reef_07.png,Mischelley_Reef,train
Mischelley_Reef_07__tile_r0007_c0001,Mischelley_Reef_07.png,Mischelley_Reef,train
Mischelley_Reef_07__tile_r0007_c0002,Mischelley_Reef_07.png,Mischelley_Reef,train
Mischelley_Reef_07__tile_r0007_c0003,Mischelley_Reef_07.png,Mischelley_Reef,train
Mischelley_Reef_07__tile_r0008_c0000,Mischelley_Reef_07.png,Mischelley_Reef,train
Mischelley_Reef_07__tile_r0008_c0001,Mischelley_Reef_07.png,Mischelley_Reef,train
Mischelley_Reef_07__tile_r0008_c0002,Mischelley_Reef_07.png,Mischelley_Reef,train
Mischelley_Reef_07__tile_r0008_c0003,Mischelley_Reef_07.png,Mischelley_Reef,train
Mischelley_Reef_07__tile_r0009_c0000,Mischelley_Reef_07.png,Mischelley_Reef,train
Mischelley_Reef_07__tile_r0009_c0001,Mischelley_Reef_07.png,Mischelley_Reef,train
Mischelley_Reef_07__tile_r0009_c0002,Mischelley_Reef_07.png,Mischelley_Reef,train
Mischelley_Reef_07__tile_r0009_c0003,Mischelley_Reef_07.png,Mischelley_Reef,train
Mischelley_Reef_07__tile_r0010_c0000,Mischelley_Reef_07.png,Mischelley_Reef,train
Mischelley_Reef_07__tile_r0010_c0001,Mischelley_Reef_07.png,Mischelley_Reef,train
Mischelley_Reef_07__tile_r0010_c0002,Mischelley_Reef_07.png,Mischelley_Reef,train
Mischelley_Reef_07__tile_r0010_c0003,Mischelley_Reef_07.png,Mischelley_Reef,train
Mischelley_Reef_08__tile_r0000_c0000,Mischelley_Reef_08.png,Mischelley_Reef,train
Mischelley_Reef_08__tile_r0000_c0001,Mischelley_Reef_08.png,Mischelley_Reef,train
Mischelley_Reef_08__tile_r0000_c0002,Mischelley_Reef_08.png,Mischelley_Reef,train
Mischelley_Reef_08__tile_r0000_c0003,Mischelley_Reef_08.png,Mischelley_Reef,train
Mischelley_Reef_08__tile_r0001_c0000,Mischelley_Reef_08.png,Mischelley_Reef,train
Mischelley_Reef_08__tile_r0001_c0001,Mischelley_Reef_08.png,Mischelley_Reef,train
Mischelley_Reef_08__tile_r0001_c0002,Mischelley_Reef_08.png,Mischelley_Reef,train
Mischelley_Reef_08__tile_r0001_c0003,Mischelley_Reef_08.png,Mischelley_Reef,train
Mischelley_Reef_08__tile_r0002_c0000,Mischelley_Reef_08.png,Mischelley_Reef,train
Mischelley_Reef_08__tile_r0002_c0001,Mischelley_Reef_08.png,Mischelley_Reef,train
Mischelley_Reef_08__tile_r0002_c0002,Mischelley_Reef_08.png,Mischelley_Reef,train
Mischelley_Reef_08__tile_r0002_c0003,Mischelley_Reef_08.png,Mischelley_Reef,train
Mischelley_Reef_08__tile_r0003_c0000,Mischelley_Reef_08.png,Mischelley_Reef,train
Mischelley_Reef_08__tile_r0003_c0001,Mischelley_Reef_08.png,Mischelley_Reef,train
Mischelley_Reef_08__tile_r0003_c0002,Mischelley_Reef_08.png,Mischelley_Reef,train
Mischelley_Reef_08__tile_r0003_c0003,Mischelley_Reef_08.png,Mischelley_Reef,train
Mischelley_Reef_08__tile_r0004_c0000,Mischelley_Reef_08.png,Mischelley_Reef,train
Mischelley_Reef_08__tile_r0004_c0001,Mischelley_Reef_08.png,Mischelley_Reef,train
Mischelley_Reef_08__tile_r0004_c0002,Mischelley_Reef_08.png,Mischelley_Reef,train
Mischelley_Reef_08__tile_r0004_c0003,Mischelley_Reef_08.png,Mischelley_Reef,train
Mischelley_Reef_08__tile_r0005_c0000,Mischelley_Reef_08.png,Mischelley_Reef,train
Mischelley_Reef_08__tile_r0005_c0001,Mischelley_Reef_08.png,Mischelley_Reef,train
Mischelley_Reef_08__tile_r0005_c0002,Mischelley_Reef_08.png,Mischelley_Reef,train
Mischelley_Reef_08__tile_r0005_c0003,Mischelley_Reef_08.png,Mischelley_Reef,train
Mischelley_Reef_08__tile_r0006_c0000,Mischelley_Reef_08.png,Mischelley_Reef,train
Mischelley_Reef_08__tile_r0006_c0001,Mischelley_Reef_08.png,Mischelley_Reef,train
Mischelley_Reef_08__tile_r0006_c0002,Mischelley_Reef_08.png,Mischelley_Reef,train
Mischelley_Reef_08__tile_r0006_c0003,Mischelley_Reef_08.png,Mischelley_Reef,train
Mischelley_Reef_08__tile_r0007_c0000,Mischelley_Reef_08.png,Mischelley_Reef,train
Mischelley_Reef_08__tile_r0007_c0001,Mischelley_Reef_08.png,Mischelley_Reef,train
Mischelley_Reef_08__tile_r0007_c0002,Mischelley_Reef_08.png,Mischelley_Reef,train
Mischelley_Reef_08__tile_r0007_c0003,Mischelley_Reef_08.png,Mischelley_Reef,train
Mischelley_Reef_08__tile_r0008_c0000,Mischelley_Reef_08.png,Mischelley_Reef,train
Mischelley_Reef_08__tile_r0008_c0001,Mischelley_Reef_08.png,Mischelley_Reef,train
Mischelley_Reef_08__tile_r0008_c0002,Mischelley_Reef_08.png,Mischelley_Reef,train
Mischelley_Reef_08__tile_r0008_c0003,Mischelley_Reef_08.png,Mischelley_Reef,train
Mischelley_Reef_08__tile_r0009_c0000,Mischelley_Reef_08.png,Mischelley_Reef,train
Mischelley_Reef_08__tile_r0009_c0001,Mischelley_Reef_08.png,Mischelley_Reef,train
Mischelley_Reef_08__tile_r0009_c0002,Mischelley_Reef_08.png,Mischelley_Reef,train
Mischelley_Reef_08__tile_r0009_c0003,Mischelley_Reef_08.png,Mischelley_Reef,train
Mischelley_Reef_08__tile_r0010_c0000,Mischelley_Reef_08.png,Mischelley_Reef,train
Mischelley_Reef_08__tile_r0010_c0001,Mischelley_Reef_08.png,Mischelley_Reef,train
Mischelley_Reef_08__tile_r0010_c0002,Mischelley_Reef_08.png,Mischelley_Reef,train
Mischelley_Reef_08__tile_r0010_c0003,Mischelley_Reef_08.png,Mischelley_Reef,train
Mischelley_Reef_08__tile_r0011_c0000,Mischelley_Reef_08.png,Mischelley_Reef,train
Mischelley_Reef_08__tile_r0011_c0001,Mischelley_Reef_08.png,Mischelley_Reef,train
Mischelley_Reef_08__tile_r0011_c0002,Mischelley_Reef_08.png,Mischelley_Reef,train
Mischelley_Reef_08__tile_r0011_c0003,Mischelley_Reef_08.png,Mischelley_Reef,train
Artificial_Reef_01__tile_r0000_c0000,Artificial_Reef_01.png,Artificial_Reef,val
Artificial_Reef_01__tile_r0000_c0001,Artificial_Reef_01.png,Artificial_Reef,val
Artificial_Reef_01__tile_r0000_c0002,Artificial_Reef_01.png,Artificial_Reef,val
Artificial_Reef_01__tile_r0000_c0003,Artificial_Reef_01.png,Artificial_Reef,val
Artificial_Reef_01__tile_r0001_c0000,Artificial_Reef_01.png,Artificial_Reef,val
Artificial_Reef_01__tile_r0001_c0001,Artificial_Reef_01.png,Artificial_Reef,val
Artificial_Reef_01__tile_r0001_c0002,Artificial_Reef_01.png,Artificial_Reef,val
Artificial_Reef_01__tile_r0001_c0003,Artificial_Reef_01.png,Artificial_Reef,val
Artificial_Reef_01__tile_r0002_c0000,Artificial_Reef_01.png,Artificial_Reef,val
Artificial_Reef_01__tile_r0002_c0001,Artificial_Reef_01.png,Artificial_Reef,val
Artificial_Reef_01__tile_r0002_c0002,Artificial_Reef_01.png,Artificial_Reef,val
Artificial_Reef_01__tile_r0002_c0003,Artificial_Reef_01.png,Artificial_Reef,val
Artificial_Reef_01__tile_r0003_c0000,Artificial_Reef_01.png,Artificial_Reef,val
Artificial_Reef_01__tile_r0003_c0001,Artificial_Reef_01.png,Artificial_Reef,val
Artificial_Reef_01__tile_r0003_c0002,Artificial_Reef_01.png,Artificial_Reef,val
Artificial_Reef_01__tile_r0003_c0003,Artificial_Reef_01.png,Artificial_Reef,val
Artificial_Reef_01__tile_r0004_c0000,Artificial_Reef_01.png,Artificial_Reef,val
Artificial_Reef_01__tile_r0004_c0001,Artificial_Reef_01.png,Artificial_Reef,val
Artificial_Reef_01__tile_r0004_c0002,Artificial_Reef_01.png,Artificial_Reef,val
Artificial_Reef_01__tile_r0004_c0003,Artificial_Reef_01.png,Artificial_Reef,val
Artificial_Reef_02__tile_r0000_c0000,Artificial_Reef_02.png,Artificial_Reef,val
Artificial_Reef_02__tile_r0000_c0001,Artificial_Reef_02.png,Artificial_Reef,val
Artificial_Reef_02__tile_r0000_c0002,Artificial_Reef_02.png,Artificial_Reef,val
Artificial_Reef_02__tile_r0000_c0003,Artificial_Reef_02.png,Artificial_Reef,val
Artificial_Reef_02__tile_r0001_c0000,Artificial_Reef_02.png,Artificial_Reef,val
Artificial_Reef_02__tile_r0001_c0001,Artificial_Reef_02.png,Artificial_Reef,val
Artificial_Reef_02__tile_r0001_c0002,Artificial_Reef_02.png,Artificial_Reef,val
Artificial_Reef_02__tile_r0001_c0003,Artificial_Reef_02.png,Artificial_Reef,val
Artificial_Reef_02__tile_r0002_c0000,Artificial_Reef_02.png,Artificial_Reef,val
Artificial_Reef_02__tile_r0002_c0001,Artificial_Reef_02.png,Artificial_Reef,val
Artificial_Reef_02__tile_r0002_c0002,Artificial_Reef_02.png,Artificial_Reef,val
Artificial_Reef_02__tile_r0002_c0003,Artificial_Reef_02.png,Artificial_Reef,val
Artificial_Reef_02__tile_r0003_c0000,Artificial_Reef_02.png,Artificial_Reef,val
Artificial_Reef_02__tile_r0003_c0001,Artificial_Reef_02.png,Artificial_Reef,val
Artificial_Reef_02__tile_r0003_c0002,Artificial_Reef_02.png,Artificial_Reef,val
Artificial_Reef_02__tile_r0003_c0003,Artificial_Reef_02.png,Artificial_Reef,val
Artificial_Reef_02__tile_r0004_c0000,Artificial_Reef_02.png,Artificial_Reef,val
Artificial_Reef_02__tile_r0004_c0001,Artificial_Reef_02.png,Artificial_Reef,val
Artificial_Reef_02__tile_r0004_c0002,Artificial_Reef_02.png,Artificial_Reef,val
Artificial_Reef_02__tile_r0004_c0003,Artificial_Reef_02.png,Artificial_Reef,val
Artificial_Reef_03__tile_r0000_c0000,Artificial_Reef_03.png,Artificial_Reef,val
Artificial_Reef_03__tile_r0000_c0001,Artificial_Reef_03.png,Artificial_Reef,val
Artificial_Reef_03__tile_r0000_c0002,Artificial_Reef_03.png,Artificial_Reef,val
Artificial_Reef_03__tile_r0000_c0003,Artificial_Reef_03.png,Artificial_Reef,val
Artificial_Reef_03__tile_r0001_c0000,Artificial_Reef_03.png,Artificial_Reef,val
Artificial_Reef_03__tile_r0001_c0001,Artificial_Reef_03.png,Artificial_Reef,val
Artificial_Reef_03__tile_r0001_c0002,Artificial_Reef_03.png,Artificial_Reef,val
Artificial_Reef_03__tile_r0001_c0003,Artificial_Reef_03.png,Artificial_Reef,val
Artificial_Reef_03__tile_r0002_c0000,Artificial_Reef_03.png,Artificial_Reef,val
Artificial_Reef_03__tile_r0002_c0001,Artificial_Reef_03.png,Artificial_Reef,val
Artificial_Reef_03__tile_r0002_c0002,Artificial_Reef_03.png,Artificial_Reef,val
Artificial_Reef_03__tile_r0002_c0003,Artificial_Reef_03.png,Artificial_Reef,val
Artificial_Reef_03__tile_r0003_c0000,Artificial_Reef_03.png,Artificial_Reef,val
Artificial_Reef_03__tile_r0003_c0001,Artificial_Reef_03.png,Artificial_Reef,val
Artificial_Reef_03__tile_r0003_c0002,Artificial_Reef_03.png,Artificial_Reef,val
Artificial_Reef_03__tile_r0003_c0003,Artificial_Reef_03.png,Artificial_Reef,val
Artificial_Reef_03__tile_r0004_c0000,Artificial_Reef_03.png,Artificial_Reef,val
Artificial_Reef_03__tile_r0004_c0001,Artificial_Reef_03.png,Artificial_Reef,val
Artificial_Reef_03__tile_r0004_c0002,Artificial_Reef_03.png,Artificial_Reef,val
Artificial_Reef_03__tile_r0004_c0003,Artificial_Reef_03.png,Artificial_Reef,val
Artificial_Reef_04__tile_r0000_c0000,Artificial_Reef_04.png,Artificial_Reef,val
Artificial_Reef_04__tile_r0000_c0001,Artificial_Reef_04.png,Artificial_Reef,val
Artificial_Reef_04__tile_r0000_c0002,Artificial_Reef_04.png,Artificial_Reef,val
Artificial_Reef_04__tile_r0000_c0003,Artificial_Reef_04.png,Artificial_Reef,val
Artificial_Reef_04__tile_r0001_c0000,Artificial_Reef_04.png,Artificial_Reef,val
Artificial_Reef_04__tile_r0001_c0001,Artificial_Reef_04.png,Artificial_Reef,val
Artificial_Reef_04__tile_r0001_c0002,Artificial_Reef_04.png,Artificial_Reef,val
Artificial_Reef_04__tile_r0001_c0003,Artificial_Reef_04.png,Artificial_Reef,val
Artificial_Reef_04__tile_r0002_c0000,Artificial_Reef_04.png,Artificial_Reef,val
Artificial_Reef_04__tile_r0002_c0001,Artificial_Reef_04.png,Artificial_Reef,val
Artificial_Reef_04__tile_r0002_c0002,Artificial_Reef_04.png,Artificial_Reef,val
Artificial_Reef_04__tile_r0002_c0003,Artificial_Reef_04.png,Artificial_Reef,val
Artificial_Reef_04__tile_r0003_c0000,Artificial_Reef_04.png,Artificial_Reef,val
Artificial_Reef_04__tile_r0003_c0001,Artificial_Reef_04.png,Artificial_Reef,val
Artificial_Reef_04__tile_r0003_c0002,Artificial_Reef_04.png,Artificial_Reef,val
Artificial_Reef_04__tile_r0003_c0003,Artificial_Reef_04.png,Artificial_Reef,val
Artificial_Reef_04__tile_r0004_c0000,Artificial_Reef_04.png,Artificial_Reef,val
Artificial_Reef_04__tile_r0004_c0001,Artificial_Reef_04.png,Artificial_Reef,val
Artificial_Reef_04__tile_r0004_c0002,Artificial_Reef_04.png,Artificial_Reef,val
Artificial_Reef_04__tile_r0004_c0003,Artificial_Reef_04.png,Artificial_Reef,val
Artificial_Reef_05__tile_r0000_c0000,Artificial_Reef_05.png,Artificial_Reef,val
Artificial_Reef_05__tile_r0000_c0001,Artificial_Reef_05.png,Artificial_Reef,val
Artificial_Reef_05__tile_r0000_c0002,Artificial_Reef_05.png,Artificial_Reef,val
Artificial_Reef_05__tile_r0000_c0003,Artificial_Reef_05.png,Artificial_Reef,val
Artificial_Reef_05__tile_r0001_c0000,Artificial_Reef_05.png,Artificial_Reef,val
Artificial_Reef_05__tile_r0001_c0001,Artificial_Reef_05.png,Artificial_Reef,val
Artificial_Reef_05__tile_r0001_c0002,Artificial_Reef_05.png,Artificial_Reef,val
Artificial_Reef_05__tile_r0001_c0003,Artificial_Reef_05.png,Artificial_Reef,val
Artificial_Reef_05__tile_r0002_c0000,Artificial_Reef_05.png,Artificial_Reef,val
Artificial_Reef_05__tile_r0002_c0001,Artificial_Reef_05.png,Artificial_Reef,val
Artificial_Reef_05__tile_r0002_c0002,Artificial_Reef_05.png,Artificial_Reef,val
Artificial_Reef_05__tile_r0002_c0003,Artificial_Reef_05.png,Artificial_Reef,val
Artificial_Reef_05__tile_r0003_c0000,Artificial_Reef_05.png,Artificial_Reef,val
Artificial_Reef_05__tile_r0003_c0001,Artificial_Reef_05.png,Artificial_Reef,val
Artificial_Reef_05__tile_r0003_c0002,Artificial_Reef_05.png,Artificial_Reef,val
Artificial_Reef_05__tile_r0003_c0003,Artificial_Reef_05.png,Artificial_Reef,val
Artificial_Reef_05__tile_r0004_c0000,Artificial_Reef_05.png,Artificial_Reef,val
Artificial_Reef_05__tile_r0004_c0001,Artificial_Reef_05.png,Artificial_Reef,val
Artificial_Reef_05__tile_r0004_c0002,Artificial_Reef_05.png,Artificial_Reef,val
Artificial_Reef_05__tile_r0004_c0003,Artificial_Reef_05.png,Artificial_Reef,val
Artificial_Reef_06__tile_r0000_c0000,Artificial_Reef_06.png,Artificial_Reef,val
Artificial_Reef_06__tile_r0000_c0001,Artificial_Reef_06.png,Artificial_Reef,val
Artificial_Reef_06__tile_r0000_c0002,Artificial_Reef_06.png,Artificial_Reef,val
Artificial_Reef_06__tile_r0000_c0003,Artificial_Reef_06.png,Artificial_Reef,val
Artificial_Reef_06__tile_r0001_c0000,Artificial_Reef_06.png,Artificial_Reef,val
Artificial_Reef_06__tile_r0001_c0001,Artificial_Reef_06.png,Artificial_Reef,val
Artificial_Reef_06__tile_r0001_c0002,Artificial_Reef_06.png,Artificial_Reef,val
Artificial_Reef_06__tile_r0001_c0003,Artificial_Reef_06.png,Artificial_Reef,val
Artificial_Reef_06__tile_r0002_c0000,Artificial_Reef_06.png,Artificial_Reef,val
Artificial_Reef_06__tile_r0002_c0001,Artificial_Reef_06.png,Artificial_Reef,val
Artificial_Reef_06__tile_r0002_c0002,Artificial_Reef_06.png,Artificial_Reef,val
Artificial_Reef_06__tile_r0002_c0003,Artificial_Reef_06.png,Artificial_Reef,val
Artificial_Reef_06__tile_r0003_c0000,Artificial_Reef_06.png,Artificial_Reef,val
Artificial_Reef_06__tile_r0003_c0001,Artificial_Reef_06.png,Artificial_Reef,val
Artificial_Reef_06__tile_r0003_c0002,Artificial_Reef_06.png,Artificial_Reef,val
Artificial_Reef_06__tile_r0003_c0003,Artificial_Reef_06.png,Artificial_Reef,val
Artificial_Reef_06__tile_r0004_c0000,Artificial_Reef_06.png,Artificial_Reef,val
Artificial_Reef_06__tile_r0004_c0001,Artificial_Reef_06.png,Artificial_Reef,val
Artificial_Reef_06__tile_r0004_c0002,Artificial_Reef_06.png,Artificial_Reef,val
Artificial_Reef_06__tile_r0004_c0003,Artificial_Reef_06.png,Artificial_Reef,val
Barge_No_1_01__tile_r0000_c0000,Barge_No_1_01.png,Barge_No_1,train
Barge_No_1_01__tile_r0000_c0001,Barge_No_1_01.png,Barge_No_1,train
Barge_No_1_01__tile_r0000_c0002,Barge_No_1_01.png,Barge_No_1,train
Barge_No_1_01__tile_r0000_c0003,Barge_No_1_01.png,Barge_No_1,train
Barge_No_1_01__tile_r0001_c0000,Barge_No_1_01.png,Barge_No_1,train
Barge_No_1_01__tile_r0001_c0001,Barge_No_1_01.png,Barge_No_1,train
Barge_No_1_01__tile_r0001_c0002,Barge_No_1_01.png,Barge_No_1,train
Barge_No_1_01__tile_r0001_c0003,Barge_No_1_01.png,Barge_No_1,train
Barge_No_1_01__tile_r0002_c0000,Barge_No_1_01.png,Barge_No_1,train
Barge_No_1_01__tile_r0002_c0001,Barge_No_1_01.png,Barge_No_1,train
Barge_No_1_01__tile_r0002_c0002,Barge_No_1_01.png,Barge_No_1,train
Barge_No_1_01__tile_r0002_c0003,Barge_No_1_01.png,Barge_No_1,train
Barge_No_1_01__tile_r0003_c0000,Barge_No_1_01.png,Barge_No_1,train
Barge_No_1_01__tile_r0003_c0001,Barge_No_1_01.png,Barge_No_1,train
Barge_No_1_01__tile_r0003_c0002,Barge_No_1_01.png,Barge_No_1,train
Barge_No_1_01__tile_r0003_c0003,Barge_No_1_01.png,Barge_No_1,train
Barge_No_1_01__tile_r0004_c0000,Barge_No_1_01.png,Barge_No_1,train
Barge_No_1_01__tile_r0004_c0001,Barge_No_1_01.png,Barge_No_1,train
Barge_No_1_01__tile_r0004_c0002,Barge_No_1_01.png,Barge_No_1,train
Barge_No_1_01__tile_r0004_c0003,Barge_No_1_01.png,Barge_No_1,train
Barge_No_1_01__tile_r0005_c0000,Barge_No_1_01.png,Barge_No_1,train
Barge_No_1_01__tile_r0005_c0001,Barge_No_1_01.png,Barge_No_1,train
Barge_No_1_01__tile_r0005_c0002,Barge_No_1_01.png,Barge_No_1,train
Barge_No_1_01__tile_r0005_c0003,Barge_No_1_01.png,Barge_No_1,train
Barge_No_1_02__tile_r0000_c0000,Barge_No_1_02.png,Barge_No_1,train
Barge_No_1_02__tile_r0000_c0001,Barge_No_1_02.png,Barge_No_1,train
Barge_No_1_02__tile_r0000_c0002,Barge_No_1_02.png,Barge_No_1,train
Barge_No_1_02__tile_r0000_c0003,Barge_No_1_02.png,Barge_No_1,train
Barge_No_1_02__tile_r0001_c0000,Barge_No_1_02.png,Barge_No_1,train
Barge_No_1_02__tile_r0001_c0001,Barge_No_1_02.png,Barge_No_1,train
Barge_No_1_02__tile_r0001_c0002,Barge_No_1_02.png,Barge_No_1,train
Barge_No_1_02__tile_r0001_c0003,Barge_No_1_02.png,Barge_No_1,train
Barge_No_1_02__tile_r0002_c0000,Barge_No_1_02.png,Barge_No_1,train
Barge_No_1_02__tile_r0002_c0001,Barge_No_1_02.png,Barge_No_1,train
Barge_No_1_02__tile_r0002_c0002,Barge_No_1_02.png,Barge_No_1,train
Barge_No_1_02__tile_r0002_c0003,Barge_No_1_02.png,Barge_No_1,train
Barge_No_1_02__tile_r0003_c0000,Barge_No_1_02.png,Barge_No_1,train
Barge_No_1_02__tile_r0003_c0001,Barge_No_1_02.png,Barge_No_1,train
Barge_No_1_02__tile_r0003_c0002,Barge_No_1_02.png,Barge_No_1,train
Barge_No_1_02__tile_r0003_c0003,Barge_No_1_02.png,Barge_No_1,train
Barge_No_1_02__tile_r0004_c0000,Barge_No_1_02.png,Barge_No_1,train
Barge_No_1_02__tile_r0004_c0001,Barge_No_1_02.png,Barge_No_1,train
Barge_No_1_02__tile_r0004_c0002,Barge_No_1_02.png,Barge_No_1,train
Barge_No_1_02__tile_r0004_c0003,Barge_No_1_02.png,Barge_No_1,train
Barge_No_1_02__tile_r0005_c0000,Barge_No_1_02.png,Barge_No_1,train
Barge_No_1_02__tile_r0005_c0001,Barge_No_1_02.png,Barge_No_1,train
Barge_No_1_02__tile_r0005_c0002,Barge_No_1_02.png,Barge_No_1,train
Barge_No_1_02__tile_r0005_c0003,Barge_No_1_02.png,Barge_No_1,train
Barge_No_1_03__tile_r0000_c0000,Barge_No_1_03.png,Barge_No_1,train
Barge_No_1_03__tile_r0000_c0001,Barge_No_1_03.png,Barge_No_1,train
Barge_No_1_03__tile_r0000_c0002,Barge_No_1_03.png,Barge_No_1,train
Barge_No_1_03__tile_r0000_c0003,Barge_No_1_03.png,Barge_No_1,train
Barge_No_1_03__tile_r0001_c0000,Barge_No_1_03.png,Barge_No_1,train
Barge_No_1_03__tile_r0001_c0001,Barge_No_1_03.png,Barge_No_1,train
Barge_No_1_03__tile_r0001_c0002,Barge_No_1_03.png,Barge_No_1,train
Barge_No_1_03__tile_r0001_c0003,Barge_No_1_03.png,Barge_No_1,train
Barge_No_1_03__tile_r0002_c0000,Barge_No_1_03.png,Barge_No_1,train
Barge_No_1_03__tile_r0002_c0001,Barge_No_1_03.png,Barge_No_1,train
Barge_No_1_03__tile_r0002_c0002,Barge_No_1_03.png,Barge_No_1,train
Barge_No_1_03__tile_r0002_c0003,Barge_No_1_03.png,Barge_No_1,train
Barge_No_1_03__tile_r0003_c0000,Barge_No_1_03.png,Barge_No_1,train
Barge_No_1_03__tile_r0003_c0001,Barge_No_1_03.png,Barge_No_1,train
Barge_No_1_03__tile_r0003_c0002,Barge_No_1_03.png,Barge_No_1,train
Barge_No_1_03__tile_r0003_c0003,Barge_No_1_03.png,Barge_No_1,train
Barge_No_1_03__tile_r0004_c0000,Barge_No_1_03.png,Barge_No_1,train
Barge_No_1_03__tile_r0004_c0001,Barge_No_1_03.png,Barge_No_1,train
Barge_No_1_03__tile_r0004_c0002,Barge_No_1_03.png,Barge_No_1,train
Barge_No_1_03__tile_r0004_c0003,Barge_No_1_03.png,Barge_No_1,train
Barge_No_1_03__tile_r0005_c0000,Barge_No_1_03.png,Barge_No_1,train
Barge_No_1_03__tile_r0005_c0001,Barge_No_1_03.png,Barge_No_1,train
Barge_No_1_03__tile_r0005_c0002,Barge_No_1_03.png,Barge_No_1,train
Barge_No_1_03__tile_r0005_c0003,Barge_No_1_03.png,Barge_No_1,train
Barge_No_1_04__tile_r0000_c0000,Barge_No_1_04.png,Barge_No_1,train
Barge_No_1_04__tile_r0000_c0001,Barge_No_1_04.png,Barge_No_1,train
Barge_No_1_04__tile_r0000_c0002,Barge_No_1_04.png,Barge_No_1,train
Barge_No_1_04__tile_r0000_c0003,Barge_No_1_04.png,Barge_No_1,train
Barge_No_1_04__tile_r0001_c0000,Barge_No_1_04.png,Barge_No_1,train
Barge_No_1_04__tile_r0001_c0001,Barge_No_1_04.png,Barge_No_1,train
Barge_No_1_04__tile_r0001_c0002,Barge_No_1_04.png,Barge_No_1,train
Barge_No_1_04__tile_r0001_c0003,Barge_No_1_04.png,Barge_No_1,train
Barge_No_1_04__tile_r0002_c0000,Barge_No_1_04.png,Barge_No_1,train
Barge_No_1_04__tile_r0002_c0001,Barge_No_1_04.png,Barge_No_1,train
Barge_No_1_04__tile_r0002_c0002,Barge_No_1_04.png,Barge_No_1,train
Barge_No_1_04__tile_r0002_c0003,Barge_No_1_04.png,Barge_No_1,train
Barge_No_1_04__tile_r0003_c0000,Barge_No_1_04.png,Barge_No_1,train
Barge_No_1_04__tile_r0003_c0001,Barge_No_1_04.png,Barge_No_1,train
Barge_No_1_04__tile_r0003_c0002,Barge_No_1_04.png,Barge_No_1,train
Barge_No_1_04__tile_r0003_c0003,Barge_No_1_04.png,Barge_No_1,train
Barge_No_1_04__tile_r0004_c0000,Barge_No_1_04.png,Barge_No_1,train
Barge_No_1_04__tile_r0004_c0001,Barge_No_1_04.png,Barge_No_1,train
Barge_No_1_04__tile_r0004_c0002,Barge_No_1_04.png,Barge_No_1,train
Barge_No_1_04__tile_r0004_c0003,Barge_No_1_04.png,Barge_No_1,train
Barge_No_1_04__tile_r0005_c0000,Barge_No_1_04.png,Barge_No_1,train
Barge_No_1_04__tile_r0005_c0001,Barge_No_1_04.png,Barge_No_1,train
Barge_No_1_04__tile_r0005_c0002,Barge_No_1_04.png,Barge_No_1,train
Barge_No_1_04__tile_r0005_c0003,Barge_No_1_04.png,Barge_No_1,train
Barge_No_1_05__tile_r0000_c0000,Barge_No_1_05.png,Barge_No_1,train
Barge_No_1_05__tile_r0000_c0001,Barge_No_1_05.png,Barge_No_1,train
Barge_No_1_05__tile_r0000_c0002,Barge_No_1_05.png,Barge_No_1,train
Barge_No_1_05__tile_r0000_c0003,Barge_No_1_05.png,Barge_No_1,train
Barge_No_1_05__tile_r0001_c0000,Barge_No_1_05.png,Barge_No_1,train
Barge_No_1_05__tile_r0001_c0001,Barge_No_1_05.png,Barge_No_1,train
Barge_No_1_05__tile_r0001_c0002,Barge_No_1_05.png,Barge_No_1,train
Barge_No_1_05__tile_r0001_c0003,Barge_No_1_05.png,Barge_No_1,train
Barge_No_1_05__tile_r0002_c0000,Barge_No_1_05.png,Barge_No_1,train
Barge_No_1_05__tile_r0002_c0001,Barge_No_1_05.png,Barge_No_1,train
Barge_No_1_05__tile_r0002_c0002,Barge_No_1_05.png,Barge_No_1,train
Barge_No_1_05__tile_r0002_c0003,Barge_No_1_05.png,Barge_No_1,train
Barge_No_1_05__tile_r0003_c0000,Barge_No_1_05.png,Barge_No_1,train
Barge_No_1_05__tile_r0003_c0001,Barge_No_1_05.png,Barge_No_1,train
Barge_No_1_05__tile_r0003_c0002,Barge_No_1_05.png,Barge_No_1,train
Barge_No_1_05__tile_r0003_c0003,Barge_No_1_05.png,Barge_No_1,train
Barge_No_1_05__tile_r0004_c0000,Barge_No_1_05.png,Barge_No_1,train
Barge_No_1_05__tile_r0004_c0001,Barge_No_1_05.png,Barge_No_1,train
Barge_No_1_05__tile_r0004_c0002,Barge_No_1_05.png,Barge_No_1,train
Barge_No_1_05__tile_r0004_c0003,Barge_No_1_05.png,Barge_No_1,train
Barge_No_1_05__tile_r0005_c0000,Barge_No_1_05.png,Barge_No_1,train
Barge_No_1_05__tile_r0005_c0001,Barge_No_1_05.png,Barge_No_1,train
Barge_No_1_05__tile_r0005_c0002,Barge_No_1_05.png,Barge_No_1,train
Barge_No_1_05__tile_r0005_c0003,Barge_No_1_05.png,Barge_No_1,train
Barge_No_1_06__tile_r0000_c0000,Barge_No_1_06.png,Barge_No_1,train
Barge_No_1_06__tile_r0000_c0001,Barge_No_1_06.png,Barge_No_1,train
Barge_No_1_06__tile_r0000_c0002,Barge_No_1_06.png,Barge_No_1,train
Barge_No_1_06__tile_r0000_c0003,Barge_No_1_06.png,Barge_No_1,train
Barge_No_1_06__tile_r0001_c0000,Barge_No_1_06.png,Barge_No_1,train
Barge_No_1_06__tile_r0001_c0001,Barge_No_1_06.png,Barge_No_1,train
Barge_No_1_06__tile_r0001_c0002,Barge_No_1_06.png,Barge_No_1,train
Barge_No_1_06__tile_r0001_c0003,Barge_No_1_06.png,Barge_No_1,train
Barge_No_1_06__tile_r0002_c0000,Barge_No_1_06.png,Barge_No_1,train
Barge_No_1_06__tile_r0002_c0001,Barge_No_1_06.png,Barge_No_1,train
Barge_No_1_06__tile_r0002_c0002,Barge_No_1_06.png,Barge_No_1,train
Barge_No_1_06__tile_r0002_c0003,Barge_No_1_06.png,Barge_No_1,train
Barge_No_1_06__tile_r0003_c0000,Barge_No_1_06.png,Barge_No_1,train
Barge_No_1_06__tile_r0003_c0001,Barge_No_1_06.png,Barge_No_1,train
Barge_No_1_06__tile_r0003_c0002,Barge_No_1_06.png,Barge_No_1,train
Barge_No_1_06__tile_r0003_c0003,Barge_No_1_06.png,Barge_No_1,train
Barge_No_1_06__tile_r0004_c0000,Barge_No_1_06.png,Barge_No_1,train
Barge_No_1_06__tile_r0004_c0001,Barge_No_1_06.png,Barge_No_1,train
Barge_No_1_06__tile_r0004_c0002,Barge_No_1_06.png,Barge_No_1,train
Barge_No_1_06__tile_r0004_c0003,Barge_No_1_06.png,Barge_No_1,train
Barge_No_1_06__tile_r0005_c0000,Barge_No_1_06.png,Barge_No_1,train
Barge_No_1_06__tile_r0005_c0001,Barge_No_1_06.png,Barge_No_1,train
Barge_No_1_06__tile_r0005_c0002,Barge_No_1_06.png,Barge_No_1,train
Barge_No_1_06__tile_r0005_c0003,Barge_No_1_06.png,Barge_No_1,train
Barge_No_1_07__tile_r0000_c0000,Barge_No_1_07.png,Barge_No_1,train
Barge_No_1_07__tile_r0000_c0001,Barge_No_1_07.png,Barge_No_1,train
Barge_No_1_07__tile_r0000_c0002,Barge_No_1_07.png,Barge_No_1,train
Barge_No_1_07__tile_r0000_c0003,Barge_No_1_07.png,Barge_No_1,train
Barge_No_1_07__tile_r0001_c0000,Barge_No_1_07.png,Barge_No_1,train
Barge_No_1_07__tile_r0001_c0001,Barge_No_1_07.png,Barge_No_1,train
Barge_No_1_07__tile_r0001_c0002,Barge_No_1_07.png,Barge_No_1,train
Barge_No_1_07__tile_r0001_c0003,Barge_No_1_07.png,Barge_No_1,train
Barge_No_1_07__tile_r0002_c0000,Barge_No_1_07.png,Barge_No_1,train
Barge_No_1_07__tile_r0002_c0001,Barge_No_1_07.png,Barge_No_1,train
Barge_No_1_07__tile_r0002_c0002,Barge_No_1_07.png,Barge_No_1,train
Barge_No_1_07__tile_r0002_c0003,Barge_No_1_07.png,Barge_No_1,train
Barge_No_1_07__tile_r0003_c0000,Barge_No_1_07.png,Barge_No_1,train
Barge_No_1_07__tile_r0003_c0001,Barge_No_1_07.png,Barge_No_1,train
Barge_No_1_07__tile_r0003_c0002,Barge_No_1_07.png,Barge_No_1,train
Barge_No_1_07__tile_r0003_c0003,Barge_No_1_07.png,Barge_No_1,train
Barge_No_1_07__tile_r0004_c0000,Barge_No_1_07.png,Barge_No_1,train
Barge_No_1_07__tile_r0004_c0001,Barge_No_1_07.png,Barge_No_1,train
Barge_No_1_07__tile_r0004_c0002,Barge_No_1_07.png,Barge_No_1,train
Barge_No_1_07__tile_r0004_c0003,Barge_No_1_07.png,Barge_No_1,train
Barge_No_1_07__tile_r0005_c0000,Barge_No_1_07.png,Barge_No_1,train
Barge_No_1_07__tile_r0005_c0001,Barge_No_1_07.png,Barge_No_1,train
Barge_No_1_07__tile_r0005_c0002,Barge_No_1_07.png,Barge_No_1,train
Barge_No_1_07__tile_r0005_c0003,Barge_No_1_07.png,Barge_No_1,train
Barge_No_1_08__tile_r0000_c0000,Barge_No_1_08.png,Barge_No_1,train
Barge_No_1_08__tile_r0000_c0001,Barge_No_1_08.png,Barge_No_1,train
Barge_No_1_08__tile_r0000_c0002,Barge_No_1_08.png,Barge_No_1,train
Barge_No_1_08__tile_r0000_c0003,Barge_No_1_08.png,Barge_No_1,train
Barge_No_1_08__tile_r0001_c0000,Barge_No_1_08.png,Barge_No_1,train
Barge_No_1_08__tile_r0001_c0001,Barge_No_1_08.png,Barge_No_1,train
Barge_No_1_08__tile_r0001_c0002,Barge_No_1_08.png,Barge_No_1,train
Barge_No_1_08__tile_r0001_c0003,Barge_No_1_08.png,Barge_No_1,train
Barge_No_1_08__tile_r0002_c0000,Barge_No_1_08.png,Barge_No_1,train
Barge_No_1_08__tile_r0002_c0001,Barge_No_1_08.png,Barge_No_1,train
Barge_No_1_08__tile_r0002_c0002,Barge_No_1_08.png,Barge_No_1,train
Barge_No_1_08__tile_r0002_c0003,Barge_No_1_08.png,Barge_No_1,train
Barge_No_1_08__tile_r0003_c0000,Barge_No_1_08.png,Barge_No_1,train
Barge_No_1_08__tile_r0003_c0001,Barge_No_1_08.png,Barge_No_1,train
Barge_No_1_08__tile_r0003_c0002,Barge_No_1_08.png,Barge_No_1,train
Barge_No_1_08__tile_r0003_c0003,Barge_No_1_08.png,Barge_No_1,train
Barge_No_1_08__tile_r0004_c0000,Barge_No_1_08.png,Barge_No_1,train
Barge_No_1_08__tile_r0004_c0001,Barge_No_1_08.png,Barge_No_1,train
Barge_No_1_08__tile_r0004_c0002,Barge_No_1_08.png,Barge_No_1,train
Barge_No_1_08__tile_r0004_c0003,Barge_No_1_08.png,Barge_No_1,train
Barge_No_1_08__tile_r0005_c0000,Barge_No_1_08.png,Barge_No_1,train
Barge_No_1_08__tile_r0005_c0001,Barge_No_1_08.png,Barge_No_1,train
Barge_No_1_08__tile_r0005_c0002,Barge_No_1_08.png,Barge_No_1,train
Barge_No_1_08__tile_r0005_c0003,Barge_No_1_08.png,Barge_No_1,train
Barge_No_1_08__tile_r0006_c0000,Barge_No_1_08.png,Barge_No_1,train
Barge_No_1_08__tile_r0006_c0001,Barge_No_1_08.png,Barge_No_1,train
Barge_No_1_08__tile_r0006_c0002,Barge_No_1_08.png,Barge_No_1,train
Barge_No_1_08__tile_r0006_c0003,Barge_No_1_08.png,Barge_No_1,train
Barge_No_1_09__tile_r0000_c0000,Barge_No_1_09.png,Barge_No_1,train
Barge_No_1_09__tile_r0000_c0001,Barge_No_1_09.png,Barge_No_1,train
Barge_No_1_09__tile_r0000_c0002,Barge_No_1_09.png,Barge_No_1,train
Barge_No_1_09__tile_r0000_c0003,Barge_No_1_09.png,Barge_No_1,train
Barge_No_1_09__tile_r0001_c0000,Barge_No_1_09.png,Barge_No_1,train
Barge_No_1_09__tile_r0001_c0001,Barge_No_1_09.png,Barge_No_1,train
Barge_No_1_09__tile_r0001_c0002,Barge_No_1_09.png,Barge_No_1,train
Barge_No_1_09__tile_r0001_c0003,Barge_No_1_09.png,Barge_No_1,train
Barge_No_1_09__tile_r0002_c0000,Barge_No_1_09.png,Barge_No_1,train
Barge_No_1_09__tile_r0002_c0001,Barge_No_1_09.png,Barge_No_1,train
Barge_No_1_09__tile_r0002_c0002,Barge_No_1_09.png,Barge_No_1,train
Barge_No_1_09__tile_r0002_c0003,Barge_No_1_09.png,Barge_No_1,train
Barge_No_1_09__tile_r0003_c0000,Barge_No_1_09.png,Barge_No_1,train
Barge_No_1_09__tile_r0003_c0001,Barge_No_1_09.png,Barge_No_1,train
Barge_No_1_09__tile_r0003_c0002,Barge_No_1_09.png,Barge_No_1,train
Barge_No_1_09__tile_r0003_c0003,Barge_No_1_09.png,Barge_No_1,train
Barge_No_1_09__tile_r0004_c0000,Barge_No_1_09.png,Barge_No_1,train
Barge_No_1_09__tile_r0004_c0001,Barge_No_1_09.png,Barge_No_1,train
Barge_No_1_09__tile_r0004_c0002,Barge_No_1_09.png,Barge_No_1,train
Barge_No_1_09__tile_r0004_c0003,Barge_No_1_09.png,Barge_No_1,train
Barge_No_1_09__tile_r0005_c0000,Barge_No_1_09.png,Barge_No_1,train
Barge_No_1_09__tile_r0005_c0001,Barge_No_1_09.png,Barge_No_1,train
Barge_No_1_09__tile_r0005_c0002,Barge_No_1_09.png,Barge_No_1,train
Barge_No_1_09__tile_r0005_c0003,Barge_No_1_09.png,Barge_No_1,train
Barge_No_1_09__tile_r0006_c0000,Barge_No_1_09.png,Barge_No_1,train
Barge_No_1_09__tile_r0006_c0001,Barge_No_1_09.png,Barge_No_1,train
Barge_No_1_09__tile_r0006_c0002,Barge_No_1_09.png,Barge_No_1,train
Barge_No_1_09__tile_r0006_c0003,Barge_No_1_09.png,Barge_No_1,train
Barge_No_1_10__tile_r0000_c0000,Barge_No_1_10.png,Barge_No_1,train
Barge_No_1_10__tile_r0000_c0001,Barge_No_1_10.png,Barge_No_1,train
Barge_No_1_10__tile_r0000_c0002,Barge_No_1_10.png,Barge_No_1,train
Barge_No_1_10__tile_r0000_c0003,Barge_No_1_10.png,Barge_No_1,train
Barge_No_1_10__tile_r0001_c0000,Barge_No_1_10.png,Barge_No_1,train
Barge_No_1_10__tile_r0001_c0001,Barge_No_1_10.png,Barge_No_1,train
Barge_No_1_10__tile_r0001_c0002,Barge_No_1_10.png,Barge_No_1,train
Barge_No_1_10__tile_r0001_c0003,Barge_No_1_10.png,Barge_No_1,train
Barge_No_1_10__tile_r0002_c0000,Barge_No_1_10.png,Barge_No_1,train
Barge_No_1_10__tile_r0002_c0001,Barge_No_1_10.png,Barge_No_1,train
Barge_No_1_10__tile_r0002_c0002,Barge_No_1_10.png,Barge_No_1,train
Barge_No_1_10__tile_r0002_c0003,Barge_No_1_10.png,Barge_No_1,train
Barge_No_1_10__tile_r0003_c0000,Barge_No_1_10.png,Barge_No_1,train
Barge_No_1_10__tile_r0003_c0001,Barge_No_1_10.png,Barge_No_1,train
Barge_No_1_10__tile_r0003_c0002,Barge_No_1_10.png,Barge_No_1,train
Barge_No_1_10__tile_r0003_c0003,Barge_No_1_10.png,Barge_No_1,train
Barge_No_1_10__tile_r0004_c0000,Barge_No_1_10.png,Barge_No_1,train
Barge_No_1_10__tile_r0004_c0001,Barge_No_1_10.png,Barge_No_1,train
Barge_No_1_10__tile_r0004_c0002,Barge_No_1_10.png,Barge_No_1,train
Barge_No_1_10__tile_r0004_c0003,Barge_No_1_10.png,Barge_No_1,train
Barge_No_1_10__tile_r0005_c0000,Barge_No_1_10.png,Barge_No_1,train
Barge_No_1_10__tile_r0005_c0001,Barge_No_1_10.png,Barge_No_1,train
Barge_No_1_10__tile_r0005_c0002,Barge_No_1_10.png,Barge_No_1,train
Barge_No_1_10__tile_r0005_c0003,Barge_No_1_10.png,Barge_No_1,train
Barge_No_1_10__tile_r0006_c0000,Barge_No_1_10.png,Barge_No_1,train
Barge_No_1_10__tile_r0006_c0001,Barge_No_1_10.png,Barge_No_1,train
Barge_No_1_10__tile_r0006_c0002,Barge_No_1_10.png,Barge_No_1,train
Barge_No_1_10__tile_r0006_c0003,Barge_No_1_10.png,Barge_No_1,train
Barge_No_1_11__tile_r0000_c0000,Barge_No_1_11.png,Barge_No_1,train
Barge_No_1_11__tile_r0000_c0001,Barge_No_1_11.png,Barge_No_1,train
Barge_No_1_11__tile_r0000_c0002,Barge_No_1_11.png,Barge_No_1,train
Barge_No_1_11__tile_r0000_c0003,Barge_No_1_11.png,Barge_No_1,train
Barge_No_1_11__tile_r0001_c0000,Barge_No_1_11.png,Barge_No_1,train
Barge_No_1_11__tile_r0001_c0001,Barge_No_1_11.png,Barge_No_1,train
Barge_No_1_11__tile_r0001_c0002,Barge_No_1_11.png,Barge_No_1,train
Barge_No_1_11__tile_r0001_c0003,Barge_No_1_11.png,Barge_No_1,train
Barge_No_1_11__tile_r0002_c0000,Barge_No_1_11.png,Barge_No_1,train
Barge_No_1_11__tile_r0002_c0001,Barge_No_1_11.png,Barge_No_1,train
Barge_No_1_11__tile_r0002_c0002,Barge_No_1_11.png,Barge_No_1,train
Barge_No_1_11__tile_r0002_c0003,Barge_No_1_11.png,Barge_No_1,train
Barge_No_1_11__tile_r0003_c0000,Barge_No_1_11.png,Barge_No_1,train
Barge_No_1_11__tile_r0003_c0001,Barge_No_1_11.png,Barge_No_1,train
Barge_No_1_11__tile_r0003_c0002,Barge_No_1_11.png,Barge_No_1,train
Barge_No_1_11__tile_r0003_c0003,Barge_No_1_11.png,Barge_No_1,train
Barge_No_1_11__tile_r0004_c0000,Barge_No_1_11.png,Barge_No_1,train
Barge_No_1_11__tile_r0004_c0001,Barge_No_1_11.png,Barge_No_1,train
Barge_No_1_11__tile_r0004_c0002,Barge_No_1_11.png,Barge_No_1,train
Barge_No_1_11__tile_r0004_c0003,Barge_No_1_11.png,Barge_No_1,train
Barge_No_1_11__tile_r0005_c0000,Barge_No_1_11.png,Barge_No_1,train
Barge_No_1_11__tile_r0005_c0001,Barge_No_1_11.png,Barge_No_1,train
Barge_No_1_11__tile_r0005_c0002,Barge_No_1_11.png,Barge_No_1,train
Barge_No_1_11__tile_r0005_c0003,Barge_No_1_11.png,Barge_No_1,train
Barge_No_1_11__tile_r0006_c0000,Barge_No_1_11.png,Barge_No_1,train
Barge_No_1_11__tile_r0006_c0001,Barge_No_1_11.png,Barge_No_1,train
Barge_No_1_11__tile_r0006_c0002,Barge_No_1_11.png,Barge_No_1,train
Barge_No_1_11__tile_r0006_c0003,Barge_No_1_11.png,Barge_No_1,train
Barge_No_1_12__tile_r0000_c0000,Barge_No_1_12.png,Barge_No_1,train
Barge_No_1_12__tile_r0000_c0001,Barge_No_1_12.png,Barge_No_1,train
Barge_No_1_12__tile_r0000_c0002,Barge_No_1_12.png,Barge_No_1,train
Barge_No_1_12__tile_r0000_c0003,Barge_No_1_12.png,Barge_No_1,train
Barge_No_1_12__tile_r0001_c0000,Barge_No_1_12.png,Barge_No_1,train
Barge_No_1_12__tile_r0001_c0001,Barge_No_1_12.png,Barge_No_1,train
Barge_No_1_12__tile_r0001_c0002,Barge_No_1_12.png,Barge_No_1,train
Barge_No_1_12__tile_r0001_c0003,Barge_No_1_12.png,Barge_No_1,train
Barge_No_1_12__tile_r0002_c0000,Barge_No_1_12.png,Barge_No_1,train
Barge_No_1_12__tile_r0002_c0001,Barge_No_1_12.png,Barge_No_1,train
Barge_No_1_12__tile_r0002_c0002,Barge_No_1_12.png,Barge_No_1,train
Barge_No_1_12__tile_r0002_c0003,Barge_No_1_12.png,Barge_No_1,train
Barge_No_1_12__tile_r0003_c0000,Barge_No_1_12.png,Barge_No_1,train
Barge_No_1_12__tile_r0003_c0001,Barge_No_1_12.png,Barge_No_1,train
Barge_No_1_12__tile_r0003_c0002,Barge_No_1_12.png,Barge_No_1,train
Barge_No_1_12__tile_r0003_c0003,Barge_No_1_12.png,Barge_No_1,train
Barge_No_1_12__tile_r0004_c0000,Barge_No_1_12.png,Barge_No_1,train
Barge_No_1_12__tile_r0004_c0001,Barge_No_1_12.png,Barge_No_1,train
Barge_No_1_12__tile_r0004_c0002,Barge_No_1_12.png,Barge_No_1,train
Barge_No_1_12__tile_r0004_c0003,Barge_No_1_12.png,Barge_No_1,train
Barge_No_1_12__tile_r0005_c0000,Barge_No_1_12.png,Barge_No_1,train
Barge_No_1_12__tile_r0005_c0001,Barge_No_1_12.png,Barge_No_1,train
Barge_No_1_12__tile_r0005_c0002,Barge_No_1_12.png,Barge_No_1,train
Barge_No_1_12__tile_r0005_c0003,Barge_No_1_12.png,Barge_No_1,train
Barge_No_1_12__tile_r0006_c0000,Barge_No_1_12.png,Barge_No_1,train
Barge_No_1_12__tile_r0006_c0001,Barge_No_1_12.png,Barge_No_1,train
Barge_No_1_12__tile_r0006_c0002,Barge_No_1_12.png,Barge_No_1,train
Barge_No_1_12__tile_r0006_c0003,Barge_No_1_12.png,Barge_No_1,train
Barge_No_1_13__tile_r0000_c0000,Barge_No_1_13.png,Barge_No_1,train
Barge_No_1_13__tile_r0000_c0001,Barge_No_1_13.png,Barge_No_1,train
Barge_No_1_13__tile_r0000_c0002,Barge_No_1_13.png,Barge_No_1,train
Barge_No_1_13__tile_r0000_c0003,Barge_No_1_13.png,Barge_No_1,train
Barge_No_1_13__tile_r0001_c0000,Barge_No_1_13.png,Barge_No_1,train
Barge_No_1_13__tile_r0001_c0001,Barge_No_1_13.png,Barge_No_1,train
Barge_No_1_13__tile_r0001_c0002,Barge_No_1_13.png,Barge_No_1,train
Barge_No_1_13__tile_r0001_c0003,Barge_No_1_13.png,Barge_No_1,train
Barge_No_1_13__tile_r0002_c0000,Barge_No_1_13.png,Barge_No_1,train
Barge_No_1_13__tile_r0002_c0001,Barge_No_1_13.png,Barge_No_1,train
Barge_No_1_13__tile_r0002_c0002,Barge_No_1_13.png,Barge_No_1,train
Barge_No_1_13__tile_r0002_c0003,Barge_No_1_13.png,Barge_No_1,train
Barge_No_1_13__tile_r0003_c0000,Barge_No_1_13.png,Barge_No_1,train
Barge_No_1_13__tile_r0003_c0001,Barge_No_1_13.png,Barge_No_1,train
Barge_No_1_13__tile_r0003_c0002,Barge_No_1_13.png,Barge_No_1,train
Barge_No_1_13__tile_r0003_c0003,Barge_No_1_13.png,Barge_No_1,train
Barge_No_1_13__tile_r0004_c0000,Barge_No_1_13.png,Barge_No_1,train
Barge_No_1_13__tile_r0004_c0001,Barge_No_1_13.png,Barge_No_1,train
Barge_No_1_13__tile_r0004_c0002,Barge_No_1_13.png,Barge_No_1,train
Barge_No_1_13__tile_r0004_c0003,Barge_No_1_13.png,Barge_No_1,train
Barge_No_1_13__tile_r0005_c0000,Barge_No_1_13.png,Barge_No_1,train
Barge_No_1_13__tile_r0005_c0001,Barge_No_1_13.png,Barge_No_1,train
Barge_No_1_13__tile_r0005_c0002,Barge_No_1_13.png,Barge_No_1,train
Barge_No_1_13__tile_r0005_c0003,Barge_No_1_13.png,Barge_No_1,train
Barge_No_1_13__tile_r0006_c0000,Barge_No_1_13.png,Barge_No_1,train
Barge_No_1_13__tile_r0006_c0001,Barge_No_1_13.png,Barge_No_1,train
Barge_No_1_13__tile_r0006_c0002,Barge_No_1_13.png,Barge_No_1,train
Barge_No_1_13__tile_r0006_c0003,Barge_No_1_13.png,Barge_No_1,train
Barge_No_1_14__tile_r0000_c0000,Barge_No_1_14.png,Barge_No_1,train
Barge_No_1_14__tile_r0000_c0001,Barge_No_1_14.png,Barge_No_1,train
Barge_No_1_14__tile_r0000_c0002,Barge_No_1_14.png,Barge_No_1,train
Barge_No_1_14__tile_r0000_c0003,Barge_No_1_14.png,Barge_No_1,train
Barge_No_1_14__tile_r0001_c0000,Barge_No_1_14.png,Barge_No_1,train
Barge_No_1_14__tile_r0001_c0001,Barge_No_1_14.png,Barge_No_1,train
Barge_No_1_14__tile_r0001_c0002,Barge_No_1_14.png,Barge_No_1,train
Barge_No_1_14__tile_r0001_c0003,Barge_No_1_14.png,Barge_No_1,train
Barge_No_1_14__tile_r0002_c0000,Barge_No_1_14.png,Barge_No_1,train
Barge_No_1_14__tile_r0002_c0001,Barge_No_1_14.png,Barge_No_1,train
Barge_No_1_14__tile_r0002_c0002,Barge_No_1_14.png,Barge_No_1,train
Barge_No_1_14__tile_r0002_c0003,Barge_No_1_14.png,Barge_No_1,train
Barge_No_1_14__tile_r0003_c0000,Barge_No_1_14.png,Barge_No_1,train
Barge_No_1_14__tile_r0003_c0001,Barge_No_1_14.png,Barge_No_1,train
Barge_No_1_14__tile_r0003_c0002,Barge_No_1_14.png,Barge_No_1,train
Barge_No_1_14__tile_r0003_c0003,Barge_No_1_14.png,Barge_No_1,train
Barge_No_1_14__tile_r0004_c0000,Barge_No_1_14.png,Barge_No_1,train
Barge_No_1_14__tile_r0004_c0001,Barge_No_1_14.png,Barge_No_1,train
Barge_No_1_14__tile_r0004_c0002,Barge_No_1_14.png,Barge_No_1,train
Barge_No_1_14__tile_r0004_c0003,Barge_No_1_14.png,Barge_No_1,train
Barge_No_1_14__tile_r0005_c0000,Barge_No_1_14.png,Barge_No_1,train
Barge_No_1_14__tile_r0005_c0001,Barge_No_1_14.png,Barge_No_1,train
Barge_No_1_14__tile_r0005_c0002,Barge_No_1_14.png,Barge_No_1,train
Barge_No_1_14__tile_r0005_c0003,Barge_No_1_14.png,Barge_No_1,train
Barge_No_1_15__tile_r0000_c0000,Barge_No_1_15.png,Barge_No_1,train
Barge_No_1_15__tile_r0000_c0001,Barge_No_1_15.png,Barge_No_1,train
Barge_No_1_15__tile_r0000_c0002,Barge_No_1_15.png,Barge_No_1,train
Barge_No_1_15__tile_r0000_c0003,Barge_No_1_15.png,Barge_No_1,train
Barge_No_1_15__tile_r0001_c0000,Barge_No_1_15.png,Barge_No_1,train
Barge_No_1_15__tile_r0001_c0001,Barge_No_1_15.png,Barge_No_1,train
Barge_No_1_15__tile_r0001_c0002,Barge_No_1_15.png,Barge_No_1,train
Barge_No_1_15__tile_r0001_c0003,Barge_No_1_15.png,Barge_No_1,train
Barge_No_1_15__tile_r0002_c0000,Barge_No_1_15.png,Barge_No_1,train
Barge_No_1_15__tile_r0002_c0001,Barge_No_1_15.png,Barge_No_1,train
Barge_No_1_15__tile_r0002_c0002,Barge_No_1_15.png,Barge_No_1,train
Barge_No_1_15__tile_r0002_c0003,Barge_No_1_15.png,Barge_No_1,train
Barge_No_1_15__tile_r0003_c0000,Barge_No_1_15.png,Barge_No_1,train
Barge_No_1_15__tile_r0003_c0001,Barge_No_1_15.png,Barge_No_1,train
Barge_No_1_15__tile_r0003_c0002,Barge_No_1_15.png,Barge_No_1,train
Barge_No_1_15__tile_r0003_c0003,Barge_No_1_15.png,Barge_No_1,train
Barge_No_1_15__tile_r0004_c0000,Barge_No_1_15.png,Barge_No_1,train
Barge_No_1_15__tile_r0004_c0001,Barge_No_1_15.png,Barge_No_1,train
Barge_No_1_15__tile_r0004_c0002,Barge_No_1_15.png,Barge_No_1,train
Barge_No_1_15__tile_r0004_c0003,Barge_No_1_15.png,Barge_No_1,train
Barge_No_1_15__tile_r0005_c0000,Barge_No_1_15.png,Barge_No_1,train
Barge_No_1_15__tile_r0005_c0001,Barge_No_1_15.png,Barge_No_1,train
Barge_No_1_15__tile_r0005_c0002,Barge_No_1_15.png,Barge_No_1,train
Barge_No_1_15__tile_r0005_c0003,Barge_No_1_15.png,Barge_No_1,train
Barge_No_1_15__tile_r0006_c0000,Barge_No_1_15.png,Barge_No_1,train
Barge_No_1_15__tile_r0006_c0001,Barge_No_1_15.png,Barge_No_1,train
Barge_No_1_15__tile_r0006_c0002,Barge_No_1_15.png,Barge_No_1,train
Barge_No_1_15__tile_r0006_c0003,Barge_No_1_15.png,Barge_No_1,train
Corsair_01__tile_r0000_c0000,Corsair_01.png,Corsair,train
Corsair_01__tile_r0000_c0001,Corsair_01.png,Corsair,train
Corsair_01__tile_r0000_c0002,Corsair_01.png,Corsair,train
Corsair_01__tile_r0000_c0003,Corsair_01.png,Corsair,train
Corsair_01__tile_r0001_c0000,Corsair_01.png,Corsair,train
Corsair_01__tile_r0001_c0001,Corsair_01.png,Corsair,train
Corsair_01__tile_r0001_c0002,Corsair_01.png,Corsair,train
Corsair_01__tile_r0001_c0003,Corsair_01.png,Corsair,train
Corsair_01__tile_r0002_c0000,Corsair_01.png,Corsair,train
Corsair_01__tile_r0002_c0001,Corsair_01.png,Corsair,train
Corsair_01__tile_r0002_c0002,Corsair_01.png,Corsair,train
Corsair_01__tile_r0002_c0003,Corsair_01.png,Corsair,train
Corsair_01__tile_r0003_c0000,Corsair_01.png,Corsair,train
Corsair_01__tile_r0003_c0001,Corsair_01.png,Corsair,train
Corsair_01__tile_r0003_c0002,Corsair_01.png,Corsair,train
Corsair_01__tile_r0003_c0003,Corsair_01.png,Corsair,train
Corsair_02__tile_r0000_c0000,Corsair_02.png,Corsair,train
Corsair_02__tile_r0000_c0001,Corsair_02.png,Corsair,train
Corsair_02__tile_r0000_c0002,Corsair_02.png,Corsair,train
Corsair_02__tile_r0000_c0003,Corsair_02.png,Corsair,train
Corsair_02__tile_r0001_c0000,Corsair_02.png,Corsair,train
Corsair_02__tile_r0001_c0001,Corsair_02.png,Corsair,train
Corsair_02__tile_r0001_c0002,Corsair_02.png,Corsair,train
Corsair_02__tile_r0001_c0003,Corsair_02.png,Corsair,train
Corsair_02__tile_r0002_c0000,Corsair_02.png,Corsair,train
Corsair_02__tile_r0002_c0001,Corsair_02.png,Corsair,train
Corsair_02__tile_r0002_c0002,Corsair_02.png,Corsair,train
Corsair_02__tile_r0002_c0003,Corsair_02.png,Corsair,train
Corsair_02__tile_r0003_c0000,Corsair_02.png,Corsair,train
Corsair_02__tile_r0003_c0001,Corsair_02.png,Corsair,train
Corsair_02__tile_r0003_c0002,Corsair_02.png,Corsair,train
Corsair_02__tile_r0003_c0003,Corsair_02.png,Corsair,train
Corsair_03__tile_r0000_c0000,Corsair_03.png,Corsair,train
Corsair_03__tile_r0000_c0001,Corsair_03.png,Corsair,train
Corsair_03__tile_r0000_c0002,Corsair_03.png,Corsair,train
Corsair_03__tile_r0000_c0003,Corsair_03.png,Corsair,train
Corsair_03__tile_r0001_c0000,Corsair_03.png,Corsair,train
Corsair_03__tile_r0001_c0001,Corsair_03.png,Corsair,train
Corsair_03__tile_r0001_c0002,Corsair_03.png,Corsair,train
Corsair_03__tile_r0001_c0003,Corsair_03.png,Corsair,train
Corsair_03__tile_r0002_c0000,Corsair_03.png,Corsair,train
Corsair_03__tile_r0002_c0001,Corsair_03.png,Corsair,train
Corsair_03__tile_r0002_c0002,Corsair_03.png,Corsair,train
Corsair_03__tile_r0002_c0003,Corsair_03.png,Corsair,train
Corsair_03__tile_r0003_c0000,Corsair_03.png,Corsair,train
Corsair_03__tile_r0003_c0001,Corsair_03.png,Corsair,train
Corsair_03__tile_r0003_c0002,Corsair_03.png,Corsair,train
Corsair_03__tile_r0003_c0003,Corsair_03.png,Corsair,train
Corsair_04__tile_r0000_c0000,Corsair_04.png,Corsair,train
Corsair_04__tile_r0000_c0001,Corsair_04.png,Corsair,train
Corsair_04__tile_r0000_c0002,Corsair_04.png,Corsair,train
Corsair_04__tile_r0000_c0003,Corsair_04.png,Corsair,train
Corsair_04__tile_r0001_c0000,Corsair_04.png,Corsair,train
Corsair_04__tile_r0001_c0001,Corsair_04.png,Corsair,train
Corsair_04__tile_r0001_c0002,Corsair_04.png,Corsair,train
Corsair_04__tile_r0001_c0003,Corsair_04.png,Corsair,train
Corsair_04__tile_r0002_c0000,Corsair_04.png,Corsair,train
Corsair_04__tile_r0002_c0001,Corsair_04.png,Corsair,train
Corsair_04__tile_r0002_c0002,Corsair_04.png,Corsair,train
Corsair_04__tile_r0002_c0003,Corsair_04.png,Corsair,train
Corsair_04__tile_r0003_c0000,Corsair_04.png,Corsair,train
Corsair_04__tile_r0003_c0001,Corsair_04.png,Corsair,train
Corsair_04__tile_r0003_c0002,Corsair_04.png,Corsair,train
Corsair_04__tile_r0003_c0003,Corsair_04.png,Corsair,train
Corsican_01__tile_r0000_c0000,Corsican_01.png,Corsican,test
Corsican_01__tile_r0000_c0001,Corsican_01.png,Corsican,test
Corsican_01__tile_r0000_c0002,Corsican_01.png,Corsican,test
Corsican_01__tile_r0000_c0003,Corsican_01.png,Corsican,test
Corsican_01__tile_r0001_c0000,Corsican_01.png,Corsican,test
Corsican_01__tile_r0001_c0001,Corsican_01.png,Corsican,test
Corsican_01__tile_r0001_c0002,Corsican_01.png,Corsican,test
Corsican_01__tile_r0001_c0003,Corsican_01.png,Corsican,test
Corsican_01__tile_r0002_c0000,Corsican_01.png,Corsican,test
Corsican_01__tile_r0002_c0001,Corsican_01.png,Corsican,test
Corsican_01__tile_r0002_c0002,Corsican_01.png,Corsican,test
Corsican_01__tile_r0002_c0003,Corsican_01.png,Corsican,test
Corsican_02__tile_r0000_c0000,Corsican_02.png,Corsican,test
Corsican_02__tile_r0000_c0001,Corsican_02.png,Corsican,test
Corsican_02__tile_r0000_c0002,Corsican_02.png,Corsican,test
Corsican_02__tile_r0000_c0003,Corsican_02.png,Corsican,test
Corsican_02__tile_r0001_c0000,Corsican_02.png,Corsican,test
Corsican_02__tile_r0001_c0001,Corsican_02.png,Corsican,test
Corsican_02__tile_r0001_c0002,Corsican_02.png,Corsican,test
Corsican_02__tile_r0001_c0003,Corsican_02.png,Corsican,test
Corsican_02__tile_r0002_c0000,Corsican_02.png,Corsican,test
Corsican_02__tile_r0002_c0001,Corsican_02.png,Corsican,test
Corsican_02__tile_r0002_c0002,Corsican_02.png,Corsican,test
Corsican_02__tile_r0002_c0003,Corsican_02.png,Corsican,test
Corsican_03__tile_r0000_c0000,Corsican_03.png,Corsican,test
Corsican_03__tile_r0000_c0001,Corsican_03.png,Corsican,test
Corsican_03__tile_r0000_c0002,Corsican_03.png,Corsican,test
Corsican_03__tile_r0000_c0003,Corsican_03.png,Corsican,test
Corsican_03__tile_r0001_c0000,Corsican_03.png,Corsican,test
Corsican_03__tile_r0001_c0001,Corsican_03.png,Corsican,test
Corsican_03__tile_r0001_c0002,Corsican_03.png,Corsican,test
Corsican_03__tile_r0001_c0003,Corsican_03.png,Corsican,test
Corsican_03__tile_r0002_c0000,Corsican_03.png,Corsican,test
Corsican_03__tile_r0002_c0001,Corsican_03.png,Corsican,test
Corsican_03__tile_r0002_c0002,Corsican_03.png,Corsican,test
Corsican_03__tile_r0002_c0003,Corsican_03.png,Corsican,test
Corsican_04__tile_r0000_c0000,Corsican_04.png,Corsican,test
Corsican_04__tile_r0000_c0001,Corsican_04.png,Corsican,test
Corsican_04__tile_r0000_c0002,Corsican_04.png,Corsican,test
Corsican_04__tile_r0000_c0003,Corsican_04.png,Corsican,test
Corsican_04__tile_r0001_c0000,Corsican_04.png,Corsican,test
Corsican_04__tile_r0001_c0001,Corsican_04.png,Corsican,test
Corsican_04__tile_r0001_c0002,Corsican_04.png,Corsican,test
Corsican_04__tile_r0001_c0003,Corsican_04.png,Corsican,test
Corsican_04__tile_r0002_c0000,Corsican_04.png,Corsican,test
Corsican_04__tile_r0002_c0001,Corsican_04.png,Corsican,test
Corsican_04__tile_r0002_c0002,Corsican_04.png,Corsican,test
Corsican_04__tile_r0002_c0003,Corsican_04.png,Corsican,test
Corsican_05__tile_r0000_c0000,Corsican_05.png,Corsican,test
Corsican_05__tile_r0000_c0001,Corsican_05.png,Corsican,test
Corsican_05__tile_r0000_c0002,Corsican_05.png,Corsican,test
Corsican_05__tile_r0000_c0003,Corsican_05.png,Corsican,test
Corsican_05__tile_r0001_c0000,Corsican_05.png,Corsican,test
Corsican_05__tile_r0001_c0001,Corsican_05.png,Corsican,test
Corsican_05__tile_r0001_c0002,Corsican_05.png,Corsican,test
Corsican_05__tile_r0001_c0003,Corsican_05.png,Corsican,test
Corsican_05__tile_r0002_c0000,Corsican_05.png,Corsican,test
Corsican_05__tile_r0002_c0001,Corsican_05.png,Corsican,test
Corsican_05__tile_r0002_c0002,Corsican_05.png,Corsican,test
Corsican_05__tile_r0002_c0003,Corsican_05.png,Corsican,test
Corsican_05__tile_r0003_c0000,Corsican_05.png,Corsican,test
Corsican_05__tile_r0003_c0001,Corsican_05.png,Corsican,test
Corsican_05__tile_r0003_c0002,Corsican_05.png,Corsican,test
Corsican_05__tile_r0003_c0003,Corsican_05.png,Corsican,test
Corsican_05__tile_r0004_c0000,Corsican_05.png,Corsican,test
Corsican_05__tile_r0004_c0001,Corsican_05.png,Corsican,test
Corsican_05__tile_r0004_c0002,Corsican_05.png,Corsican,test
Corsican_05__tile_r0004_c0003,Corsican_05.png,Corsican,test
Corsican_05__tile_r0005_c0000,Corsican_05.png,Corsican,test
Corsican_05__tile_r0005_c0001,Corsican_05.png,Corsican,test
Corsican_05__tile_r0005_c0002,Corsican_05.png,Corsican,test
Corsican_05__tile_r0005_c0003,Corsican_05.png,Corsican,test
Corsican_06__tile_r0000_c0000,Corsican_06.png,Corsican,test
Corsican_06__tile_r0000_c0001,Corsican_06.png,Corsican,test
Corsican_06__tile_r0000_c0002,Corsican_06.png,Corsican,test
Corsican_06__tile_r0000_c0003,Corsican_06.png,Corsican,test
Corsican_06__tile_r0001_c0000,Corsican_06.png,Corsican,test
Corsican_06__tile_r0001_c0001,Corsican_06.png,Corsican,test
Corsican_06__tile_r0001_c0002,Corsican_06.png,Corsican,test
Corsican_06__tile_r0001_c0003,Corsican_06.png,Corsican,test
Corsican_06__tile_r0002_c0000,Corsican_06.png,Corsican,test
Corsican_06__tile_r0002_c0001,Corsican_06.png,Corsican,test
Corsican_06__tile_r0002_c0002,Corsican_06.png,Corsican,test
Corsican_06__tile_r0002_c0003,Corsican_06.png,Corsican,test
Corsican_06__tile_r0003_c0000,Corsican_06.png,Corsican,test
Corsican_06__tile_r0003_c0001,Corsican_06.png,Corsican,test
Corsican_06__tile_r0003_c0002,Corsican_06.png,Corsican,test
Corsican_06__tile_r0003_c0003,Corsican_06.png,Corsican,test
Corsican_06__tile_r0004_c0000,Corsican_06.png,Corsican,test
Corsican_06__tile_r0004_c0001,Corsican_06.png,Corsican,test
Corsican_06__tile_r0004_c0002,Corsican_06.png,Corsican,test
Corsican_06__tile_r0004_c0003,Corsican_06.png,Corsican,test
Corsican_06__tile_r0005_c0000,Corsican_06.png,Corsican,test
Corsican_06__tile_r0005_c0001,Corsican_06.png,Corsican,test
Corsican_06__tile_r0005_c0002,Corsican_06.png,Corsican,test
Corsican_06__tile_r0005_c0003,Corsican_06.png,Corsican,test
Haltiner_Barge_01__tile_r0000_c0000,Haltiner_Barge_01.png,Haltiner_Barge,train
Haltiner_Barge_01__tile_r0000_c0001,Haltiner_Barge_01.png,Haltiner_Barge,train
Haltiner_Barge_01__tile_r0000_c0002,Haltiner_Barge_01.png,Haltiner_Barge,train
Haltiner_Barge_01__tile_r0000_c0003,Haltiner_Barge_01.png,Haltiner_Barge,train
Haltiner_Barge_01__tile_r0001_c0000,Haltiner_Barge_01.png,Haltiner_Barge,train
Haltiner_Barge_01__tile_r0001_c0001,Haltiner_Barge_01.png,Haltiner_Barge,train
Haltiner_Barge_01__tile_r0001_c0002,Haltiner_Barge_01.png,Haltiner_Barge,train
Haltiner_Barge_01__tile_r0001_c0003,Haltiner_Barge_01.png,Haltiner_Barge,train
Haltiner_Barge_02__tile_r0000_c0000,Haltiner_Barge_02.png,Haltiner_Barge,train
Haltiner_Barge_02__tile_r0000_c0001,Haltiner_Barge_02.png,Haltiner_Barge,train
Haltiner_Barge_02__tile_r0000_c0002,Haltiner_Barge_02.png,Haltiner_Barge,train
Haltiner_Barge_02__tile_r0000_c0003,Haltiner_Barge_02.png,Haltiner_Barge,train
Haltiner_Barge_02__tile_r0001_c0000,Haltiner_Barge_02.png,Haltiner_Barge,train
Haltiner_Barge_02__tile_r0001_c0001,Haltiner_Barge_02.png,Haltiner_Barge,train
Haltiner_Barge_02__tile_r0001_c0002,Haltiner_Barge_02.png,Haltiner_Barge,train
Haltiner_Barge_02__tile_r0001_c0003,Haltiner_Barge_02.png,Haltiner_Barge,train
Haltiner_Barge_03__tile_r0000_c0000,Haltiner_Barge_03.png,Haltiner_Barge,train
Haltiner_Barge_03__tile_r0000_c0001,Haltiner_Barge_03.png,Haltiner_Barge,train
Haltiner_Barge_03__tile_r0000_c0002,Haltiner_Barge_03.png,Haltiner_Barge,train
Haltiner_Barge_03__tile_r0000_c0003,Haltiner_Barge_03.png,Haltiner_Barge,train
Haltiner_Barge_03__tile_r0001_c0000,Haltiner_Barge_03.png,Haltiner_Barge,train
Haltiner_Barge_03__tile_r0001_c0001,Haltiner_Barge_03.png,Haltiner_Barge,train
Haltiner_Barge_03__tile_r0001_c0002,Haltiner_Barge_03.png,Haltiner_Barge,train
Haltiner_Barge_03__tile_r0001_c0003,Haltiner_Barge_03.png,Haltiner_Barge,train
Haltiner_Barge_04__tile_r0000_c0000,Haltiner_Barge_04.png,Haltiner_Barge,train
Haltiner_Barge_04__tile_r0000_c0001,Haltiner_Barge_04.png,Haltiner_Barge,train
Haltiner_Barge_04__tile_r0000_c0002,Haltiner_Barge_04.png,Haltiner_Barge,train
Haltiner_Barge_04__tile_r0000_c0003,Haltiner_Barge_04.png,Haltiner_Barge,train
Haltiner_Barge_04__tile_r0001_c0000,Haltiner_Barge_04.png,Haltiner_Barge,train
Haltiner_Barge_04__tile_r0001_c0001,Haltiner_Barge_04.png,Haltiner_Barge,train
Haltiner_Barge_04__tile_r0001_c0002,Haltiner_Barge_04.png,Haltiner_Barge,train
Haltiner_Barge_04__tile_r0001_c0003,Haltiner_Barge_04.png,Haltiner_Barge,train
Haltiner_Barge_05__tile_r0000_c0000,Haltiner_Barge_05.png,Haltiner_Barge,train
Haltiner_Barge_05__tile_r0000_c0001,Haltiner_Barge_05.png,Haltiner_Barge,train
Haltiner_Barge_05__tile_r0000_c0002,Haltiner_Barge_05.png,Haltiner_Barge,train
Haltiner_Barge_05__tile_r0000_c0003,Haltiner_Barge_05.png,Haltiner_Barge,train
Haltiner_Barge_05__tile_r0001_c0000,Haltiner_Barge_05.png,Haltiner_Barge,train
Haltiner_Barge_05__tile_r0001_c0001,Haltiner_Barge_05.png,Haltiner_Barge,train
Haltiner_Barge_05__tile_r0001_c0002,Haltiner_Barge_05.png,Haltiner_Barge,train
Haltiner_Barge_05__tile_r0001_c0003,Haltiner_Barge_05.png,Haltiner_Barge,train
Haltiner_Barge_06__tile_r0000_c0000,Haltiner_Barge_06.png,Haltiner_Barge,train
Haltiner_Barge_06__tile_r0000_c0001,Haltiner_Barge_06.png,Haltiner_Barge,train
Haltiner_Barge_06__tile_r0000_c0002,Haltiner_Barge_06.png,Haltiner_Barge,train
Haltiner_Barge_06__tile_r0000_c0003,Haltiner_Barge_06.png,Haltiner_Barge,train
Haltiner_Barge_06__tile_r0001_c0000,Haltiner_Barge_06.png,Haltiner_Barge,train
Haltiner_Barge_06__tile_r0001_c0001,Haltiner_Barge_06.png,Haltiner_Barge,train
Haltiner_Barge_06__tile_r0001_c0002,Haltiner_Barge_06.png,Haltiner_Barge,train
Haltiner_Barge_06__tile_r0001_c0003,Haltiner_Barge_06.png,Haltiner_Barge,train
Haltiner_Barge_07__tile_r0000_c0000,Haltiner_Barge_07.png,Haltiner_Barge,train
Haltiner_Barge_07__tile_r0000_c0001,Haltiner_Barge_07.png,Haltiner_Barge,train
Haltiner_Barge_07__tile_r0000_c0002,Haltiner_Barge_07.png,Haltiner_Barge,train
Haltiner_Barge_07__tile_r0000_c0003,Haltiner_Barge_07.png,Haltiner_Barge,train
Haltiner_Barge_07__tile_r0001_c0000,Haltiner_Barge_07.png,Haltiner_Barge,train
Haltiner_Barge_07__tile_r0001_c0001,Haltiner_Barge_07.png,Haltiner_Barge,train
Haltiner_Barge_07__tile_r0001_c0002,Haltiner_Barge_07.png,Haltiner_Barge,train
Haltiner_Barge_07__tile_r0001_c0003,Haltiner_Barge_07.png,Haltiner_Barge,train
Haltiner_Barge_08__tile_r0000_c0000,Haltiner_Barge_08.png,Haltiner_Barge,train
Haltiner_Barge_08__tile_r0000_c0001,Haltiner_Barge_08.png,Haltiner_Barge,train
Haltiner_Barge_08__tile_r0000_c0002,Haltiner_Barge_08.png,Haltiner_Barge,train
Haltiner_Barge_08__tile_r0000_c0003,Haltiner_Barge_08.png,Haltiner_Barge,train
Haltiner_Barge_08__tile_r0001_c0000,Haltiner_Barge_08.png,Haltiner_Barge,train
Haltiner_Barge_08__tile_r0001_c0001,Haltiner_Barge_08.png,Haltiner_Barge,train
Haltiner_Barge_08__tile_r0001_c0002,Haltiner_Barge_08.png,Haltiner_Barge,train
Haltiner_Barge_08__tile_r0001_c0003,Haltiner_Barge_08.png,Haltiner_Barge,train
Haltiner_Barge_08__tile_r0002_c0000,Haltiner_Barge_08.png,Haltiner_Barge,train
Haltiner_Barge_08__tile_r0002_c0001,Haltiner_Barge_08.png,Haltiner_Barge,train
Haltiner_Barge_08__tile_r0002_c0002,Haltiner_Barge_08.png,Haltiner_Barge,train
Haltiner_Barge_08__tile_r0002_c0003,Haltiner_Barge_08.png,Haltiner_Barge,train
Haltiner_Barge_08__tile_r0003_c0000,Haltiner_Barge_08.png,Haltiner_Barge,train
Haltiner_Barge_08__tile_r0003_c0001,Haltiner_Barge_08.png,Haltiner_Barge,train
Haltiner_Barge_08__tile_r0003_c0002,Haltiner_Barge_08.png,Haltiner_Barge,train
Haltiner_Barge_08__tile_r0003_c0003,Haltiner_Barge_08.png,Haltiner_Barge,train
Haltiner_Barge_08__tile_r0004_c0000,Haltiner_Barge_08.png,Haltiner_Barge,train
Haltiner_Barge_08__tile_r0004_c0001,Haltiner_Barge_08.png,Haltiner_Barge,train
Haltiner_Barge_08__tile_r0004_c0002,Haltiner_Barge_08.png,Haltiner_Barge,train
Haltiner_Barge_08__tile_r0004_c0003,Haltiner_Barge_08.png,Haltiner_Barge,train
Haltiner_Barge_08__tile_r0005_c0000,Haltiner_Barge_08.png,Haltiner_Barge,train
Haltiner_Barge_08__tile_r0005_c0001,Haltiner_Barge_08.png,Haltiner_Barge,train
Haltiner_Barge_08__tile_r0005_c0002,Haltiner_Barge_08.png,Haltiner_Barge,train
Haltiner_Barge_08__tile_r0005_c0003,Haltiner_Barge_08.png,Haltiner_Barge,train
Haltiner_Barge_08__tile_r0006_c0000,Haltiner_Barge_08.png,Haltiner_Barge,train
Haltiner_Barge_08__tile_r0006_c0001,Haltiner_Barge_08.png,Haltiner_Barge,train
Haltiner_Barge_08__tile_r0006_c0002,Haltiner_Barge_08.png,Haltiner_Barge,train
Haltiner_Barge_08__tile_r0006_c0003,Haltiner_Barge_08.png,Haltiner_Barge,train
Haltiner_Barge_08__tile_r0007_c0000,Haltiner_Barge_08.png,Haltiner_Barge,train
Haltiner_Barge_08__tile_r0007_c0001,Haltiner_Barge_08.png,Haltiner_Barge,train
Haltiner_Barge_08__tile_r0007_c0002,Haltiner_Barge_08.png,Haltiner_Barge,train
Haltiner_Barge_08__tile_r0007_c0003,Haltiner_Barge_08.png,Haltiner_Barge,train
Haltiner_Barge_08__tile_r0008_c0000,Haltiner_Barge_08.png,Haltiner_Barge,train
Haltiner_Barge_08__tile_r0008_c0001,Haltiner_Barge_08.png,Haltiner_Barge,train
Haltiner_Barge_08__tile_r0008_c0002,Haltiner_Barge_08.png,Haltiner_Barge,train
Haltiner_Barge_08__tile_r0008_c0003,Haltiner_Barge_08.png,Haltiner_Barge,train
Haltiner_Barge_08__tile_r0009_c0000,Haltiner_Barge_08.png,Haltiner_Barge,train
Haltiner_Barge_08__tile_r0009_c0001,Haltiner_Barge_08.png,Haltiner_Barge,train
Haltiner_Barge_08__tile_r0009_c0002,Haltiner_Barge_08.png,Haltiner_Barge,train
Haltiner_Barge_08__tile_r0009_c0003,Haltiner_Barge_08.png,Haltiner_Barge,train
Haltiner_Barge_08__tile_r0010_c0000,Haltiner_Barge_08.png,Haltiner_Barge,train
Haltiner_Barge_08__tile_r0010_c0001,Haltiner_Barge_08.png,Haltiner_Barge,train
Haltiner_Barge_08__tile_r0010_c0002,Haltiner_Barge_08.png,Haltiner_Barge,train
Haltiner_Barge_08__tile_r0010_c0003,Haltiner_Barge_08.png,Haltiner_Barge,train
Haltiner_Barge_08__tile_r0011_c0000,Haltiner_Barge_08.png,Haltiner_Barge,train
Haltiner_Barge_08__tile_r0011_c0001,Haltiner_Barge_08.png,Haltiner_Barge,train
Haltiner_Barge_08__tile_r0011_c0002,Haltiner_Barge_08.png,Haltiner_Barge,train
Haltiner_Barge_08__tile_r0011_c0003,Haltiner_Barge_08.png,Haltiner_Barge,train
Haltiner_Barge_08__tile_r0012_c0000,Haltiner_Barge_08.png,Haltiner_Barge,train
Haltiner_Barge_08__tile_r0012_c0001,Haltiner_Barge_08.png,Haltiner_Barge,train
Haltiner_Barge_08__tile_r0012_c0002,Haltiner_Barge_08.png,Haltiner_Barge,train
Haltiner_Barge_08__tile_r0012_c0003,Haltiner_Barge_08.png,Haltiner_Barge,train
Haltiner_Barge_08__tile_r0013_c0000,Haltiner_Barge_08.png,Haltiner_Barge,train
Haltiner_Barge_08__tile_r0013_c0001,Haltiner_Barge_08.png,Haltiner_Barge,train
Haltiner_Barge_08__tile_r0013_c0002,Haltiner_Barge_08.png,Haltiner_Barge,train
Haltiner_Barge_08__tile_r0013_c0003,Haltiner_Barge_08.png,Haltiner_Barge,train
Haltiner_Barge_08__tile_r0014_c0000,Haltiner_Barge_08.png,Haltiner_Barge,train
Haltiner_Barge_08__tile_r0014_c0001,Haltiner_Barge_08.png,Haltiner_Barge,train
Haltiner_Barge_08__tile_r0014_c0002,Haltiner_Barge_08.png,Haltiner_Barge,train
Haltiner_Barge_08__tile_r0014_c0003,Haltiner_Barge_08.png,Haltiner_Barge,train
Haltiner_Barge_08__tile_r0015_c0000,Haltiner_Barge_08.png,Haltiner_Barge,train
Haltiner_Barge_08__tile_r0015_c0001,Haltiner_Barge_08.png,Haltiner_Barge,train
Haltiner_Barge_08__tile_r0015_c0002,Haltiner_Barge_08.png,Haltiner_Barge,train
Haltiner_Barge_08__tile_r0015_c0003,Haltiner_Barge_08.png,Haltiner_Barge,train
Haltiner_Barge_08__tile_r0016_c0000,Haltiner_Barge_08.png,Haltiner_Barge,train
Haltiner_Barge_08__tile_r0016_c0001,Haltiner_Barge_08.png,Haltiner_Barge,train
Haltiner_Barge_08__tile_r0016_c0002,Haltiner_Barge_08.png,Haltiner_Barge,train
Haltiner_Barge_08__tile_r0016_c0003,Haltiner_Barge_08.png,Haltiner_Barge,train
Haltiner_Barge_08__tile_r0017_c0000,Haltiner_Barge_08.png,Haltiner_Barge,train
Haltiner_Barge_08__tile_r0017_c0001,Haltiner_Barge_08.png,Haltiner_Barge,train
Haltiner_Barge_08__tile_r0017_c0002,Haltiner_Barge_08.png,Haltiner_Barge,train
Haltiner_Barge_08__tile_r0017_c0003,Haltiner_Barge_08.png,Haltiner_Barge,train
Haltiner_Barge_08__tile_r0018_c0000,Haltiner_Barge_08.png,Haltiner_Barge,train
Haltiner_Barge_08__tile_r0018_c0001,Haltiner_Barge_08.png,Haltiner_Barge,train
Haltiner_Barge_08__tile_r0018_c0002,Haltiner_Barge_08.png,Haltiner_Barge,train
Haltiner_Barge_08__tile_r0018_c0003,Haltiner_Barge_08.png,Haltiner_Barge,train
Haltiner_Barge_09__tile_r0000_c0000,Haltiner_Barge_09.png,Haltiner_Barge,train
Haltiner_Barge_09__tile_r0000_c0001,Haltiner_Barge_09.png,Haltiner_Barge,train
Haltiner_Barge_09__tile_r0000_c0002,Haltiner_Barge_09.png,Haltiner_Barge,train
Haltiner_Barge_09__tile_r0000_c0003,Haltiner_Barge_09.png,Haltiner_Barge,train
Haltiner_Barge_09__tile_r0001_c0000,Haltiner_Barge_09.png,Haltiner_Barge,train
Haltiner_Barge_09__tile_r0001_c0001,Haltiner_Barge_09.png,Haltiner_Barge,train
Haltiner_Barge_09__tile_r0001_c0002,Haltiner_Barge_09.png,Haltiner_Barge,train
Haltiner_Barge_09__tile_r0001_c0003,Haltiner_Barge_09.png,Haltiner_Barge,train
Haltiner_Barge_09__tile_r0002_c0000,Haltiner_Barge_09.png,Haltiner_Barge,train
Haltiner_Barge_09__tile_r0002_c0001,Haltiner_Barge_09.png,Haltiner_Barge,train
Haltiner_Barge_09__tile_r0002_c0002,Haltiner_Barge_09.png,Haltiner_Barge,train
Haltiner_Barge_09__tile_r0002_c0003,Haltiner_Barge_09.png,Haltiner_Barge,train
Haltiner_Barge_09__tile_r0003_c0000,Haltiner_Barge_09.png,Haltiner_Barge,train
Haltiner_Barge_09__tile_r0003_c0001,Haltiner_Barge_09.png,Haltiner_Barge,train
Haltiner_Barge_09__tile_r0003_c0002,Haltiner_Barge_09.png,Haltiner_Barge,train
Haltiner_Barge_09__tile_r0003_c0003,Haltiner_Barge_09.png,Haltiner_Barge,train
Haltiner_Barge_09__tile_r0004_c0000,Haltiner_Barge_09.png,Haltiner_Barge,train
Haltiner_Barge_09__tile_r0004_c0001,Haltiner_Barge_09.png,Haltiner_Barge,train
Haltiner_Barge_09__tile_r0004_c0002,Haltiner_Barge_09.png,Haltiner_Barge,train
Haltiner_Barge_09__tile_r0004_c0003,Haltiner_Barge_09.png,Haltiner_Barge,train
Haltiner_Barge_09__tile_r0005_c0000,Haltiner_Barge_09.png,Haltiner_Barge,train
Haltiner_Barge_09__tile_r0005_c0001,Haltiner_Barge_09.png,Haltiner_Barge,train
Haltiner_Barge_09__tile_r0005_c0002,Haltiner_Barge_09.png,Haltiner_Barge,train
Haltiner_Barge_09__tile_r0005_c0003,Haltiner_Barge_09.png,Haltiner_Barge,train
Haltiner_Barge_09__tile_r0006_c0000,Haltiner_Barge_09.png,Haltiner_Barge,train
Haltiner_Barge_09__tile_r0006_c0001,Haltiner_Barge_09.png,Haltiner_Barge,train
Haltiner_Barge_09__tile_r0006_c0002,Haltiner_Barge_09.png,Haltiner_Barge,train
Haltiner_Barge_09__tile_r0006_c0003,Haltiner_Barge_09.png,Haltiner_Barge,train
Haltiner_Barge_09__tile_r0007_c0000,Haltiner_Barge_09.png,Haltiner_Barge,train
Haltiner_Barge_09__tile_r0007_c0001,Haltiner_Barge_09.png,Haltiner_Barge,train
Haltiner_Barge_09__tile_r0007_c0002,Haltiner_Barge_09.png,Haltiner_Barge,train
Haltiner_Barge_09__tile_r0007_c0003,Haltiner_Barge_09.png,Haltiner_Barge,train
Haltiner_Barge_09__tile_r0008_c0000,Haltiner_Barge_09.png,Haltiner_Barge,train
Haltiner_Barge_09__tile_r0008_c0001,Haltiner_Barge_09.png,Haltiner_Barge,train
Haltiner_Barge_09__tile_r0008_c0002,Haltiner_Barge_09.png,Haltiner_Barge,train
Haltiner_Barge_09__tile_r0008_c0003,Haltiner_Barge_09.png,Haltiner_Barge,train
Haltiner_Barge_09__tile_r0009_c0000,Haltiner_Barge_09.png,Haltiner_Barge,train
Haltiner_Barge_09__tile_r0009_c0001,Haltiner_Barge_09.png,Haltiner_Barge,train
Haltiner_Barge_09__tile_r0009_c0002,Haltiner_Barge_09.png,Haltiner_Barge,train
Haltiner_Barge_09__tile_r0009_c0003,Haltiner_Barge_09.png,Haltiner_Barge,train
Haltiner_Barge_09__tile_r0010_c0000,Haltiner_Barge_09.png,Haltiner_Barge,train
Haltiner_Barge_09__tile_r0010_c0001,Haltiner_Barge_09.png,Haltiner_Barge,train
Haltiner_Barge_09__tile_r0010_c0002,Haltiner_Barge_09.png,Haltiner_Barge,train
Haltiner_Barge_09__tile_r0010_c0003,Haltiner_Barge_09.png,Haltiner_Barge,train
Haltiner_Barge_09__tile_r0011_c0000,Haltiner_Barge_09.png,Haltiner_Barge,train
Haltiner_Barge_09__tile_r0011_c0001,Haltiner_Barge_09.png,Haltiner_Barge,train
Haltiner_Barge_09__tile_r0011_c0002,Haltiner_Barge_09.png,Haltiner_Barge,train
Haltiner_Barge_09__tile_r0011_c0003,Haltiner_Barge_09.png,Haltiner_Barge,train
Haltiner_Barge_09__tile_r0012_c0000,Haltiner_Barge_09.png,Haltiner_Barge,train
Haltiner_Barge_09__tile_r0012_c0001,Haltiner_Barge_09.png,Haltiner_Barge,train
Haltiner_Barge_09__tile_r0012_c0002,Haltiner_Barge_09.png,Haltiner_Barge,train
Haltiner_Barge_09__tile_r0012_c0003,Haltiner_Barge_09.png,Haltiner_Barge,train
Haltiner_Barge_09__tile_r0013_c0000,Haltiner_Barge_09.png,Haltiner_Barge,train
Haltiner_Barge_09__tile_r0013_c0001,Haltiner_Barge_09.png,Haltiner_Barge,train
Haltiner_Barge_09__tile_r0013_c0002,Haltiner_Barge_09.png,Haltiner_Barge,train
Haltiner_Barge_09__tile_r0013_c0003,Haltiner_Barge_09.png,Haltiner_Barge,train
Haltiner_Barge_09__tile_r0014_c0000,Haltiner_Barge_09.png,Haltiner_Barge,train
Haltiner_Barge_09__tile_r0014_c0001,Haltiner_Barge_09.png,Haltiner_Barge,train
Haltiner_Barge_09__tile_r0014_c0002,Haltiner_Barge_09.png,Haltiner_Barge,train
Haltiner_Barge_09__tile_r0014_c0003,Haltiner_Barge_09.png,Haltiner_Barge,train
Haltiner_Barge_09__tile_r0015_c0000,Haltiner_Barge_09.png,Haltiner_Barge,train
Haltiner_Barge_09__tile_r0015_c0001,Haltiner_Barge_09.png,Haltiner_Barge,train
Haltiner_Barge_09__tile_r0015_c0002,Haltiner_Barge_09.png,Haltiner_Barge,train
Haltiner_Barge_09__tile_r0015_c0003,Haltiner_Barge_09.png,Haltiner_Barge,train
Haltiner_Barge_09__tile_r0016_c0000,Haltiner_Barge_09.png,Haltiner_Barge,train
Haltiner_Barge_09__tile_r0016_c0001,Haltiner_Barge_09.png,Haltiner_Barge,train
Haltiner_Barge_09__tile_r0016_c0002,Haltiner_Barge_09.png,Haltiner_Barge,train
Haltiner_Barge_09__tile_r0016_c0003,Haltiner_Barge_09.png,Haltiner_Barge,train
Haltiner_Barge_09__tile_r0017_c0000,Haltiner_Barge_09.png,Haltiner_Barge,train
Haltiner_Barge_09__tile_r0017_c0001,Haltiner_Barge_09.png,Haltiner_Barge,train
Haltiner_Barge_09__tile_r0017_c0002,Haltiner_Barge_09.png,Haltiner_Barge,train
Haltiner_Barge_09__tile_r0017_c0003,Haltiner_Barge_09.png,Haltiner_Barge,train
Haltiner_Barge_09__tile_r0018_c0000,Haltiner_Barge_09.png,Haltiner_Barge,train
Haltiner_Barge_09__tile_r0018_c0001,Haltiner_Barge_09.png,Haltiner_Barge,train
Haltiner_Barge_09__tile_r0018_c0002,Haltiner_Barge_09.png,Haltiner_Barge,train
Haltiner_Barge_09__tile_r0018_c0003,Haltiner_Barge_09.png,Haltiner_Barge,train
Haltiner_Barge_10__tile_r0000_c0000,Haltiner_Barge_10.png,Haltiner_Barge,train
Haltiner_Barge_10__tile_r0000_c0001,Haltiner_Barge_10.png,Haltiner_Barge,train
Haltiner_Barge_10__tile_r0000_c0002,Haltiner_Barge_10.png,Haltiner_Barge,train
Haltiner_Barge_10__tile_r0000_c0003,Haltiner_Barge_10.png,Haltiner_Barge,train
Haltiner_Barge_10__tile_r0001_c0000,Haltiner_Barge_10.png,Haltiner_Barge,train
Haltiner_Barge_10__tile_r0001_c0001,Haltiner_Barge_10.png,Haltiner_Barge,train
Haltiner_Barge_10__tile_r0001_c0002,Haltiner_Barge_10.png,Haltiner_Barge,train
Haltiner_Barge_10__tile_r0001_c0003,Haltiner_Barge_10.png,Haltiner_Barge,train
Haltiner_Barge_10__tile_r0002_c0000,Haltiner_Barge_10.png,Haltiner_Barge,train
Haltiner_Barge_10__tile_r0002_c0001,Haltiner_Barge_10.png,Haltiner_Barge,train
Haltiner_Barge_10__tile_r0002_c0002,Haltiner_Barge_10.png,Haltiner_Barge,train
Haltiner_Barge_10__tile_r0002_c0003,Haltiner_Barge_10.png,Haltiner_Barge,train
Haltiner_Barge_10__tile_r0003_c0000,Haltiner_Barge_10.png,Haltiner_Barge,train
Haltiner_Barge_10__tile_r0003_c0001,Haltiner_Barge_10.png,Haltiner_Barge,train
Haltiner_Barge_10__tile_r0003_c0002,Haltiner_Barge_10.png,Haltiner_Barge,train
Haltiner_Barge_10__tile_r0003_c0003,Haltiner_Barge_10.png,Haltiner_Barge,train
Haltiner_Barge_10__tile_r0004_c0000,Haltiner_Barge_10.png,Haltiner_Barge,train
Haltiner_Barge_10__tile_r0004_c0001,Haltiner_Barge_10.png,Haltiner_Barge,train
Haltiner_Barge_10__tile_r0004_c0002,Haltiner_Barge_10.png,Haltiner_Barge,train
Haltiner_Barge_10__tile_r0004_c0003,Haltiner_Barge_10.png,Haltiner_Barge,train
Haltiner_Barge_10__tile_r0005_c0000,Haltiner_Barge_10.png,Haltiner_Barge,train
Haltiner_Barge_10__tile_r0005_c0001,Haltiner_Barge_10.png,Haltiner_Barge,train
Haltiner_Barge_10__tile_r0005_c0002,Haltiner_Barge_10.png,Haltiner_Barge,train
Haltiner_Barge_10__tile_r0005_c0003,Haltiner_Barge_10.png,Haltiner_Barge,train
Haltiner_Barge_10__tile_r0006_c0000,Haltiner_Barge_10.png,Haltiner_Barge,train
Haltiner_Barge_10__tile_r0006_c0001,Haltiner_Barge_10.png,Haltiner_Barge,train
Haltiner_Barge_10__tile_r0006_c0002,Haltiner_Barge_10.png,Haltiner_Barge,train
Haltiner_Barge_10__tile_r0006_c0003,Haltiner_Barge_10.png,Haltiner_Barge,train
Haltiner_Barge_10__tile_r0007_c0000,Haltiner_Barge_10.png,Haltiner_Barge,train
Haltiner_Barge_10__tile_r0007_c0001,Haltiner_Barge_10.png,Haltiner_Barge,train
Haltiner_Barge_10__tile_r0007_c0002,Haltiner_Barge_10.png,Haltiner_Barge,train
Haltiner_Barge_10__tile_r0007_c0003,Haltiner_Barge_10.png,Haltiner_Barge,train
Haltiner_Barge_10__tile_r0008_c0000,Haltiner_Barge_10.png,Haltiner_Barge,train
Haltiner_Barge_10__tile_r0008_c0001,Haltiner_Barge_10.png,Haltiner_Barge,train
Haltiner_Barge_10__tile_r0008_c0002,Haltiner_Barge_10.png,Haltiner_Barge,train
Haltiner_Barge_10__tile_r0008_c0003,Haltiner_Barge_10.png,Haltiner_Barge,train
Haltiner_Barge_10__tile_r0009_c0000,Haltiner_Barge_10.png,Haltiner_Barge,train
Haltiner_Barge_10__tile_r0009_c0001,Haltiner_Barge_10.png,Haltiner_Barge,train
Haltiner_Barge_10__tile_r0009_c0002,Haltiner_Barge_10.png,Haltiner_Barge,train
Haltiner_Barge_10__tile_r0009_c0003,Haltiner_Barge_10.png,Haltiner_Barge,train
Haltiner_Barge_10__tile_r0010_c0000,Haltiner_Barge_10.png,Haltiner_Barge,train
Haltiner_Barge_10__tile_r0010_c0001,Haltiner_Barge_10.png,Haltiner_Barge,train
Haltiner_Barge_10__tile_r0010_c0002,Haltiner_Barge_10.png,Haltiner_Barge,train
Haltiner_Barge_10__tile_r0010_c0003,Haltiner_Barge_10.png,Haltiner_Barge,train
Haltiner_Barge_10__tile_r0011_c0000,Haltiner_Barge_10.png,Haltiner_Barge,train
Haltiner_Barge_10__tile_r0011_c0001,Haltiner_Barge_10.png,Haltiner_Barge,train
Haltiner_Barge_10__tile_r0011_c0002,Haltiner_Barge_10.png,Haltiner_Barge,train
Haltiner_Barge_10__tile_r0011_c0003,Haltiner_Barge_10.png,Haltiner_Barge,train
Haltiner_Barge_10__tile_r0012_c0000,Haltiner_Barge_10.png,Haltiner_Barge,train
Haltiner_Barge_10__tile_r0012_c0001,Haltiner_Barge_10.png,Haltiner_Barge,train
Haltiner_Barge_10__tile_r0012_c0002,Haltiner_Barge_10.png,Haltiner_Barge,train
Haltiner_Barge_10__tile_r0012_c0003,Haltiner_Barge_10.png,Haltiner_Barge,train
Haltiner_Barge_10__tile_r0013_c0000,Haltiner_Barge_10.png,Haltiner_Barge,train
Haltiner_Barge_10__tile_r0013_c0001,Haltiner_Barge_10.png,Haltiner_Barge,train
Haltiner_Barge_10__tile_r0013_c0002,Haltiner_Barge_10.png,Haltiner_Barge,train
Haltiner_Barge_10__tile_r0013_c0003,Haltiner_Barge_10.png,Haltiner_Barge,train
Haltiner_Barge_10__tile_r0014_c0000,Haltiner_Barge_10.png,Haltiner_Barge,train
Haltiner_Barge_10__tile_r0014_c0001,Haltiner_Barge_10.png,Haltiner_Barge,train
Haltiner_Barge_10__tile_r0014_c0002,Haltiner_Barge_10.png,Haltiner_Barge,train
Haltiner_Barge_10__tile_r0014_c0003,Haltiner_Barge_10.png,Haltiner_Barge,train
Haltiner_Barge_10__tile_r0015_c0000,Haltiner_Barge_10.png,Haltiner_Barge,train
Haltiner_Barge_10__tile_r0015_c0001,Haltiner_Barge_10.png,Haltiner_Barge,train
Haltiner_Barge_10__tile_r0015_c0002,Haltiner_Barge_10.png,Haltiner_Barge,train
Haltiner_Barge_10__tile_r0015_c0003,Haltiner_Barge_10.png,Haltiner_Barge,train
Haltiner_Barge_10__tile_r0016_c0000,Haltiner_Barge_10.png,Haltiner_Barge,train
Haltiner_Barge_10__tile_r0016_c0001,Haltiner_Barge_10.png,Haltiner_Barge,train
Haltiner_Barge_10__tile_r0016_c0002,Haltiner_Barge_10.png,Haltiner_Barge,train
Haltiner_Barge_10__tile_r0016_c0003,Haltiner_Barge_10.png,Haltiner_Barge,train
Haltiner_Barge_10__tile_r0017_c0000,Haltiner_Barge_10.png,Haltiner_Barge,train
Haltiner_Barge_10__tile_r0017_c0001,Haltiner_Barge_10.png,Haltiner_Barge,train
Haltiner_Barge_10__tile_r0017_c0002,Haltiner_Barge_10.png,Haltiner_Barge,train
Haltiner_Barge_10__tile_r0017_c0003,Haltiner_Barge_10.png,Haltiner_Barge,train
Haltiner_Barge_10__tile_r0018_c0000,Haltiner_Barge_10.png,Haltiner_Barge,train
Haltiner_Barge_10__tile_r0018_c0001,Haltiner_Barge_10.png,Haltiner_Barge,train
Haltiner_Barge_10__tile_r0018_c0002,Haltiner_Barge_10.png,Haltiner_Barge,train
Haltiner_Barge_10__tile_r0018_c0003,Haltiner_Barge_10.png,Haltiner_Barge,train
Haltiner_Barge_11__tile_r0000_c0000,Haltiner_Barge_11.png,Haltiner_Barge,train
Haltiner_Barge_11__tile_r0000_c0001,Haltiner_Barge_11.png,Haltiner_Barge,train
Haltiner_Barge_11__tile_r0000_c0002,Haltiner_Barge_11.png,Haltiner_Barge,train
Haltiner_Barge_11__tile_r0000_c0003,Haltiner_Barge_11.png,Haltiner_Barge,train
Haltiner_Barge_11__tile_r0001_c0000,Haltiner_Barge_11.png,Haltiner_Barge,train
Haltiner_Barge_11__tile_r0001_c0001,Haltiner_Barge_11.png,Haltiner_Barge,train
Haltiner_Barge_11__tile_r0001_c0002,Haltiner_Barge_11.png,Haltiner_Barge,train
Haltiner_Barge_11__tile_r0001_c0003,Haltiner_Barge_11.png,Haltiner_Barge,train
Haltiner_Barge_11__tile_r0002_c0000,Haltiner_Barge_11.png,Haltiner_Barge,train
Haltiner_Barge_11__tile_r0002_c0001,Haltiner_Barge_11.png,Haltiner_Barge,train
Haltiner_Barge_11__tile_r0002_c0002,Haltiner_Barge_11.png,Haltiner_Barge,train
Haltiner_Barge_11__tile_r0002_c0003,Haltiner_Barge_11.png,Haltiner_Barge,train
Haltiner_Barge_11__tile_r0003_c0000,Haltiner_Barge_11.png,Haltiner_Barge,train
Haltiner_Barge_11__tile_r0003_c0001,Haltiner_Barge_11.png,Haltiner_Barge,train
Haltiner_Barge_11__tile_r0003_c0002,Haltiner_Barge_11.png,Haltiner_Barge,train
Haltiner_Barge_11__tile_r0003_c0003,Haltiner_Barge_11.png,Haltiner_Barge,train
Haltiner_Barge_11__tile_r0004_c0000,Haltiner_Barge_11.png,Haltiner_Barge,train
Haltiner_Barge_11__tile_r0004_c0001,Haltiner_Barge_11.png,Haltiner_Barge,train
Haltiner_Barge_11__tile_r0004_c0002,Haltiner_Barge_11.png,Haltiner_Barge,train
Haltiner_Barge_11__tile_r0004_c0003,Haltiner_Barge_11.png,Haltiner_Barge,train
Haltiner_Barge_11__tile_r0005_c0000,Haltiner_Barge_11.png,Haltiner_Barge,train
Haltiner_Barge_11__tile_r0005_c0001,Haltiner_Barge_11.png,Haltiner_Barge,train
Haltiner_Barge_11__tile_r0005_c0002,Haltiner_Barge_11.png,Haltiner_Barge,train
Haltiner_Barge_11__tile_r0005_c0003,Haltiner_Barge_11.png,Haltiner_Barge,train
Haltiner_Barge_11__tile_r0006_c0000,Haltiner_Barge_11.png,Haltiner_Barge,train
Haltiner_Barge_11__tile_r0006_c0001,Haltiner_Barge_11.png,Haltiner_Barge,train
Haltiner_Barge_11__tile_r0006_c0002,Haltiner_Barge_11.png,Haltiner_Barge,train
Haltiner_Barge_11__tile_r0006_c0003,Haltiner_Barge_11.png,Haltiner_Barge,train
Haltiner_Barge_11__tile_r0007_c0000,Haltiner_Barge_11.png,Haltiner_Barge,train
Haltiner_Barge_11__tile_r0007_c0001,Haltiner_Barge_11.png,Haltiner_Barge,train
Haltiner_Barge_11__tile_r0007_c0002,Haltiner_Barge_11.png,Haltiner_Barge,train
Haltiner_Barge_11__tile_r0007_c0003,Haltiner_Barge_11.png,Haltiner_Barge,train
Haltiner_Barge_11__tile_r0008_c0000,Haltiner_Barge_11.png,Haltiner_Barge,train
Haltiner_Barge_11__tile_r0008_c0001,Haltiner_Barge_11.png,Haltiner_Barge,train
Haltiner_Barge_11__tile_r0008_c0002,Haltiner_Barge_11.png,Haltiner_Barge,train
Haltiner_Barge_11__tile_r0008_c0003,Haltiner_Barge_11.png,Haltiner_Barge,train
Haltiner_Barge_11__tile_r0009_c0000,Haltiner_Barge_11.png,Haltiner_Barge,train
Haltiner_Barge_11__tile_r0009_c0001,Haltiner_Barge_11.png,Haltiner_Barge,train
Haltiner_Barge_11__tile_r0009_c0002,Haltiner_Barge_11.png,Haltiner_Barge,train
Haltiner_Barge_11__tile_r0009_c0003,Haltiner_Barge_11.png,Haltiner_Barge,train
Haltiner_Barge_11__tile_r0010_c0000,Haltiner_Barge_11.png,Haltiner_Barge,train
Haltiner_Barge_11__tile_r0010_c0001,Haltiner_Barge_11.png,Haltiner_Barge,train
Haltiner_Barge_11__tile_r0010_c0002,Haltiner_Barge_11.png,Haltiner_Barge,train
Haltiner_Barge_11__tile_r0010_c0003,Haltiner_Barge_11.png,Haltiner_Barge,train
Haltiner_Barge_11__tile_r0011_c0000,Haltiner_Barge_11.png,Haltiner_Barge,train
Haltiner_Barge_11__tile_r0011_c0001,Haltiner_Barge_11.png,Haltiner_Barge,train
Haltiner_Barge_11__tile_r0011_c0002,Haltiner_Barge_11.png,Haltiner_Barge,train
Haltiner_Barge_11__tile_r0011_c0003,Haltiner_Barge_11.png,Haltiner_Barge,train
Haltiner_Barge_11__tile_r0012_c0000,Haltiner_Barge_11.png,Haltiner_Barge,train
Haltiner_Barge_11__tile_r0012_c0001,Haltiner_Barge_11.png,Haltiner_Barge,train
Haltiner_Barge_11__tile_r0012_c0002,Haltiner_Barge_11.png,Haltiner_Barge,train
Haltiner_Barge_11__tile_r0012_c0003,Haltiner_Barge_11.png,Haltiner_Barge,train
Haltiner_Barge_11__tile_r0013_c0000,Haltiner_Barge_11.png,Haltiner_Barge,train
Haltiner_Barge_11__tile_r0013_c0001,Haltiner_Barge_11.png,Haltiner_Barge,train
Haltiner_Barge_11__tile_r0013_c0002,Haltiner_Barge_11.png,Haltiner_Barge,train
Haltiner_Barge_11__tile_r0013_c0003,Haltiner_Barge_11.png,Haltiner_Barge,train
Haltiner_Barge_11__tile_r0014_c0000,Haltiner_Barge_11.png,Haltiner_Barge,train
Haltiner_Barge_11__tile_r0014_c0001,Haltiner_Barge_11.png,Haltiner_Barge,train
Haltiner_Barge_11__tile_r0014_c0002,Haltiner_Barge_11.png,Haltiner_Barge,train
Haltiner_Barge_11__tile_r0014_c0003,Haltiner_Barge_11.png,Haltiner_Barge,train
Haltiner_Barge_11__tile_r0015_c0000,Haltiner_Barge_11.png,Haltiner_Barge,train
Haltiner_Barge_11__tile_r0015_c0001,Haltiner_Barge_11.png,Haltiner_Barge,train
Haltiner_Barge_11__tile_r0015_c0002,Haltiner_Barge_11.png,Haltiner_Barge,train
Haltiner_Barge_11__tile_r0015_c0003,Haltiner_Barge_11.png,Haltiner_Barge,train
Haltiner_Barge_11__tile_r0016_c0000,Haltiner_Barge_11.png,Haltiner_Barge,train
Haltiner_Barge_11__tile_r0016_c0001,Haltiner_Barge_11.png,Haltiner_Barge,train
Haltiner_Barge_11__tile_r0016_c0002,Haltiner_Barge_11.png,Haltiner_Barge,train
Haltiner_Barge_11__tile_r0016_c0003,Haltiner_Barge_11.png,Haltiner_Barge,train
Haltiner_Barge_11__tile_r0017_c0000,Haltiner_Barge_11.png,Haltiner_Barge,train
Haltiner_Barge_11__tile_r0017_c0001,Haltiner_Barge_11.png,Haltiner_Barge,train
Haltiner_Barge_11__tile_r0017_c0002,Haltiner_Barge_11.png,Haltiner_Barge,train
Haltiner_Barge_11__tile_r0017_c0003,Haltiner_Barge_11.png,Haltiner_Barge,train
Haltiner_Barge_11__tile_r0018_c0000,Haltiner_Barge_11.png,Haltiner_Barge,train
Haltiner_Barge_11__tile_r0018_c0001,Haltiner_Barge_11.png,Haltiner_Barge,train
Haltiner_Barge_11__tile_r0018_c0002,Haltiner_Barge_11.png,Haltiner_Barge,train
Haltiner_Barge_11__tile_r0018_c0003,Haltiner_Barge_11.png,Haltiner_Barge,train
Haltiner_Barge_12__tile_r0000_c0000,Haltiner_Barge_12.png,Haltiner_Barge,train
Haltiner_Barge_12__tile_r0000_c0001,Haltiner_Barge_12.png,Haltiner_Barge,train
Haltiner_Barge_12__tile_r0000_c0002,Haltiner_Barge_12.png,Haltiner_Barge,train
Haltiner_Barge_12__tile_r0000_c0003,Haltiner_Barge_12.png,Haltiner_Barge,train
Haltiner_Barge_12__tile_r0001_c0000,Haltiner_Barge_12.png,Haltiner_Barge,train
Haltiner_Barge_12__tile_r0001_c0001,Haltiner_Barge_12.png,Haltiner_Barge,train
Haltiner_Barge_12__tile_r0001_c0002,Haltiner_Barge_12.png,Haltiner_Barge,train
Haltiner_Barge_12__tile_r0001_c0003,Haltiner_Barge_12.png,Haltiner_Barge,train
Haltiner_Barge_12__tile_r0002_c0000,Haltiner_Barge_12.png,Haltiner_Barge,train
Haltiner_Barge_12__tile_r0002_c0001,Haltiner_Barge_12.png,Haltiner_Barge,train
Haltiner_Barge_12__tile_r0002_c0002,Haltiner_Barge_12.png,Haltiner_Barge,train
Haltiner_Barge_12__tile_r0002_c0003,Haltiner_Barge_12.png,Haltiner_Barge,train
Haltiner_Barge_12__tile_r0003_c0000,Haltiner_Barge_12.png,Haltiner_Barge,train
Haltiner_Barge_12__tile_r0003_c0001,Haltiner_Barge_12.png,Haltiner_Barge,train
Haltiner_Barge_12__tile_r0003_c0002,Haltiner_Barge_12.png,Haltiner_Barge,train
Haltiner_Barge_12__tile_r0003_c0003,Haltiner_Barge_12.png,Haltiner_Barge,train
Haltiner_Barge_12__tile_r0004_c0000,Haltiner_Barge_12.png,Haltiner_Barge,train
Haltiner_Barge_12__tile_r0004_c0001,Haltiner_Barge_12.png,Haltiner_Barge,train
Haltiner_Barge_12__tile_r0004_c0002,Haltiner_Barge_12.png,Haltiner_Barge,train
Haltiner_Barge_12__tile_r0004_c0003,Haltiner_Barge_12.png,Haltiner_Barge,train
Haltiner_Barge_12__tile_r0005_c0000,Haltiner_Barge_12.png,Haltiner_Barge,train
Haltiner_Barge_12__tile_r0005_c0001,Haltiner_Barge_12.png,Haltiner_Barge,train
Haltiner_Barge_12__tile_r0005_c0002,Haltiner_Barge_12.png,Haltiner_Barge,train
Haltiner_Barge_12__tile_r0005_c0003,Haltiner_Barge_12.png,Haltiner_Barge,train
Haltiner_Barge_12__tile_r0006_c0000,Haltiner_Barge_12.png,Haltiner_Barge,train
Haltiner_Barge_12__tile_r0006_c0001,Haltiner_Barge_12.png,Haltiner_Barge,train
Haltiner_Barge_12__tile_r0006_c0002,Haltiner_Barge_12.png,Haltiner_Barge,train
Haltiner_Barge_12__tile_r0006_c0003,Haltiner_Barge_12.png,Haltiner_Barge,train
Haltiner_Barge_12__tile_r0007_c0000,Haltiner_Barge_12.png,Haltiner_Barge,train
Haltiner_Barge_12__tile_r0007_c0001,Haltiner_Barge_12.png,Haltiner_Barge,train
Haltiner_Barge_12__tile_r0007_c0002,Haltiner_Barge_12.png,Haltiner_Barge,train
Haltiner_Barge_12__tile_r0007_c0003,Haltiner_Barge_12.png,Haltiner_Barge,train
Haltiner_Barge_12__tile_r0008_c0000,Haltiner_Barge_12.png,Haltiner_Barge,train
Haltiner_Barge_12__tile_r0008_c0001,Haltiner_Barge_12.png,Haltiner_Barge,train
Haltiner_Barge_12__tile_r0008_c0002,Haltiner_Barge_12.png,Haltiner_Barge,train
Haltiner_Barge_12__tile_r0008_c0003,Haltiner_Barge_12.png,Haltiner_Barge,train
Haltiner_Barge_12__tile_r0009_c0000,Haltiner_Barge_12.png,Haltiner_Barge,train
Haltiner_Barge_12__tile_r0009_c0001,Haltiner_Barge_12.png,Haltiner_Barge,train
Haltiner_Barge_12__tile_r0009_c0002,Haltiner_Barge_12.png,Haltiner_Barge,train
Haltiner_Barge_12__tile_r0009_c0003,Haltiner_Barge_12.png,Haltiner_Barge,train
Haltiner_Barge_12__tile_r0010_c0000,Haltiner_Barge_12.png,Haltiner_Barge,train
Haltiner_Barge_12__tile_r0010_c0001,Haltiner_Barge_12.png,Haltiner_Barge,train
Haltiner_Barge_12__tile_r0010_c0002,Haltiner_Barge_12.png,Haltiner_Barge,train
Haltiner_Barge_12__tile_r0010_c0003,Haltiner_Barge_12.png,Haltiner_Barge,train
Haltiner_Barge_12__tile_r0011_c0000,Haltiner_Barge_12.png,Haltiner_Barge,train
Haltiner_Barge_12__tile_r0011_c0001,Haltiner_Barge_12.png,Haltiner_Barge,train
Haltiner_Barge_12__tile_r0011_c0002,Haltiner_Barge_12.png,Haltiner_Barge,train
Haltiner_Barge_12__tile_r0011_c0003,Haltiner_Barge_12.png,Haltiner_Barge,train
Haltiner_Barge_12__tile_r0012_c0000,Haltiner_Barge_12.png,Haltiner_Barge,train
Haltiner_Barge_12__tile_r0012_c0001,Haltiner_Barge_12.png,Haltiner_Barge,train
Haltiner_Barge_12__tile_r0012_c0002,Haltiner_Barge_12.png,Haltiner_Barge,train
Haltiner_Barge_12__tile_r0012_c0003,Haltiner_Barge_12.png,Haltiner_Barge,train
Haltiner_Barge_12__tile_r0013_c0000,Haltiner_Barge_12.png,Haltiner_Barge,train
Haltiner_Barge_12__tile_r0013_c0001,Haltiner_Barge_12.png,Haltiner_Barge,train
Haltiner_Barge_12__tile_r0013_c0002,Haltiner_Barge_12.png,Haltiner_Barge,train
Haltiner_Barge_12__tile_r0013_c0003,Haltiner_Barge_12.png,Haltiner_Barge,train
Haltiner_Barge_12__tile_r0014_c0000,Haltiner_Barge_12.png,Haltiner_Barge,train
Haltiner_Barge_12__tile_r0014_c0001,Haltiner_Barge_12.png,Haltiner_Barge,train
Haltiner_Barge_12__tile_r0014_c0002,Haltiner_Barge_12.png,Haltiner_Barge,train
Haltiner_Barge_12__tile_r0014_c0003,Haltiner_Barge_12.png,Haltiner_Barge,train
Haltiner_Barge_12__tile_r0015_c0000,Haltiner_Barge_12.png,Haltiner_Barge,train
Haltiner_Barge_12__tile_r0015_c0001,Haltiner_Barge_12.png,Haltiner_Barge,train
Haltiner_Barge_12__tile_r0015_c0002,Haltiner_Barge_12.png,Haltiner_Barge,train
Haltiner_Barge_12__tile_r0015_c0003,Haltiner_Barge_12.png,Haltiner_Barge,train
Haltiner_Barge_12__tile_r0016_c0000,Haltiner_Barge_12.png,Haltiner_Barge,train
Haltiner_Barge_12__tile_r0016_c0001,Haltiner_Barge_12.png,Haltiner_Barge,train
Haltiner_Barge_12__tile_r0016_c0002,Haltiner_Barge_12.png,Haltiner_Barge,train
Haltiner_Barge_12__tile_r0016_c0003,Haltiner_Barge_12.png,Haltiner_Barge,train
Haltiner_Barge_12__tile_r0017_c0000,Haltiner_Barge_12.png,Haltiner_Barge,train
Haltiner_Barge_12__tile_r0017_c0001,Haltiner_Barge_12.png,Haltiner_Barge,train
Haltiner_Barge_12__tile_r0017_c0002,Haltiner_Barge_12.png,Haltiner_Barge,train
Haltiner_Barge_12__tile_r0017_c0003,Haltiner_Barge_12.png,Haltiner_Barge,train
Haltiner_Barge_12__tile_r0018_c0000,Haltiner_Barge_12.png,Haltiner_Barge,train
Haltiner_Barge_12__tile_r0018_c0001,Haltiner_Barge_12.png,Haltiner_Barge,train
Haltiner_Barge_12__tile_r0018_c0002,Haltiner_Barge_12.png,Haltiner_Barge,train
Haltiner_Barge_12__tile_r0018_c0003,Haltiner_Barge_12.png,Haltiner_Barge,train
Haltiner_Barge_13__tile_r0000_c0000,Haltiner_Barge_13.png,Haltiner_Barge,train
Haltiner_Barge_13__tile_r0000_c0001,Haltiner_Barge_13.png,Haltiner_Barge,train
Haltiner_Barge_13__tile_r0000_c0002,Haltiner_Barge_13.png,Haltiner_Barge,train
Haltiner_Barge_13__tile_r0000_c0003,Haltiner_Barge_13.png,Haltiner_Barge,train
Haltiner_Barge_13__tile_r0001_c0000,Haltiner_Barge_13.png,Haltiner_Barge,train
Haltiner_Barge_13__tile_r0001_c0001,Haltiner_Barge_13.png,Haltiner_Barge,train
Haltiner_Barge_13__tile_r0001_c0002,Haltiner_Barge_13.png,Haltiner_Barge,train
Haltiner_Barge_13__tile_r0001_c0003,Haltiner_Barge_13.png,Haltiner_Barge,train
Haltiner_Barge_13__tile_r0002_c0000,Haltiner_Barge_13.png,Haltiner_Barge,train
Haltiner_Barge_13__tile_r0002_c0001,Haltiner_Barge_13.png,Haltiner_Barge,train
Haltiner_Barge_13__tile_r0002_c0002,Haltiner_Barge_13.png,Haltiner_Barge,train
Haltiner_Barge_13__tile_r0002_c0003,Haltiner_Barge_13.png,Haltiner_Barge,train
Haltiner_Barge_13__tile_r0003_c0000,Haltiner_Barge_13.png,Haltiner_Barge,train
Haltiner_Barge_13__tile_r0003_c0001,Haltiner_Barge_13.png,Haltiner_Barge,train
Haltiner_Barge_13__tile_r0003_c0002,Haltiner_Barge_13.png,Haltiner_Barge,train
Haltiner_Barge_13__tile_r0003_c0003,Haltiner_Barge_13.png,Haltiner_Barge,train
Haltiner_Barge_13__tile_r0004_c0000,Haltiner_Barge_13.png,Haltiner_Barge,train
Haltiner_Barge_13__tile_r0004_c0001,Haltiner_Barge_13.png,Haltiner_Barge,train
Haltiner_Barge_13__tile_r0004_c0002,Haltiner_Barge_13.png,Haltiner_Barge,train
Haltiner_Barge_13__tile_r0004_c0003,Haltiner_Barge_13.png,Haltiner_Barge,train
Haltiner_Barge_13__tile_r0005_c0000,Haltiner_Barge_13.png,Haltiner_Barge,train
Haltiner_Barge_13__tile_r0005_c0001,Haltiner_Barge_13.png,Haltiner_Barge,train
Haltiner_Barge_13__tile_r0005_c0002,Haltiner_Barge_13.png,Haltiner_Barge,train
Haltiner_Barge_13__tile_r0005_c0003,Haltiner_Barge_13.png,Haltiner_Barge,train
Haltiner_Barge_13__tile_r0006_c0000,Haltiner_Barge_13.png,Haltiner_Barge,train
Haltiner_Barge_13__tile_r0006_c0001,Haltiner_Barge_13.png,Haltiner_Barge,train
Haltiner_Barge_13__tile_r0006_c0002,Haltiner_Barge_13.png,Haltiner_Barge,train
Haltiner_Barge_13__tile_r0006_c0003,Haltiner_Barge_13.png,Haltiner_Barge,train
Haltiner_Barge_13__tile_r0007_c0000,Haltiner_Barge_13.png,Haltiner_Barge,train
Haltiner_Barge_13__tile_r0007_c0001,Haltiner_Barge_13.png,Haltiner_Barge,train
Haltiner_Barge_13__tile_r0007_c0002,Haltiner_Barge_13.png,Haltiner_Barge,train
Haltiner_Barge_13__tile_r0007_c0003,Haltiner_Barge_13.png,Haltiner_Barge,train
Haltiner_Barge_13__tile_r0008_c0000,Haltiner_Barge_13.png,Haltiner_Barge,train
Haltiner_Barge_13__tile_r0008_c0001,Haltiner_Barge_13.png,Haltiner_Barge,train
Haltiner_Barge_13__tile_r0008_c0002,Haltiner_Barge_13.png,Haltiner_Barge,train
Haltiner_Barge_13__tile_r0008_c0003,Haltiner_Barge_13.png,Haltiner_Barge,train
Haltiner_Barge_13__tile_r0009_c0000,Haltiner_Barge_13.png,Haltiner_Barge,train
Haltiner_Barge_13__tile_r0009_c0001,Haltiner_Barge_13.png,Haltiner_Barge,train
Haltiner_Barge_13__tile_r0009_c0002,Haltiner_Barge_13.png,Haltiner_Barge,train
Haltiner_Barge_13__tile_r0009_c0003,Haltiner_Barge_13.png,Haltiner_Barge,train
Haltiner_Barge_13__tile_r0010_c0000,Haltiner_Barge_13.png,Haltiner_Barge,train
Haltiner_Barge_13__tile_r0010_c0001,Haltiner_Barge_13.png,Haltiner_Barge,train
Haltiner_Barge_13__tile_r0010_c0002,Haltiner_Barge_13.png,Haltiner_Barge,train
Haltiner_Barge_13__tile_r0010_c0003,Haltiner_Barge_13.png,Haltiner_Barge,train
Haltiner_Barge_13__tile_r0011_c0000,Haltiner_Barge_13.png,Haltiner_Barge,train
Haltiner_Barge_13__tile_r0011_c0001,Haltiner_Barge_13.png,Haltiner_Barge,train
Haltiner_Barge_13__tile_r0011_c0002,Haltiner_Barge_13.png,Haltiner_Barge,train
Haltiner_Barge_13__tile_r0011_c0003,Haltiner_Barge_13.png,Haltiner_Barge,train
Haltiner_Barge_13__tile_r0012_c0000,Haltiner_Barge_13.png,Haltiner_Barge,train
Haltiner_Barge_13__tile_r0012_c0001,Haltiner_Barge_13.png,Haltiner_Barge,train
Haltiner_Barge_13__tile_r0012_c0002,Haltiner_Barge_13.png,Haltiner_Barge,train
Haltiner_Barge_13__tile_r0012_c0003,Haltiner_Barge_13.png,Haltiner_Barge,train
Haltiner_Barge_13__tile_r0013_c0000,Haltiner_Barge_13.png,Haltiner_Barge,train
Haltiner_Barge_13__tile_r0013_c0001,Haltiner_Barge_13.png,Haltiner_Barge,train
Haltiner_Barge_13__tile_r0013_c0002,Haltiner_Barge_13.png,Haltiner_Barge,train
Haltiner_Barge_13__tile_r0013_c0003,Haltiner_Barge_13.png,Haltiner_Barge,train
Haltiner_Barge_13__tile_r0014_c0000,Haltiner_Barge_13.png,Haltiner_Barge,train
Haltiner_Barge_13__tile_r0014_c0001,Haltiner_Barge_13.png,Haltiner_Barge,train
Haltiner_Barge_13__tile_r0014_c0002,Haltiner_Barge_13.png,Haltiner_Barge,train
Haltiner_Barge_13__tile_r0014_c0003,Haltiner_Barge_13.png,Haltiner_Barge,train
Haltiner_Barge_13__tile_r0015_c0000,Haltiner_Barge_13.png,Haltiner_Barge,train
Haltiner_Barge_13__tile_r0015_c0001,Haltiner_Barge_13.png,Haltiner_Barge,train
Haltiner_Barge_13__tile_r0015_c0002,Haltiner_Barge_13.png,Haltiner_Barge,train
Haltiner_Barge_13__tile_r0015_c0003,Haltiner_Barge_13.png,Haltiner_Barge,train
Haltiner_Barge_13__tile_r0016_c0000,Haltiner_Barge_13.png,Haltiner_Barge,train
Haltiner_Barge_13__tile_r0016_c0001,Haltiner_Barge_13.png,Haltiner_Barge,train
Haltiner_Barge_13__tile_r0016_c0002,Haltiner_Barge_13.png,Haltiner_Barge,train
Haltiner_Barge_13__tile_r0016_c0003,Haltiner_Barge_13.png,Haltiner_Barge,train
Haltiner_Barge_13__tile_r0017_c0000,Haltiner_Barge_13.png,Haltiner_Barge,train
Haltiner_Barge_13__tile_r0017_c0001,Haltiner_Barge_13.png,Haltiner_Barge,train
Haltiner_Barge_13__tile_r0017_c0002,Haltiner_Barge_13.png,Haltiner_Barge,train
Haltiner_Barge_13__tile_r0017_c0003,Haltiner_Barge_13.png,Haltiner_Barge,train
Haltiner_Barge_13__tile_r0018_c0000,Haltiner_Barge_13.png,Haltiner_Barge,train
Haltiner_Barge_13__tile_r0018_c0001,Haltiner_Barge_13.png,Haltiner_Barge,train
Haltiner_Barge_13__tile_r0018_c0002,Haltiner_Barge_13.png,Haltiner_Barge,train
Haltiner_Barge_13__tile_r0018_c0003,Haltiner_Barge_13.png,Haltiner_Barge,train
James_Davidson_01__tile_r0000_c0000,James_Davidson_01.png,James_Davidson,train
James_Davidson_01__tile_r0000_c0001,James_Davidson_01.png,James_Davidson,train
James_Davidson_01__tile_r0000_c0002,James_Davidson_01.png,James_Davidson,train
James_Davidson_01__tile_r0000_c0003,James_Davidson_01.png,James_Davidson,train
James_Davidson_01__tile_r0001_c0000,James_Davidson_01.png,James_Davidson,train
James_Davidson_01__tile_r0001_c0001,James_Davidson_01.png,James_Davidson,train
James_Davidson_01__tile_r0001_c0002,James_Davidson_01.png,James_Davidson,train
James_Davidson_01__tile_r0001_c0003,James_Davidson_01.png,James_Davidson,train
James_Davidson_01__tile_r0002_c0000,James_Davidson_01.png,James_Davidson,train
James_Davidson_01__tile_r0002_c0001,James_Davidson_01.png,James_Davidson,train
James_Davidson_01__tile_r0002_c0002,James_Davidson_01.png,James_Davidson,train
James_Davidson_01__tile_r0002_c0003,James_Davidson_01.png,James_Davidson,train
James_Davidson_01__tile_r0003_c0000,James_Davidson_01.png,James_Davidson,train
James_Davidson_01__tile_r0003_c0001,James_Davidson_01.png,James_Davidson,train
James_Davidson_01__tile_r0003_c0002,James_Davidson_01.png,James_Davidson,train
James_Davidson_01__tile_r0003_c0003,James_Davidson_01.png,James_Davidson,train
James_Davidson_01__tile_r0004_c0000,James_Davidson_01.png,James_Davidson,train
James_Davidson_01__tile_r0004_c0001,James_Davidson_01.png,James_Davidson,train
James_Davidson_01__tile_r0004_c0002,James_Davidson_01.png,James_Davidson,train
James_Davidson_01__tile_r0004_c0003,James_Davidson_01.png,James_Davidson,train
James_Davidson_01__tile_r0005_c0000,James_Davidson_01.png,James_Davidson,train
James_Davidson_01__tile_r0005_c0001,James_Davidson_01.png,James_Davidson,train
James_Davidson_01__tile_r0005_c0002,James_Davidson_01.png,James_Davidson,train
James_Davidson_01__tile_r0005_c0003,James_Davidson_01.png,James_Davidson,train
James_Davidson_01__tile_r0006_c0000,James_Davidson_01.png,James_Davidson,train
James_Davidson_01__tile_r0006_c0001,James_Davidson_01.png,James_Davidson,train
James_Davidson_01__tile_r0006_c0002,James_Davidson_01.png,James_Davidson,train
James_Davidson_01__tile_r0006_c0003,James_Davidson_01.png,James_Davidson,train
James_Davidson_01__tile_r0007_c0000,James_Davidson_01.png,James_Davidson,train
James_Davidson_01__tile_r0007_c0001,James_Davidson_01.png,James_Davidson,train
James_Davidson_01__tile_r0007_c0002,James_Davidson_01.png,James_Davidson,train
James_Davidson_01__tile_r0007_c0003,James_Davidson_01.png,James_Davidson,train
James_Davidson_01__tile_r0008_c0000,James_Davidson_01.png,James_Davidson,train
James_Davidson_01__tile_r0008_c0001,James_Davidson_01.png,James_Davidson,train
James_Davidson_01__tile_r0008_c0002,James_Davidson_01.png,James_Davidson,train
James_Davidson_01__tile_r0008_c0003,James_Davidson_01.png,James_Davidson,train
James_Davidson_01__tile_r0009_c0000,James_Davidson_01.png,James_Davidson,train
James_Davidson_01__tile_r0009_c0001,James_Davidson_01.png,James_Davidson,train
James_Davidson_01__tile_r0009_c0002,James_Davidson_01.png,James_Davidson,train
James_Davidson_01__tile_r0009_c0003,James_Davidson_01.png,James_Davidson,train
James_Davidson_01__tile_r0010_c0000,James_Davidson_01.png,James_Davidson,train
James_Davidson_01__tile_r0010_c0001,James_Davidson_01.png,James_Davidson,train
James_Davidson_01__tile_r0010_c0002,James_Davidson_01.png,James_Davidson,train
James_Davidson_01__tile_r0010_c0003,James_Davidson_01.png,James_Davidson,train
James_Davidson_01__tile_r0011_c0000,James_Davidson_01.png,James_Davidson,train
James_Davidson_01__tile_r0011_c0001,James_Davidson_01.png,James_Davidson,train
James_Davidson_01__tile_r0011_c0002,James_Davidson_01.png,James_Davidson,train
James_Davidson_01__tile_r0011_c0003,James_Davidson_01.png,James_Davidson,train
James_Davidson_01__tile_r0012_c0000,James_Davidson_01.png,James_Davidson,train
James_Davidson_01__tile_r0012_c0001,James_Davidson_01.png,James_Davidson,train
James_Davidson_01__tile_r0012_c0002,James_Davidson_01.png,James_Davidson,train
James_Davidson_01__tile_r0012_c0003,James_Davidson_01.png,James_Davidson,train
James_Davidson_01__tile_r0013_c0000,James_Davidson_01.png,James_Davidson,train
James_Davidson_01__tile_r0013_c0001,James_Davidson_01.png,James_Davidson,train
James_Davidson_01__tile_r0013_c0002,James_Davidson_01.png,James_Davidson,train
James_Davidson_01__tile_r0013_c0003,James_Davidson_01.png,James_Davidson,train
James_Davidson_02__tile_r0000_c0000,James_Davidson_02.png,James_Davidson,train
James_Davidson_02__tile_r0000_c0001,James_Davidson_02.png,James_Davidson,train
James_Davidson_02__tile_r0000_c0002,James_Davidson_02.png,James_Davidson,train
James_Davidson_02__tile_r0000_c0003,James_Davidson_02.png,James_Davidson,train
James_Davidson_02__tile_r0001_c0000,James_Davidson_02.png,James_Davidson,train
James_Davidson_02__tile_r0001_c0001,James_Davidson_02.png,James_Davidson,train
James_Davidson_02__tile_r0001_c0002,James_Davidson_02.png,James_Davidson,train
James_Davidson_02__tile_r0001_c0003,James_Davidson_02.png,James_Davidson,train
James_Davidson_02__tile_r0002_c0000,James_Davidson_02.png,James_Davidson,train
James_Davidson_02__tile_r0002_c0001,James_Davidson_02.png,James_Davidson,train
James_Davidson_02__tile_r0002_c0002,James_Davidson_02.png,James_Davidson,train
James_Davidson_02__tile_r0002_c0003,James_Davidson_02.png,James_Davidson,train
James_Davidson_02__tile_r0003_c0000,James_Davidson_02.png,James_Davidson,train
James_Davidson_02__tile_r0003_c0001,James_Davidson_02.png,James_Davidson,train
James_Davidson_02__tile_r0003_c0002,James_Davidson_02.png,James_Davidson,train
James_Davidson_02__tile_r0003_c0003,James_Davidson_02.png,James_Davidson,train
James_Davidson_02__tile_r0004_c0000,James_Davidson_02.png,James_Davidson,train
James_Davidson_02__tile_r0004_c0001,James_Davidson_02.png,James_Davidson,train
James_Davidson_02__tile_r0004_c0002,James_Davidson_02.png,James_Davidson,train
James_Davidson_02__tile_r0004_c0003,James_Davidson_02.png,James_Davidson,train
James_Davidson_02__tile_r0005_c0000,James_Davidson_02.png,James_Davidson,train
James_Davidson_02__tile_r0005_c0001,James_Davidson_02.png,James_Davidson,train
James_Davidson_02__tile_r0005_c0002,James_Davidson_02.png,James_Davidson,train
James_Davidson_02__tile_r0005_c0003,James_Davidson_02.png,James_Davidson,train
James_Davidson_02__tile_r0006_c0000,James_Davidson_02.png,James_Davidson,train
James_Davidson_02__tile_r0006_c0001,James_Davidson_02.png,James_Davidson,train
James_Davidson_02__tile_r0006_c0002,James_Davidson_02.png,James_Davidson,train
James_Davidson_02__tile_r0006_c0003,James_Davidson_02.png,James_Davidson,train
James_Davidson_02__tile_r0007_c0000,James_Davidson_02.png,James_Davidson,train
James_Davidson_02__tile_r0007_c0001,James_Davidson_02.png,James_Davidson,train
James_Davidson_02__tile_r0007_c0002,James_Davidson_02.png,James_Davidson,train
James_Davidson_02__tile_r0007_c0003,James_Davidson_02.png,James_Davidson,train
James_Davidson_02__tile_r0008_c0000,James_Davidson_02.png,James_Davidson,train
James_Davidson_02__tile_r0008_c0001,James_Davidson_02.png,James_Davidson,train
James_Davidson_02__tile_r0008_c0002,James_Davidson_02.png,James_Davidson,train
James_Davidson_02__tile_r0008_c0003,James_Davidson_02.png,James_Davidson,train
James_Davidson_02__tile_r0009_c0000,James_Davidson_02.png,James_Davidson,train
James_Davidson_02__tile_r0009_c0001,James_Davidson_02.png,James_Davidson,train
James_Davidson_02__tile_r0009_c0002,James_Davidson_02.png,James_Davidson,train
James_Davidson_02__tile_r0009_c0003,James_Davidson_02.png,James_Davidson,train
James_Davidson_02__tile_r0010_c0000,James_Davidson_02.png,James_Davidson,train
James_Davidson_02__tile_r0010_c0001,James_Davidson_02.png,James_Davidson,train
James_Davidson_02__tile_r0010_c0002,James_Davidson_02.png,James_Davidson,train
James_Davidson_02__tile_r0010_c0003,James_Davidson_02.png,James_Davidson,train
James_Davidson_02__tile_r0011_c0000,James_Davidson_02.png,James_Davidson,train
James_Davidson_02__tile_r0011_c0001,James_Davidson_02.png,James_Davidson,train
James_Davidson_02__tile_r0011_c0002,James_Davidson_02.png,James_Davidson,train
James_Davidson_02__tile_r0011_c0003,James_Davidson_02.png,James_Davidson,train
James_Davidson_02__tile_r0012_c0000,James_Davidson_02.png,James_Davidson,train
James_Davidson_02__tile_r0012_c0001,James_Davidson_02.png,James_Davidson,train
James_Davidson_02__tile_r0012_c0002,James_Davidson_02.png,James_Davidson,train
James_Davidson_02__tile_r0012_c0003,James_Davidson_02.png,James_Davidson,train
James_Davidson_03__tile_r0000_c0000,James_Davidson_03.png,James_Davidson,train
James_Davidson_03__tile_r0000_c0001,James_Davidson_03.png,James_Davidson,train
James_Davidson_03__tile_r0000_c0002,James_Davidson_03.png,James_Davidson,train
James_Davidson_03__tile_r0000_c0003,James_Davidson_03.png,James_Davidson,train
James_Davidson_03__tile_r0001_c0000,James_Davidson_03.png,James_Davidson,train
James_Davidson_03__tile_r0001_c0001,James_Davidson_03.png,James_Davidson,train
James_Davidson_03__tile_r0001_c0002,James_Davidson_03.png,James_Davidson,train
James_Davidson_03__tile_r0001_c0003,James_Davidson_03.png,James_Davidson,train
James_Davidson_03__tile_r0002_c0000,James_Davidson_03.png,James_Davidson,train
James_Davidson_03__tile_r0002_c0001,James_Davidson_03.png,James_Davidson,train
James_Davidson_03__tile_r0002_c0002,James_Davidson_03.png,James_Davidson,train
James_Davidson_03__tile_r0002_c0003,James_Davidson_03.png,James_Davidson,train
James_Davidson_03__tile_r0003_c0000,James_Davidson_03.png,James_Davidson,train
James_Davidson_03__tile_r0003_c0001,James_Davidson_03.png,James_Davidson,train
James_Davidson_03__tile_r0003_c0002,James_Davidson_03.png,James_Davidson,train
James_Davidson_03__tile_r0003_c0003,James_Davidson_03.png,James_Davidson,train
James_Davidson_03__tile_r0004_c0000,James_Davidson_03.png,James_Davidson,train
James_Davidson_03__tile_r0004_c0001,James_Davidson_03.png,James_Davidson,train
James_Davidson_03__tile_r0004_c0002,James_Davidson_03.png,James_Davidson,train
James_Davidson_03__tile_r0004_c0003,James_Davidson_03.png,James_Davidson,train
James_Davidson_03__tile_r0005_c0000,James_Davidson_03.png,James_Davidson,train
James_Davidson_03__tile_r0005_c0001,James_Davidson_03.png,James_Davidson,train
James_Davidson_03__tile_r0005_c0002,James_Davidson_03.png,James_Davidson,train
James_Davidson_03__tile_r0005_c0003,James_Davidson_03.png,James_Davidson,train
James_Davidson_03__tile_r0006_c0000,James_Davidson_03.png,James_Davidson,train
James_Davidson_03__tile_r0006_c0001,James_Davidson_03.png,James_Davidson,train
James_Davidson_03__tile_r0006_c0002,James_Davidson_03.png,James_Davidson,train
James_Davidson_03__tile_r0006_c0003,James_Davidson_03.png,James_Davidson,train
James_Davidson_03__tile_r0007_c0000,James_Davidson_03.png,James_Davidson,train
James_Davidson_03__tile_r0007_c0001,James_Davidson_03.png,James_Davidson,train
James_Davidson_03__tile_r0007_c0002,James_Davidson_03.png,James_Davidson,train
James_Davidson_03__tile_r0007_c0003,James_Davidson_03.png,James_Davidson,train
James_Davidson_03__tile_r0008_c0000,James_Davidson_03.png,James_Davidson,train
James_Davidson_03__tile_r0008_c0001,James_Davidson_03.png,James_Davidson,train
James_Davidson_03__tile_r0008_c0002,James_Davidson_03.png,James_Davidson,train
James_Davidson_03__tile_r0008_c0003,James_Davidson_03.png,James_Davidson,train
James_Davidson_03__tile_r0009_c0000,James_Davidson_03.png,James_Davidson,train
James_Davidson_03__tile_r0009_c0001,James_Davidson_03.png,James_Davidson,train
James_Davidson_03__tile_r0009_c0002,James_Davidson_03.png,James_Davidson,train
James_Davidson_03__tile_r0009_c0003,James_Davidson_03.png,James_Davidson,train
James_Davidson_03__tile_r0010_c0000,James_Davidson_03.png,James_Davidson,train
James_Davidson_03__tile_r0010_c0001,James_Davidson_03.png,James_Davidson,train
James_Davidson_03__tile_r0010_c0002,James_Davidson_03.png,James_Davidson,train
James_Davidson_03__tile_r0010_c0003,James_Davidson_03.png,James_Davidson,train
James_Davidson_03__tile_r0011_c0000,James_Davidson_03.png,James_Davidson,train
James_Davidson_03__tile_r0011_c0001,James_Davidson_03.png,James_Davidson,train
James_Davidson_03__tile_r0011_c0002,James_Davidson_03.png,James_Davidson,train
James_Davidson_03__tile_r0011_c0003,James_Davidson_03.png,James_Davidson,train
James_Davidson_03__tile_r0012_c0000,James_Davidson_03.png,James_Davidson,train
James_Davidson_03__tile_r0012_c0001,James_Davidson_03.png,James_Davidson,train
James_Davidson_03__tile_r0012_c0002,James_Davidson_03.png,James_Davidson,train
James_Davidson_03__tile_r0012_c0003,James_Davidson_03.png,James_Davidson,train
James_Davidson_03__tile_r0013_c0000,James_Davidson_03.png,James_Davidson,train
James_Davidson_03__tile_r0013_c0001,James_Davidson_03.png,James_Davidson,train
James_Davidson_03__tile_r0013_c0002,James_Davidson_03.png,James_Davidson,train
James_Davidson_03__tile_r0013_c0003,James_Davidson_03.png,James_Davidson,train
James_Davidson_04__tile_r0000_c0000,James_Davidson_04.png,James_Davidson,train
James_Davidson_04__tile_r0000_c0001,James_Davidson_04.png,James_Davidson,train
James_Davidson_04__tile_r0000_c0002,James_Davidson_04.png,James_Davidson,train
James_Davidson_04__tile_r0000_c0003,James_Davidson_04.png,James_Davidson,train
James_Davidson_04__tile_r0001_c0000,James_Davidson_04.png,James_Davidson,train
James_Davidson_04__tile_r0001_c0001,James_Davidson_04.png,James_Davidson,train
James_Davidson_04__tile_r0001_c0002,James_Davidson_04.png,James_Davidson,train
James_Davidson_04__tile_r0001_c0003,James_Davidson_04.png,James_Davidson,train
James_Davidson_04__tile_r0002_c0000,James_Davidson_04.png,James_Davidson,train
James_Davidson_04__tile_r0002_c0001,James_Davidson_04.png,James_Davidson,train
James_Davidson_04__tile_r0002_c0002,James_Davidson_04.png,James_Davidson,train
James_Davidson_04__tile_r0002_c0003,James_Davidson_04.png,James_Davidson,train
James_Davidson_04__tile_r0003_c0000,James_Davidson_04.png,James_Davidson,train
James_Davidson_04__tile_r0003_c0001,James_Davidson_04.png,James_Davidson,train
James_Davidson_04__tile_r0003_c0002,James_Davidson_04.png,James_Davidson,train
James_Davidson_04__tile_r0003_c0003,James_Davidson_04.png,James_Davidson,train
James_Davidson_04__tile_r0004_c0000,James_Davidson_04.png,James_Davidson,train
James_Davidson_04__tile_r0004_c0001,James_Davidson_04.png,James_Davidson,train
James_Davidson_04__tile_r0004_c0002,James_Davidson_04.png,James_Davidson,train
James_Davidson_04__tile_r0004_c0003,James_Davidson_04.png,James_Davidson,train
James_Davidson_04__tile_r0005_c0000,James_Davidson_04.png,James_Davidson,train
James_Davidson_04__tile_r0005_c0001,James_Davidson_04.png,James_Davidson,train
James_Davidson_04__tile_r0005_c0002,James_Davidson_04.png,James_Davidson,train
James_Davidson_04__tile_r0005_c0003,James_Davidson_04.png,James_Davidson,train
James_Davidson_04__tile_r0006_c0000,James_Davidson_04.png,James_Davidson,train
James_Davidson_04__tile_r0006_c0001,James_Davidson_04.png,James_Davidson,train
James_Davidson_04__tile_r0006_c0002,James_Davidson_04.png,James_Davidson,train
James_Davidson_04__tile_r0006_c0003,James_Davidson_04.png,James_Davidson,train
James_Davidson_04__tile_r0007_c0000,James_Davidson_04.png,James_Davidson,train
James_Davidson_04__tile_r0007_c0001,James_Davidson_04.png,James_Davidson,train
James_Davidson_04__tile_r0007_c0002,James_Davidson_04.png,James_Davidson,train
James_Davidson_04__tile_r0007_c0003,James_Davidson_04.png,James_Davidson,train
James_Davidson_04__tile_r0008_c0000,James_Davidson_04.png,James_Davidson,train
James_Davidson_04__tile_r0008_c0001,James_Davidson_04.png,James_Davidson,train
James_Davidson_04__tile_r0008_c0002,James_Davidson_04.png,James_Davidson,train
James_Davidson_04__tile_r0008_c0003,James_Davidson_04.png,James_Davidson,train
James_Davidson_04__tile_r0009_c0000,James_Davidson_04.png,James_Davidson,train
James_Davidson_04__tile_r0009_c0001,James_Davidson_04.png,James_Davidson,train
James_Davidson_04__tile_r0009_c0002,James_Davidson_04.png,James_Davidson,train
James_Davidson_04__tile_r0009_c0003,James_Davidson_04.png,James_Davidson,train
James_Davidson_04__tile_r0010_c0000,James_Davidson_04.png,James_Davidson,train
James_Davidson_04__tile_r0010_c0001,James_Davidson_04.png,James_Davidson,train
James_Davidson_04__tile_r0010_c0002,James_Davidson_04.png,James_Davidson,train
James_Davidson_04__tile_r0010_c0003,James_Davidson_04.png,James_Davidson,train
James_Davidson_04__tile_r0011_c0000,James_Davidson_04.png,James_Davidson,train
James_Davidson_04__tile_r0011_c0001,James_Davidson_04.png,James_Davidson,train
James_Davidson_04__tile_r0011_c0002,James_Davidson_04.png,James_Davidson,train
James_Davidson_04__tile_r0011_c0003,James_Davidson_04.png,James_Davidson,train
James_Davidson_04__tile_r0012_c0000,James_Davidson_04.png,James_Davidson,train
James_Davidson_04__tile_r0012_c0001,James_Davidson_04.png,James_Davidson,train
James_Davidson_04__tile_r0012_c0002,James_Davidson_04.png,James_Davidson,train
James_Davidson_04__tile_r0012_c0003,James_Davidson_04.png,James_Davidson,train
Lucinda_van_Valkenburg_01__tile_r0000_c0000,Lucinda_van_Valkenburg_01.png,Lucinda_van_Valkenburg,train
Lucinda_van_Valkenburg_01__tile_r0000_c0001,Lucinda_van_Valkenburg_01.png,Lucinda_van_Valkenburg,train
Lucinda_van_Valkenburg_01__tile_r0000_c0002,Lucinda_van_Valkenburg_01.png,Lucinda_van_Valkenburg,train
Lucinda_van_Valkenburg_01__tile_r0000_c0003,Lucinda_van_Valkenburg_01.png,Lucinda_van_Valkenburg,train
Lucinda_van_Valkenburg_01__tile_r0001_c0000,Lucinda_van_Valkenburg_01.png,Lucinda_van_Valkenburg,train
Lucinda_van_Valkenburg_01__tile_r0001_c0001,Lucinda_van_Valkenburg_01.png,Lucinda_van_Valkenburg,train
Lucinda_van_Valkenburg_01__tile_r0001_c0002,Lucinda_van_Valkenburg_01.png,Lucinda_van_Valkenburg,train
Lucinda_van_Valkenburg_01__tile_r0001_c0003,Lucinda_van_Valkenburg_01.png,Lucinda_van_Valkenburg,train
Lucinda_van_Valkenburg_01__tile_r0002_c0000,Lucinda_van_Valkenburg_01.png,Lucinda_van_Valkenburg,train
Lucinda_van_Valkenburg_01__tile_r0002_c0001,Lucinda_van_Valkenburg_01.png,Lucinda_van_Valkenburg,train
Lucinda_van_Valkenburg_01__tile_r0002_c0002,Lucinda_van_Valkenburg_01.png,Lucinda_van_Valkenburg,train
Lucinda_van_Valkenburg_01__tile_r0002_c0003,Lucinda_van_Valkenburg_01.png,Lucinda_van_Valkenburg,train
Lucinda_van_Valkenburg_01__tile_r0003_c0000,Lucinda_van_Valkenburg_01.png,Lucinda_van_Valkenburg,train
Lucinda_van_Valkenburg_01__tile_r0003_c0001,Lucinda_van_Valkenburg_01.png,Lucinda_van_Valkenburg,train
Lucinda_van_Valkenburg_01__tile_r0003_c0002,Lucinda_van_Valkenburg_01.png,Lucinda_van_Valkenburg,train
Lucinda_van_Valkenburg_01__tile_r0003_c0003,Lucinda_van_Valkenburg_01.png,Lucinda_van_Valkenburg,train
Lucinda_van_Valkenburg_01__tile_r0004_c0000,Lucinda_van_Valkenburg_01.png,Lucinda_van_Valkenburg,train
Lucinda_van_Valkenburg_01__tile_r0004_c0001,Lucinda_van_Valkenburg_01.png,Lucinda_van_Valkenburg,train
Lucinda_van_Valkenburg_01__tile_r0004_c0002,Lucinda_van_Valkenburg_01.png,Lucinda_van_Valkenburg,train
Lucinda_van_Valkenburg_01__tile_r0004_c0003,Lucinda_van_Valkenburg_01.png,Lucinda_van_Valkenburg,train
Lucinda_van_Valkenburg_02__tile_r0000_c0000,Lucinda_van_Valkenburg_02.png,Lucinda_van_Valkenburg,train
Lucinda_van_Valkenburg_02__tile_r0000_c0001,Lucinda_van_Valkenburg_02.png,Lucinda_van_Valkenburg,train
Lucinda_van_Valkenburg_02__tile_r0000_c0002,Lucinda_van_Valkenburg_02.png,Lucinda_van_Valkenburg,train
Lucinda_van_Valkenburg_02__tile_r0000_c0003,Lucinda_van_Valkenburg_02.png,Lucinda_van_Valkenburg,train
Lucinda_van_Valkenburg_02__tile_r0001_c0000,Lucinda_van_Valkenburg_02.png,Lucinda_van_Valkenburg,train
Lucinda_van_Valkenburg_02__tile_r0001_c0001,Lucinda_van_Valkenburg_02.png,Lucinda_van_Valkenburg,train
Lucinda_van_Valkenburg_02__tile_r0001_c0002,Lucinda_van_Valkenburg_02.png,Lucinda_van_Valkenburg,train
Lucinda_van_Valkenburg_02__tile_r0001_c0003,Lucinda_van_Valkenburg_02.png,Lucinda_van_Valkenburg,train
Lucinda_van_Valkenburg_02__tile_r0002_c0000,Lucinda_van_Valkenburg_02.png,Lucinda_van_Valkenburg,train
Lucinda_van_Valkenburg_02__tile_r0002_c0001,Lucinda_van_Valkenburg_02.png,Lucinda_van_Valkenburg,train
Lucinda_van_Valkenburg_02__tile_r0002_c0002,Lucinda_van_Valkenburg_02.png,Lucinda_van_Valkenburg,train
Lucinda_van_Valkenburg_02__tile_r0002_c0003,Lucinda_van_Valkenburg_02.png,Lucinda_van_Valkenburg,train
Lucinda_van_Valkenburg_02__tile_r0003_c0000,Lucinda_van_Valkenburg_02.png,Lucinda_van_Valkenburg,train
Lucinda_van_Valkenburg_02__tile_r0003_c0001,Lucinda_van_Valkenburg_02.png,Lucinda_van_Valkenburg,train
Lucinda_van_Valkenburg_02__tile_r0003_c0002,Lucinda_van_Valkenburg_02.png,Lucinda_van_Valkenburg,train
Lucinda_van_Valkenburg_02__tile_r0003_c0003,Lucinda_van_Valkenburg_02.png,Lucinda_van_Valkenburg,train
Lucinda_van_Valkenburg_03__tile_r0000_c0000,Lucinda_van_Valkenburg_03.png,Lucinda_van_Valkenburg,train
Lucinda_van_Valkenburg_03__tile_r0000_c0001,Lucinda_van_Valkenburg_03.png,Lucinda_van_Valkenburg,train
Lucinda_van_Valkenburg_03__tile_r0000_c0002,Lucinda_van_Valkenburg_03.png,Lucinda_van_Valkenburg,train
Lucinda_van_Valkenburg_03__tile_r0000_c0003,Lucinda_van_Valkenburg_03.png,Lucinda_van_Valkenburg,train
Lucinda_van_Valkenburg_03__tile_r0001_c0000,Lucinda_van_Valkenburg_03.png,Lucinda_van_Valkenburg,train
Lucinda_van_Valkenburg_03__tile_r0001_c0001,Lucinda_van_Valkenburg_03.png,Lucinda_van_Valkenburg,train
Lucinda_van_Valkenburg_03__tile_r0001_c0002,Lucinda_van_Valkenburg_03.png,Lucinda_van_Valkenburg,train
Lucinda_van_Valkenburg_03__tile_r0001_c0003,Lucinda_van_Valkenburg_03.png,Lucinda_van_Valkenburg,train
Lucinda_van_Valkenburg_03__tile_r0002_c0000,Lucinda_van_Valkenburg_03.png,Lucinda_van_Valkenburg,train
Lucinda_van_Valkenburg_03__tile_r0002_c0001,Lucinda_van_Valkenburg_03.png,Lucinda_van_Valkenburg,train
Lucinda_van_Valkenburg_03__tile_r0002_c0002,Lucinda_van_Valkenburg_03.png,Lucinda_van_Valkenburg,train
Lucinda_van_Valkenburg_03__tile_r0002_c0003,Lucinda_van_Valkenburg_03.png,Lucinda_van_Valkenburg,train
Lucinda_van_Valkenburg_03__tile_r0003_c0000,Lucinda_van_Valkenburg_03.png,Lucinda_van_Valkenburg,train
Lucinda_van_Valkenburg_03__tile_r0003_c0001,Lucinda_van_Valkenburg_03.png,Lucinda_van_Valkenburg,train
Lucinda_van_Valkenburg_03__tile_r0003_c0002,Lucinda_van_Valkenburg_03.png,Lucinda_van_Valkenburg,train
Lucinda_van_Valkenburg_03__tile_r0003_c0003,Lucinda_van_Valkenburg_03.png,Lucinda_van_Valkenburg,train
Lucinda_van_Valkenburg_04__tile_r0000_c0000,Lucinda_van_Valkenburg_04.png,Lucinda_van_Valkenburg,train
Lucinda_van_Valkenburg_04__tile_r0000_c0001,Lucinda_van_Valkenburg_04.png,Lucinda_van_Valkenburg,train
Lucinda_van_Valkenburg_04__tile_r0000_c0002,Lucinda_van_Valkenburg_04.png,Lucinda_van_Valkenburg,train
Lucinda_van_Valkenburg_04__tile_r0000_c0003,Lucinda_van_Valkenburg_04.png,Lucinda_van_Valkenburg,train
Lucinda_van_Valkenburg_04__tile_r0001_c0000,Lucinda_van_Valkenburg_04.png,Lucinda_van_Valkenburg,train
Lucinda_van_Valkenburg_04__tile_r0001_c0001,Lucinda_van_Valkenburg_04.png,Lucinda_van_Valkenburg,train
Lucinda_van_Valkenburg_04__tile_r0001_c0002,Lucinda_van_Valkenburg_04.png,Lucinda_van_Valkenburg,train
Lucinda_van_Valkenburg_04__tile_r0001_c0003,Lucinda_van_Valkenburg_04.png,Lucinda_van_Valkenburg,train
Lucinda_van_Valkenburg_04__tile_r0002_c0000,Lucinda_van_Valkenburg_04.png,Lucinda_van_Valkenburg,train
Lucinda_van_Valkenburg_04__tile_r0002_c0001,Lucinda_van_Valkenburg_04.png,Lucinda_van_Valkenburg,train
Lucinda_van_Valkenburg_04__tile_r0002_c0002,Lucinda_van_Valkenburg_04.png,Lucinda_van_Valkenburg,train
Lucinda_van_Valkenburg_04__tile_r0002_c0003,Lucinda_van_Valkenburg_04.png,Lucinda_van_Valkenburg,train
Lucinda_van_Valkenburg_04__tile_r0003_c0000,Lucinda_van_Valkenburg_04.png,Lucinda_van_Valkenburg,train
Lucinda_van_Valkenburg_04__tile_r0003_c0001,Lucinda_van_Valkenburg_04.png,Lucinda_van_Valkenburg,train
Lucinda_van_Valkenburg_04__tile_r0003_c0002,Lucinda_van_Valkenburg_04.png,Lucinda_van_Valkenburg,train
Lucinda_van_Valkenburg_04__tile_r0003_c0003,Lucinda_van_Valkenburg_04.png,Lucinda_van_Valkenburg,train
Lucinda_van_Valkenburg_05__tile_r0000_c0000,Lucinda_van_Valkenburg_05.png,Lucinda_van_Valkenburg,train
Lucinda_van_Valkenburg_05__tile_r0000_c0001,Lucinda_van_Valkenburg_05.png,Lucinda_van_Valkenburg,train
Lucinda_van_Valkenburg_05__tile_r0000_c0002,Lucinda_van_Valkenburg_05.png,Lucinda_van_Valkenburg,train
Lucinda_van_Valkenburg_05__tile_r0000_c0003,Lucinda_van_Valkenburg_05.png,Lucinda_van_Valkenburg,train
Lucinda_van_Valkenburg_05__tile_r0001_c0000,Lucinda_van_Valkenburg_05.png,Lucinda_van_Valkenburg,train
Lucinda_van_Valkenburg_05__tile_r0001_c0001,Lucinda_van_Valkenburg_05.png,Lucinda_van_Valkenburg,train
Lucinda_van_Valkenburg_05__tile_r0001_c0002,Lucinda_van_Valkenburg_05.png,Lucinda_van_Valkenburg,train
Lucinda_van_Valkenburg_05__tile_r0001_c0003,Lucinda_van_Valkenburg_05.png,Lucinda_van_Valkenburg,train
Lucinda_van_Valkenburg_05__tile_r0002_c0000,Lucinda_van_Valkenburg_05.png,Lucinda_van_Valkenburg,train
Lucinda_van_Valkenburg_05__tile_r0002_c0001,Lucinda_van_Valkenburg_05.png,Lucinda_van_Valkenburg,train
Lucinda_van_Valkenburg_05__tile_r0002_c0002,Lucinda_van_Valkenburg_05.png,Lucinda_van_Valkenburg,train
Lucinda_van_Valkenburg_05__tile_r0002_c0003,Lucinda_van_Valkenburg_05.png,Lucinda_van_Valkenburg,train
Lucinda_van_Valkenburg_05__tile_r0003_c0000,Lucinda_van_Valkenburg_05.png,Lucinda_van_Valkenburg,train
Lucinda_van_Valkenburg_05__tile_r0003_c0001,Lucinda_van_Valkenburg_05.png,Lucinda_van_Valkenburg,train
Lucinda_van_Valkenburg_05__tile_r0003_c0002,Lucinda_van_Valkenburg_05.png,Lucinda_van_Valkenburg,train
Lucinda_van_Valkenburg_05__tile_r0003_c0003,Lucinda_van_Valkenburg_05.png,Lucinda_van_Valkenburg,train
Lucinda_van_Valkenburg_06__tile_r0000_c0000,Lucinda_van_Valkenburg_06.png,Lucinda_van_Valkenburg,train
Lucinda_van_Valkenburg_06__tile_r0000_c0001,Lucinda_van_Valkenburg_06.png,Lucinda_van_Valkenburg,train
Lucinda_van_Valkenburg_06__tile_r0000_c0002,Lucinda_van_Valkenburg_06.png,Lucinda_van_Valkenburg,train
Lucinda_van_Valkenburg_06__tile_r0000_c0003,Lucinda_van_Valkenburg_06.png,Lucinda_van_Valkenburg,train
Lucinda_van_Valkenburg_06__tile_r0001_c0000,Lucinda_van_Valkenburg_06.png,Lucinda_van_Valkenburg,train
Lucinda_van_Valkenburg_06__tile_r0001_c0001,Lucinda_van_Valkenburg_06.png,Lucinda_van_Valkenburg,train
Lucinda_van_Valkenburg_06__tile_r0001_c0002,Lucinda_van_Valkenburg_06.png,Lucinda_van_Valkenburg,train
Lucinda_van_Valkenburg_06__tile_r0001_c0003,Lucinda_van_Valkenburg_06.png,Lucinda_van_Valkenburg,train
Lucinda_van_Valkenburg_06__tile_r0002_c0000,Lucinda_van_Valkenburg_06.png,Lucinda_van_Valkenburg,train
Lucinda_van_Valkenburg_06__tile_r0002_c0001,Lucinda_van_Valkenburg_06.png,Lucinda_van_Valkenburg,train
Lucinda_van_Valkenburg_06__tile_r0002_c0002,Lucinda_van_Valkenburg_06.png,Lucinda_van_Valkenburg,train
Lucinda_van_Valkenburg_06__tile_r0002_c0003,Lucinda_van_Valkenburg_06.png,Lucinda_van_Valkenburg,train
Lucinda_van_Valkenburg_06__tile_r0003_c0000,Lucinda_van_Valkenburg_06.png,Lucinda_van_Valkenburg,train
Lucinda_van_Valkenburg_06__tile_r0003_c0001,Lucinda_van_Valkenburg_06.png,Lucinda_van_Valkenburg,train
Lucinda_van_Valkenburg_06__tile_r0003_c0002,Lucinda_van_Valkenburg_06.png,Lucinda_van_Valkenburg,train
Lucinda_van_Valkenburg_06__tile_r0003_c0003,Lucinda_van_Valkenburg_06.png,Lucinda_van_Valkenburg,train
Lucinda_van_Valkenburg_07__tile_r0000_c0000,Lucinda_van_Valkenburg_07.png,Lucinda_van_Valkenburg,train
Lucinda_van_Valkenburg_07__tile_r0000_c0001,Lucinda_van_Valkenburg_07.png,Lucinda_van_Valkenburg,train
Lucinda_van_Valkenburg_07__tile_r0000_c0002,Lucinda_van_Valkenburg_07.png,Lucinda_van_Valkenburg,train
Lucinda_van_Valkenburg_07__tile_r0000_c0003,Lucinda_van_Valkenburg_07.png,Lucinda_van_Valkenburg,train
Lucinda_van_Valkenburg_07__tile_r0001_c0000,Lucinda_van_Valkenburg_07.png,Lucinda_van_Valkenburg,train
Lucinda_van_Valkenburg_07__tile_r0001_c0001,Lucinda_van_Valkenburg_07.png,Lucinda_van_Valkenburg,train
Lucinda_van_Valkenburg_07__tile_r0001_c0002,Lucinda_van_Valkenburg_07.png,Lucinda_van_Valkenburg,train
Lucinda_van_Valkenburg_07__tile_r0001_c0003,Lucinda_van_Valkenburg_07.png,Lucinda_van_Valkenburg,train
Lucinda_van_Valkenburg_07__tile_r0002_c0000,Lucinda_van_Valkenburg_07.png,Lucinda_van_Valkenburg,train
Lucinda_van_Valkenburg_07__tile_r0002_c0001,Lucinda_van_Valkenburg_07.png,Lucinda_van_Valkenburg,train
Lucinda_van_Valkenburg_07__tile_r0002_c0002,Lucinda_van_Valkenburg_07.png,Lucinda_van_Valkenburg,train
Lucinda_van_Valkenburg_07__tile_r0002_c0003,Lucinda_van_Valkenburg_07.png,Lucinda_van_Valkenburg,train
Lucinda_van_Valkenburg_07__tile_r0003_c0000,Lucinda_van_Valkenburg_07.png,Lucinda_van_Valkenburg,train
Lucinda_van_Valkenburg_07__tile_r0003_c0001,Lucinda_van_Valkenburg_07.png,Lucinda_van_Valkenburg,train
Lucinda_van_Valkenburg_07__tile_r0003_c0002,Lucinda_van_Valkenburg_07.png,Lucinda_van_Valkenburg,train
Lucinda_van_Valkenburg_07__tile_r0003_c0003,Lucinda_van_Valkenburg_07.png,Lucinda_van_Valkenburg,train
Lucinda_van_Valkenburg_08__tile_r0000_c0000,Lucinda_van_Valkenburg_08.png,Lucinda_van_Valkenburg,train
Lucinda_van_Valkenburg_08__tile_r0000_c0001,Lucinda_van_Valkenburg_08.png,Lucinda_van_Valkenburg,train
Lucinda_van_Valkenburg_08__tile_r0000_c0002,Lucinda_van_Valkenburg_08.png,Lucinda_van_Valkenburg,train
Lucinda_van_Valkenburg_08__tile_r0000_c0003,Lucinda_van_Valkenburg_08.png,Lucinda_van_Valkenburg,train
Lucinda_van_Valkenburg_08__tile_r0001_c0000,Lucinda_van_Valkenburg_08.png,Lucinda_van_Valkenburg,train
Lucinda_van_Valkenburg_08__tile_r0001_c0001,Lucinda_van_Valkenburg_08.png,Lucinda_van_Valkenburg,train
Lucinda_van_Valkenburg_08__tile_r0001_c0002,Lucinda_van_Valkenburg_08.png,Lucinda_van_Valkenburg,train
Lucinda_van_Valkenburg_08__tile_r0001_c0003,Lucinda_van_Valkenburg_08.png,Lucinda_van_Valkenburg,train
Lucinda_van_Valkenburg_08__tile_r0002_c0000,Lucinda_van_Valkenburg_08.png,Lucinda_van_Valkenburg,train
Lucinda_van_Valkenburg_08__tile_r0002_c0001,Lucinda_van_Valkenburg_08.png,Lucinda_van_Valkenburg,train
Lucinda_van_Valkenburg_08__tile_r0002_c0002,Lucinda_van_Valkenburg_08.png,Lucinda_van_Valkenburg,train
Lucinda_van_Valkenburg_08__tile_r0002_c0003,Lucinda_van_Valkenburg_08.png,Lucinda_van_Valkenburg,train
Lucinda_van_Valkenburg_08__tile_r0003_c0000,Lucinda_van_Valkenburg_08.png,Lucinda_van_Valkenburg,train
Lucinda_van_Valkenburg_08__tile_r0003_c0001,Lucinda_van_Valkenburg_08.png,Lucinda_van_Valkenburg,train
Lucinda_van_Valkenburg_08__tile_r0003_c0002,Lucinda_van_Valkenburg_08.png,Lucinda_van_Valkenburg,train
Lucinda_van_Valkenburg_08__tile_r0003_c0003,Lucinda_van_Valkenburg_08.png,Lucinda_van_Valkenburg,train
Lucinda_van_Valkenburg_09__tile_r0000_c0000,Lucinda_van_Valkenburg_09.png,Lucinda_van_Valkenburg,train
Lucinda_van_Valkenburg_09__tile_r0000_c0001,Lucinda_van_Valkenburg_09.png,Lucinda_van_Valkenburg,train
Lucinda_van_Valkenburg_09__tile_r0000_c0002,Lucinda_van_Valkenburg_09.png,Lucinda_van_Valkenburg,train
Lucinda_van_Valkenburg_09__tile_r0000_c0003,Lucinda_van_Valkenburg_09.png,Lucinda_van_Valkenburg,train
Lucinda_van_Valkenburg_09__tile_r0001_c0000,Lucinda_van_Valkenburg_09.png,Lucinda_van_Valkenburg,train
Lucinda_van_Valkenburg_09__tile_r0001_c0001,Lucinda_van_Valkenburg_09.png,Lucinda_van_Valkenburg,train
Lucinda_van_Valkenburg_09__tile_r0001_c0002,Lucinda_van_Valkenburg_09.png,Lucinda_van_Valkenburg,train
Lucinda_van_Valkenburg_09__tile_r0001_c0003,Lucinda_van_Valkenburg_09.png,Lucinda_van_Valkenburg,train
Lucinda_van_Valkenburg_09__tile_r0002_c0000,Lucinda_van_Valkenburg_09.png,Lucinda_van_Valkenburg,train
Lucinda_van_Valkenburg_09__tile_r0002_c0001,Lucinda_van_Valkenburg_09.png,Lucinda_van_Valkenburg,train
Lucinda_van_Valkenburg_09__tile_r0002_c0002,Lucinda_van_Valkenburg_09.png,Lucinda_van_Valkenburg,train
Lucinda_van_Valkenburg_09__tile_r0002_c0003,Lucinda_van_Valkenburg_09.png,Lucinda_van_Valkenburg,train
Lucinda_van_Valkenburg_09__tile_r0003_c0000,Lucinda_van_Valkenburg_09.png,Lucinda_van_Valkenburg,train
Lucinda_van_Valkenburg_09__tile_r0003_c0001,Lucinda_van_Valkenburg_09.png,Lucinda_van_Valkenburg,train
Lucinda_van_Valkenburg_09__tile_r0003_c0002,Lucinda_van_Valkenburg_09.png,Lucinda_van_Valkenburg,train
Lucinda_van_Valkenburg_09__tile_r0003_c0003,Lucinda_van_Valkenburg_09.png,Lucinda_van_Valkenburg,train
Lucinda_van_Valkenburg_10__tile_r0000_c0000,Lucinda_van_Valkenburg_10.png,Lucinda_van_Valkenburg,train
Lucinda_van_Valkenburg_10__tile_r0000_c0001,Lucinda_van_Valkenburg_10.png,Lucinda_van_Valkenburg,train
Lucinda_van_Valkenburg_10__tile_r0000_c0002,Lucinda_van_Valkenburg_10.png,Lucinda_van_Valkenburg,train
Lucinda_van_Valkenburg_10__tile_r0000_c0003,Lucinda_van_Valkenburg_10.png,Lucinda_van_Valkenburg,train
Lucinda_van_Valkenburg_10__tile_r0001_c0000,Lucinda_van_Valkenburg_10.png,Lucinda_van_Valkenburg,train
Lucinda_van_Valkenburg_10__tile_r0001_c0001,Lucinda_van_Valkenburg_10.png,Lucinda_van_Valkenburg,train
Lucinda_van_Valkenburg_10__tile_r0001_c0002,Lucinda_van_Valkenburg_10.png,Lucinda_van_Valkenburg,train
Lucinda_van_Valkenburg_10__tile_r0001_c0003,Lucinda_van_Valkenburg_10.png,Lucinda_van_Valkenburg,train
Lucinda_van_Valkenburg_10__tile_r0002_c0000,Lucinda_van_Valkenburg_10.png,Lucinda_van_Valkenburg,train
Lucinda_van_Valkenburg_10__tile_r0002_c0001,Lucinda_van_Valkenburg_10.png,Lucinda_van_Valkenburg,train
Lucinda_van_Valkenburg_10__tile_r0002_c0002,Lucinda_van_Valkenburg_10.png,Lucinda_van_Valkenburg,train
Lucinda_van_Valkenburg_10__tile_r0002_c0003,Lucinda_van_Valkenburg_10.png,Lucinda_van_Valkenburg,train
Lucinda_van_Valkenburg_10__tile_r0003_c0000,Lucinda_van_Valkenburg_10.png,Lucinda_van_Valkenburg,train
Lucinda_van_Valkenburg_10__tile_r0003_c0001,Lucinda_van_Valkenburg_10.png,Lucinda_van_Valkenburg,train
Lucinda_van_Valkenburg_10__tile_r0003_c0002,Lucinda_van_Valkenburg_10.png,Lucinda_van_Valkenburg,train
Lucinda_van_Valkenburg_10__tile_r0003_c0003,Lucinda_van_Valkenburg_10.png,Lucinda_van_Valkenburg,train
Lucinda_van_Valkenburg_11__tile_r0000_c0000,Lucinda_van_Valkenburg_11.png,Lucinda_van_Valkenburg,train
Lucinda_van_Valkenburg_11__tile_r0000_c0001,Lucinda_van_Valkenburg_11.png,Lucinda_van_Valkenburg,train
Lucinda_van_Valkenburg_11__tile_r0000_c0002,Lucinda_van_Valkenburg_11.png,Lucinda_van_Valkenburg,train
Lucinda_van_Valkenburg_11__tile_r0000_c0003,Lucinda_van_Valkenburg_11.png,Lucinda_van_Valkenburg,train
Lucinda_van_Valkenburg_11__tile_r0001_c0000,Lucinda_van_Valkenburg_11.png,Lucinda_van_Valkenburg,train
Lucinda_van_Valkenburg_11__tile_r0001_c0001,Lucinda_van_Valkenburg_11.png,Lucinda_van_Valkenburg,train
Lucinda_van_Valkenburg_11__tile_r0001_c0002,Lucinda_van_Valkenburg_11.png,Lucinda_van_Valkenburg,train
Lucinda_van_Valkenburg_11__tile_r0001_c0003,Lucinda_van_Valkenburg_11.png,Lucinda_van_Valkenburg,train
Lucinda_van_Valkenburg_11__tile_r0002_c0000,Lucinda_van_Valkenburg_11.png,Lucinda_van_Valkenburg,train
Lucinda_van_Valkenburg_11__tile_r0002_c0001,Lucinda_van_Valkenburg_11.png,Lucinda_van_Valkenburg,train
Lucinda_van_Valkenburg_11__tile_r0002_c0002,Lucinda_van_Valkenburg_11.png,Lucinda_van_Valkenburg,train
Lucinda_van_Valkenburg_11__tile_r0002_c0003,Lucinda_van_Valkenburg_11.png,Lucinda_van_Valkenburg,train
Lucinda_van_Valkenburg_11__tile_r0003_c0000,Lucinda_van_Valkenburg_11.png,Lucinda_van_Valkenburg,train
Lucinda_van_Valkenburg_11__tile_r0003_c0001,Lucinda_van_Valkenburg_11.png,Lucinda_van_Valkenburg,train
Lucinda_van_Valkenburg_11__tile_r0003_c0002,Lucinda_van_Valkenburg_11.png,Lucinda_van_Valkenburg,train
Lucinda_van_Valkenburg_11__tile_r0003_c0003,Lucinda_van_Valkenburg_11.png,Lucinda_van_Valkenburg,train
Lucinda_van_Valkenburg_12__tile_r0000_c0000,Lucinda_van_Valkenburg_12.png,Lucinda_van_Valkenburg,train
Lucinda_van_Valkenburg_12__tile_r0000_c0001,Lucinda_van_Valkenburg_12.png,Lucinda_van_Valkenburg,train
Lucinda_van_Valkenburg_12__tile_r0000_c0002,Lucinda_van_Valkenburg_12.png,Lucinda_van_Valkenburg,train
Lucinda_van_Valkenburg_12__tile_r0000_c0003,Lucinda_van_Valkenburg_12.png,Lucinda_van_Valkenburg,train
Lucinda_van_Valkenburg_12__tile_r0001_c0000,Lucinda_van_Valkenburg_12.png,Lucinda_van_Valkenburg,train
Lucinda_van_Valkenburg_12__tile_r0001_c0001,Lucinda_van_Valkenburg_12.png,Lucinda_van_Valkenburg,train
Lucinda_van_Valkenburg_12__tile_r0001_c0002,Lucinda_van_Valkenburg_12.png,Lucinda_van_Valkenburg,train
Lucinda_van_Valkenburg_12__tile_r0001_c0003,Lucinda_van_Valkenburg_12.png,Lucinda_van_Valkenburg,train
Lucinda_van_Valkenburg_12__tile_r0002_c0000,Lucinda_van_Valkenburg_12.png,Lucinda_van_Valkenburg,train
Lucinda_van_Valkenburg_12__tile_r0002_c0001,Lucinda_van_Valkenburg_12.png,Lucinda_van_Valkenburg,train
Lucinda_van_Valkenburg_12__tile_r0002_c0002,Lucinda_van_Valkenburg_12.png,Lucinda_van_Valkenburg,train
Lucinda_van_Valkenburg_12__tile_r0002_c0003,Lucinda_van_Valkenburg_12.png,Lucinda_van_Valkenburg,train
Lucinda_van_Valkenburg_12__tile_r0003_c0000,Lucinda_van_Valkenburg_12.png,Lucinda_van_Valkenburg,train
Lucinda_van_Valkenburg_12__tile_r0003_c0001,Lucinda_van_Valkenburg_12.png,Lucinda_van_Valkenburg,train
Lucinda_van_Valkenburg_12__tile_r0003_c0002,Lucinda_van_Valkenburg_12.png,Lucinda_van_Valkenburg,train
Lucinda_van_Valkenburg_12__tile_r0003_c0003,Lucinda_van_Valkenburg_12.png,Lucinda_van_Valkenburg,train
Lucinda_van_Valkenburg_12__tile_r0004_c0000,Lucinda_van_Valkenburg_12.png,Lucinda_van_Valkenburg,train
Lucinda_van_Valkenburg_12__tile_r0004_c0001,Lucinda_van_Valkenburg_12.png,Lucinda_van_Valkenburg,train
Lucinda_van_Valkenburg_12__tile_r0004_c0002,Lucinda_van_Valkenburg_12.png,Lucinda_van_Valkenburg,train
Lucinda_van_Valkenburg_12__tile_r0004_c0003,Lucinda_van_Valkenburg_12.png,Lucinda_van_Valkenburg,train
Lucinda_van_Valkenburg_12__tile_r0005_c0000,Lucinda_van_Valkenburg_12.png,Lucinda_van_Valkenburg,train
Lucinda_van_Valkenburg_12__tile_r0005_c0001,Lucinda_van_Valkenburg_12.png,Lucinda_van_Valkenburg,train
Lucinda_van_Valkenburg_12__tile_r0005_c0002,Lucinda_van_Valkenburg_12.png,Lucinda_van_Valkenburg,train
Lucinda_van_Valkenburg_12__tile_r0005_c0003,Lucinda_van_Valkenburg_12.png,Lucinda_van_Valkenburg,train
Lucinda_van_Valkenburg_13__tile_r0000_c0000,Lucinda_van_Valkenburg_13.png,Lucinda_van_Valkenburg,train
Lucinda_van_Valkenburg_13__tile_r0000_c0001,Lucinda_van_Valkenburg_13.png,Lucinda_van_Valkenburg,train
Lucinda_van_Valkenburg_13__tile_r0000_c0002,Lucinda_van_Valkenburg_13.png,Lucinda_van_Valkenburg,train
Lucinda_van_Valkenburg_13__tile_r0000_c0003,Lucinda_van_Valkenburg_13.png,Lucinda_van_Valkenburg,train
Lucinda_van_Valkenburg_13__tile_r0001_c0000,Lucinda_van_Valkenburg_13.png,Lucinda_van_Valkenburg,train
Lucinda_van_Valkenburg_13__tile_r0001_c0001,Lucinda_van_Valkenburg_13.png,Lucinda_van_Valkenburg,train
Lucinda_van_Valkenburg_13__tile_r0001_c0002,Lucinda_van_Valkenburg_13.png,Lucinda_van_Valkenburg,train
Lucinda_van_Valkenburg_13__tile_r0001_c0003,Lucinda_van_Valkenburg_13.png,Lucinda_van_Valkenburg,train
Lucinda_van_Valkenburg_13__tile_r0002_c0000,Lucinda_van_Valkenburg_13.png,Lucinda_van_Valkenburg,train
Lucinda_van_Valkenburg_13__tile_r0002_c0001,Lucinda_van_Valkenburg_13.png,Lucinda_van_Valkenburg,train
Lucinda_van_Valkenburg_13__tile_r0002_c0002,Lucinda_van_Valkenburg_13.png,Lucinda_van_Valkenburg,train
Lucinda_van_Valkenburg_13__tile_r0002_c0003,Lucinda_van_Valkenburg_13.png,Lucinda_van_Valkenburg,train
Lucinda_van_Valkenburg_13__tile_r0003_c0000,Lucinda_van_Valkenburg_13.png,Lucinda_van_Valkenburg,train
Lucinda_van_Valkenburg_13__tile_r0003_c0001,Lucinda_van_Valkenburg_13.png,Lucinda_van_Valkenburg,train
Lucinda_van_Valkenburg_13__tile_r0003_c0002,Lucinda_van_Valkenburg_13.png,Lucinda_van_Valkenburg,train
Lucinda_van_Valkenburg_13__tile_r0003_c0003,Lucinda_van_Valkenburg_13.png,Lucinda_van_Valkenburg,train
Lucinda_van_Valkenburg_13__tile_r0004_c0000,Lucinda_van_Valkenburg_13.png,Lucinda_van_Valkenburg,train
Lucinda_van_Valkenburg_13__tile_r0004_c0001,Lucinda_van_Valkenburg_13.png,Lucinda_van_Valkenburg,train
Lucinda_van_Valkenburg_13__tile_r0004_c0002,Lucinda_van_Valkenburg_13.png,Lucinda_van_Valkenburg,train
Lucinda_van_Valkenburg_13__tile_r0004_c0003,Lucinda_van_Valkenburg_13.png,Lucinda_van_Valkenburg,train
Lucinda_van_Valkenburg_13__tile_r0005_c0000,Lucinda_van_Valkenburg_13.png,Lucinda_van_Valkenburg,train
Lucinda_van_Valkenburg_13__tile_r0005_c0001,Lucinda_van_Valkenburg_13.png,Lucinda_van_Valkenburg,train
Lucinda_van_Valkenburg_13__tile_r0005_c0002,Lucinda_van_Valkenburg_13.png,Lucinda_van_Valkenburg,train
Lucinda_van_Valkenburg_13__tile_r0005_c0003,Lucinda_van_Valkenburg_13.png,Lucinda_van_Valkenburg,train
Lucinda_van_Valkenburg_14__tile_r0000_c0000,Lucinda_van_Valkenburg_14.png,Lucinda_van_Valkenburg,train
Lucinda_van_Valkenburg_14__tile_r0000_c0001,Lucinda_van_Valkenburg_14.png,Lucinda_van_Valkenburg,train
Lucinda_van_Valkenburg_14__tile_r0000_c0002,Lucinda_van_Valkenburg_14.png,Lucinda_van_Valkenburg,train
Lucinda_van_Valkenburg_14__tile_r0000_c0003,Lucinda_van_Valkenburg_14.png,Lucinda_van_Valkenburg,train
Lucinda_van_Valkenburg_14__tile_r0001_c0000,Lucinda_van_Valkenburg_14.png,Lucinda_van_Valkenburg,train
Lucinda_van_Valkenburg_14__tile_r0001_c0001,Lucinda_van_Valkenburg_14.png,Lucinda_van_Valkenburg,train
Lucinda_van_Valkenburg_14__tile_r0001_c0002,Lucinda_van_Valkenburg_14.png,Lucinda_van_Valkenburg,train
Lucinda_van_Valkenburg_14__tile_r0001_c0003,Lucinda_van_Valkenburg_14.png,Lucinda_van_Valkenburg,train
Lucinda_van_Valkenburg_14__tile_r0002_c0000,Lucinda_van_Valkenburg_14.png,Lucinda_van_Valkenburg,train
Lucinda_van_Valkenburg_14__tile_r0002_c0001,Lucinda_van_Valkenburg_14.png,Lucinda_van_Valkenburg,train
Lucinda_van_Valkenburg_14__tile_r0002_c0002,Lucinda_van_Valkenburg_14.png,Lucinda_van_Valkenburg,train
Lucinda_van_Valkenburg_14__tile_r0002_c0003,Lucinda_van_Valkenburg_14.png,Lucinda_van_Valkenburg,train
Lucinda_van_Valkenburg_14__tile_r0003_c0000,Lucinda_van_Valkenburg_14.png,Lucinda_van_Valkenburg,train
Lucinda_van_Valkenburg_14__tile_r0003_c0001,Lucinda_van_Valkenburg_14.png,Lucinda_van_Valkenburg,train
Lucinda_van_Valkenburg_14__tile_r0003_c0002,Lucinda_van_Valkenburg_14.png,Lucinda_van_Valkenburg,train
Lucinda_van_Valkenburg_14__tile_r0003_c0003,Lucinda_van_Valkenburg_14.png,Lucinda_van_Valkenburg,train
Lucinda_van_Valkenburg_14__tile_r0004_c0000,Lucinda_van_Valkenburg_14.png,Lucinda_van_Valkenburg,train
Lucinda_van_Valkenburg_14__tile_r0004_c0001,Lucinda_van_Valkenburg_14.png,Lucinda_van_Valkenburg,train
Lucinda_van_Valkenburg_14__tile_r0004_c0002,Lucinda_van_Valkenburg_14.png,Lucinda_van_Valkenburg,train
Lucinda_van_Valkenburg_14__tile_r0004_c0003,Lucinda_van_Valkenburg_14.png,Lucinda_van_Valkenburg,train
Lucinda_van_Valkenburg_14__tile_r0005_c0000,Lucinda_van_Valkenburg_14.png,Lucinda_van_Valkenburg,train
Lucinda_van_Valkenburg_14__tile_r0005_c0001,Lucinda_van_Valkenburg_14.png,Lucinda_van_Valkenburg,train
Lucinda_van_Valkenburg_14__tile_r0005_c0002,Lucinda_van_Valkenburg_14.png,Lucinda_van_Valkenburg,train
Lucinda_van_Valkenburg_14__tile_r0005_c0003,Lucinda_van_Valkenburg_14.png,Lucinda_van_Valkenburg,train
Lucinda_van_Valkenburg_15__tile_r0000_c0000,Lucinda_van_Valkenburg_15.png,Lucinda_van_Valkenburg,train
Lucinda_van_Valkenburg_15__tile_r0000_c0001,Lucinda_van_Valkenburg_15.png,Lucinda_van_Valkenburg,train
Lucinda_van_Valkenburg_15__tile_r0000_c0002,Lucinda_van_Valkenburg_15.png,Lucinda_van_Valkenburg,train
Lucinda_van_Valkenburg_15__tile_r0000_c0003,Lucinda_van_Valkenburg_15.png,Lucinda_van_Valkenburg,train
Lucinda_van_Valkenburg_15__tile_r0001_c0000,Lucinda_van_Valkenburg_15.png,Lucinda_van_Valkenburg,train
Lucinda_van_Valkenburg_15__tile_r0001_c0001,Lucinda_van_Valkenburg_15.png,Lucinda_van_Valkenburg,train
Lucinda_van_Valkenburg_15__tile_r0001_c0002,Lucinda_van_Valkenburg_15.png,Lucinda_van_Valkenburg,train
Lucinda_van_Valkenburg_15__tile_r0001_c0003,Lucinda_van_Valkenburg_15.png,Lucinda_van_Valkenburg,train
Lucinda_van_Valkenburg_15__tile_r0002_c0000,Lucinda_van_Valkenburg_15.png,Lucinda_van_Valkenburg,train
Lucinda_van_Valkenburg_15__tile_r0002_c0001,Lucinda_van_Valkenburg_15.png,Lucinda_van_Valkenburg,train
Lucinda_van_Valkenburg_15__tile_r0002_c0002,Lucinda_van_Valkenburg_15.png,Lucinda_van_Valkenburg,train
Lucinda_van_Valkenburg_15__tile_r0002_c0003,Lucinda_van_Valkenburg_15.png,Lucinda_van_Valkenburg,train
Lucinda_van_Valkenburg_15__tile_r0003_c0000,Lucinda_van_Valkenburg_15.png,Lucinda_van_Valkenburg,train
Lucinda_van_Valkenburg_15__tile_r0003_c0001,Lucinda_van_Valkenburg_15.png,Lucinda_van_Valkenburg,train
Lucinda_van_Valkenburg_15__tile_r0003_c0002,Lucinda_van_Valkenburg_15.png,Lucinda_van_Valkenburg,train
Lucinda_van_Valkenburg_15__tile_r0003_c0003,Lucinda_van_Valkenburg_15.png,Lucinda_van_Valkenburg,train
Lucinda_van_Valkenburg_15__tile_r0004_c0000,Lucinda_van_Valkenburg_15.png,Lucinda_van_Valkenburg,train
Lucinda_van_Valkenburg_15__tile_r0004_c0001,Lucinda_van_Valkenburg_15.png,Lucinda_van_Valkenburg,train
Lucinda_van_Valkenburg_15__tile_r0004_c0002,Lucinda_van_Valkenburg_15.png,Lucinda_van_Valkenburg,train
Lucinda_van_Valkenburg_15__tile_r0004_c0003,Lucinda_van_Valkenburg_15.png,Lucinda_van_Valkenburg,train
Lucinda_van_Valkenburg_15__tile_r0005_c0000,Lucinda_van_Valkenburg_15.png,Lucinda_van_Valkenburg,train
Lucinda_van_Valkenburg_15__tile_r0005_c0001,Lucinda_van_Valkenburg_15.png,Lucinda_van_Valkenburg,train
Lucinda_van_Valkenburg_15__tile_r0005_c0002,Lucinda_van_Valkenburg_15.png,Lucinda_van_Valkenburg,train
Lucinda_van_Valkenburg_15__tile_r0005_c0003,Lucinda_van_Valkenburg_15.png,Lucinda_van_Valkenburg,train
Lucinda_van_Valkenburg_16__tile_r0000_c0000,Lucinda_van_Valkenburg_16.png,Lucinda_van_Valkenburg,train
Lucinda_van_Valkenburg_16__tile_r0000_c0001,Lucinda_van_Valkenburg_16.png,Lucinda_van_Valkenburg,train
Lucinda_van_Valkenburg_16__tile_r0000_c0002,Lucinda_van_Valkenburg_16.png,Lucinda_van_Valkenburg,train
Lucinda_van_Valkenburg_16__tile_r0000_c0003,Lucinda_van_Valkenburg_16.png,Lucinda_van_Valkenburg,train
Lucinda_van_Valkenburg_16__tile_r0001_c0000,Lucinda_van_Valkenburg_16.png,Lucinda_van_Valkenburg,train
Lucinda_van_Valkenburg_16__tile_r0001_c0001,Lucinda_van_Valkenburg_16.png,Lucinda_van_Valkenburg,train
Lucinda_van_Valkenburg_16__tile_r0001_c0002,Lucinda_van_Valkenburg_16.png,Lucinda_van_Valkenburg,train
Lucinda_van_Valkenburg_16__tile_r0001_c0003,Lucinda_van_Valkenburg_16.png,Lucinda_van_Valkenburg,train
Lucinda_van_Valkenburg_16__tile_r0002_c0000,Lucinda_van_Valkenburg_16.png,Lucinda_van_Valkenburg,train
Lucinda_van_Valkenburg_16__tile_r0002_c0001,Lucinda_van_Valkenburg_16.png,Lucinda_van_Valkenburg,train
Lucinda_van_Valkenburg_16__tile_r0002_c0002,Lucinda_van_Valkenburg_16.png,Lucinda_van_Valkenburg,train
Lucinda_van_Valkenburg_16__tile_r0002_c0003,Lucinda_van_Valkenburg_16.png,Lucinda_van_Valkenburg,train
Lucinda_van_Valkenburg_16__tile_r0003_c0000,Lucinda_van_Valkenburg_16.png,Lucinda_van_Valkenburg,train
Lucinda_van_Valkenburg_16__tile_r0003_c0001,Lucinda_van_Valkenburg_16.png,Lucinda_van_Valkenburg,train
Lucinda_van_Valkenburg_16__tile_r0003_c0002,Lucinda_van_Valkenburg_16.png,Lucinda_van_Valkenburg,train
Lucinda_van_Valkenburg_16__tile_r0003_c0003,Lucinda_van_Valkenburg_16.png,Lucinda_van_Valkenburg,train
Lucinda_van_Valkenburg_16__tile_r0004_c0000,Lucinda_van_Valkenburg_16.png,Lucinda_van_Valkenburg,train
Lucinda_van_Valkenburg_16__tile_r0004_c0001,Lucinda_van_Valkenburg_16.png,Lucinda_van_Valkenburg,train
Lucinda_van_Valkenburg_16__tile_r0004_c0002,Lucinda_van_Valkenburg_16.png,Lucinda_van_Valkenburg,train
Lucinda_van_Valkenburg_16__tile_r0004_c0003,Lucinda_van_Valkenburg_16.png,Lucinda_van_Valkenburg,train
Lucinda_van_Valkenburg_16__tile_r0005_c0000,Lucinda_van_Valkenburg_16.png,Lucinda_van_Valkenburg,train
Lucinda_van_Valkenburg_16__tile_r0005_c0001,Lucinda_van_Valkenburg_16.png,Lucinda_van_Valkenburg,train
Lucinda_van_Valkenburg_16__tile_r0005_c0002,Lucinda_van_Valkenburg_16.png,Lucinda_van_Valkenburg,train
Lucinda_van_Valkenburg_16__tile_r0005_c0003,Lucinda_van_Valkenburg_16.png,Lucinda_van_Valkenburg,train
Lucinda_van_Valkenburg_17__tile_r0000_c0000,Lucinda_van_Valkenburg_17.png,Lucinda_van_Valkenburg,train
Lucinda_van_Valkenburg_17__tile_r0000_c0001,Lucinda_van_Valkenburg_17.png,Lucinda_van_Valkenburg,train
Lucinda_van_Valkenburg_17__tile_r0000_c0002,Lucinda_van_Valkenburg_17.png,Lucinda_van_Valkenburg,train
Lucinda_van_Valkenburg_17__tile_r0000_c0003,Lucinda_van_Valkenburg_17.png,Lucinda_van_Valkenburg,train
Lucinda_van_Valkenburg_17__tile_r0001_c0000,Lucinda_van_Valkenburg_17.png,Lucinda_van_Valkenburg,train
Lucinda_van_Valkenburg_17__tile_r0001_c0001,Lucinda_van_Valkenburg_17.png,Lucinda_van_Valkenburg,train
Lucinda_van_Valkenburg_17__tile_r0001_c0002,Lucinda_van_Valkenburg_17.png,Lucinda_van_Valkenburg,train
Lucinda_van_Valkenburg_17__tile_r0001_c0003,Lucinda_van_Valkenburg_17.png,Lucinda_van_Valkenburg,train
Lucinda_van_Valkenburg_17__tile_r0002_c0000,Lucinda_van_Valkenburg_17.png,Lucinda_van_Valkenburg,train
Lucinda_van_Valkenburg_17__tile_r0002_c0001,Lucinda_van_Valkenburg_17.png,Lucinda_van_Valkenburg,train
Lucinda_van_Valkenburg_17__tile_r0002_c0002,Lucinda_van_Valkenburg_17.png,Lucinda_van_Valkenburg,train
Lucinda_van_Valkenburg_17__tile_r0002_c0003,Lucinda_van_Valkenburg_17.png,Lucinda_van_Valkenburg,train
Lucinda_van_Valkenburg_17__tile_r0003_c0000,Lucinda_van_Valkenburg_17.png,Lucinda_van_Valkenburg,train
Lucinda_van_Valkenburg_17__tile_r0003_c0001,Lucinda_van_Valkenburg_17.png,Lucinda_van_Valkenburg,train
Lucinda_van_Valkenburg_17__tile_r0003_c0002,Lucinda_van_Valkenburg_17.png,Lucinda_van_Valkenburg,train
Lucinda_van_Valkenburg_17__tile_r0003_c0003,Lucinda_van_Valkenburg_17.png,Lucinda_van_Valkenburg,train
Lucinda_van_Valkenburg_17__tile_r0004_c0000,Lucinda_van_Valkenburg_17.png,Lucinda_van_Valkenburg,train
Lucinda_van_Valkenburg_17__tile_r0004_c0001,Lucinda_van_Valkenburg_17.png,Lucinda_van_Valkenburg,train
Lucinda_van_Valkenburg_17__tile_r0004_c0002,Lucinda_van_Valkenburg_17.png,Lucinda_van_Valkenburg,train
Lucinda_van_Valkenburg_17__tile_r0004_c0003,Lucinda_van_Valkenburg_17.png,Lucinda_van_Valkenburg,train
Lucinda_van_Valkenburg_17__tile_r0005_c0000,Lucinda_van_Valkenburg_17.png,Lucinda_van_Valkenburg,train
Lucinda_van_Valkenburg_17__tile_r0005_c0001,Lucinda_van_Valkenburg_17.png,Lucinda_van_Valkenburg,train
Lucinda_van_Valkenburg_17__tile_r0005_c0002,Lucinda_van_Valkenburg_17.png,Lucinda_van_Valkenburg,train
Lucinda_van_Valkenburg_17__tile_r0005_c0003,Lucinda_van_Valkenburg_17.png,Lucinda_van_Valkenburg,train
Lucinda_van_Valkenburg_18__tile_r0000_c0000,Lucinda_van_Valkenburg_18.png,Lucinda_van_Valkenburg,train
Lucinda_van_Valkenburg_18__tile_r0000_c0001,Lucinda_van_Valkenburg_18.png,Lucinda_van_Valkenburg,train
Lucinda_van_Valkenburg_18__tile_r0000_c0002,Lucinda_van_Valkenburg_18.png,Lucinda_van_Valkenburg,train
Lucinda_van_Valkenburg_18__tile_r0000_c0003,Lucinda_van_Valkenburg_18.png,Lucinda_van_Valkenburg,train
Lucinda_van_Valkenburg_18__tile_r0001_c0000,Lucinda_van_Valkenburg_18.png,Lucinda_van_Valkenburg,train
Lucinda_van_Valkenburg_18__tile_r0001_c0001,Lucinda_van_Valkenburg_18.png,Lucinda_van_Valkenburg,train
Lucinda_van_Valkenburg_18__tile_r0001_c0002,Lucinda_van_Valkenburg_18.png,Lucinda_van_Valkenburg,train
Lucinda_van_Valkenburg_18__tile_r0001_c0003,Lucinda_van_Valkenburg_18.png,Lucinda_van_Valkenburg,train
Lucinda_van_Valkenburg_18__tile_r0002_c0000,Lucinda_van_Valkenburg_18.png,Lucinda_van_Valkenburg,train
Lucinda_van_Valkenburg_18__tile_r0002_c0001,Lucinda_van_Valkenburg_18.png,Lucinda_van_Valkenburg,train
Lucinda_van_Valkenburg_18__tile_r0002_c0002,Lucinda_van_Valkenburg_18.png,Lucinda_van_Valkenburg,train
Lucinda_van_Valkenburg_18__tile_r0002_c0003,Lucinda_van_Valkenburg_18.png,Lucinda_van_Valkenburg,train
Lucinda_van_Valkenburg_18__tile_r0003_c0000,Lucinda_van_Valkenburg_18.png,Lucinda_van_Valkenburg,train
Lucinda_van_Valkenburg_18__tile_r0003_c0001,Lucinda_van_Valkenburg_18.png,Lucinda_van_Valkenburg,train
Lucinda_van_Valkenburg_18__tile_r0003_c0002,Lucinda_van_Valkenburg_18.png,Lucinda_van_Valkenburg,train
Lucinda_van_Valkenburg_18__tile_r0003_c0003,Lucinda_van_Valkenburg_18.png,Lucinda_van_Valkenburg,train
Lucinda_van_Valkenburg_18__tile_r0004_c0000,Lucinda_van_Valkenburg_18.png,Lucinda_van_Valkenburg,train
Lucinda_van_Valkenburg_18__tile_r0004_c0001,Lucinda_van_Valkenburg_18.png,Lucinda_van_Valkenburg,train
Lucinda_van_Valkenburg_18__tile_r0004_c0002,Lucinda_van_Valkenburg_18.png,Lucinda_van_Valkenburg,train
Lucinda_van_Valkenburg_18__tile_r0004_c0003,Lucinda_van_Valkenburg_18.png,Lucinda_van_Valkenburg,train
Lucinda_van_Valkenburg_18__tile_r0005_c0000,Lucinda_van_Valkenburg_18.png,Lucinda_van_Valkenburg,train
Lucinda_van_Valkenburg_18__tile_r0005_c0001,Lucinda_van_Valkenburg_18.png,Lucinda_van_Valkenburg,train
Lucinda_van_Valkenburg_18__tile_r0005_c0002,Lucinda_van_Valkenburg_18.png,Lucinda_van_Valkenburg,train
Lucinda_van_Valkenburg_18__tile_r0005_c0003,Lucinda_van_Valkenburg_18.png,Lucinda_van_Valkenburg,train
Lucinda_van_Valkenburg_19__tile_r0000_c0000,Lucinda_van_Valkenburg_19.png,Lucinda_van_Valkenburg,train
Lucinda_van_Valkenburg_19__tile_r0000_c0001,Lucinda_van_Valkenburg_19.png,Lucinda_van_Valkenburg,train
Lucinda_van_Valkenburg_19__tile_r0000_c0002,Lucinda_van_Valkenburg_19.png,Lucinda_van_Valkenburg,train
Lucinda_van_Valkenburg_19__tile_r0000_c0003,Lucinda_van_Valkenburg_19.png,Lucinda_van_Valkenburg,train
Lucinda_van_Valkenburg_19__tile_r0001_c0000,Lucinda_van_Valkenburg_19.png,Lucinda_van_Valkenburg,train
Lucinda_van_Valkenburg_19__tile_r0001_c0001,Lucinda_van_Valkenburg_19.png,Lucinda_van_Valkenburg,train
Lucinda_van_Valkenburg_19__tile_r0001_c0002,Lucinda_van_Valkenburg_19.png,Lucinda_van_Valkenburg,train
Lucinda_van_Valkenburg_19__tile_r0001_c0003,Lucinda_van_Valkenburg_19.png,Lucinda_van_Valkenburg,train
Lucinda_van_Valkenburg_19__tile_r0002_c0000,Lucinda_van_Valkenburg_19.png,Lucinda_van_Valkenburg,train
Lucinda_van_Valkenburg_19__tile_r0002_c0001,Lucinda_van_Valkenburg_19.png,Lucinda_van_Valkenburg,train
Lucinda_van_Valkenburg_19__tile_r0002_c0002,Lucinda_van_Valkenburg_19.png,Lucinda_van_Valkenburg,train
Lucinda_van_Valkenburg_19__tile_r0002_c0003,Lucinda_van_Valkenburg_19.png,Lucinda_van_Valkenburg,train
Lucinda_van_Valkenburg_19__tile_r0003_c0000,Lucinda_van_Valkenburg_19.png,Lucinda_van_Valkenburg,train
Lucinda_van_Valkenburg_19__tile_r0003_c0001,Lucinda_van_Valkenburg_19.png,Lucinda_van_Valkenburg,train
Lucinda_van_Valkenburg_19__tile_r0003_c0002,Lucinda_van_Valkenburg_19.png,Lucinda_van_Valkenburg,train
Lucinda_van_Valkenburg_19__tile_r0003_c0003,Lucinda_van_Valkenburg_19.png,Lucinda_van_Valkenburg,train
Lucinda_van_Valkenburg_19__tile_r0004_c0000,Lucinda_van_Valkenburg_19.png,Lucinda_van_Valkenburg,train
Lucinda_van_Valkenburg_19__tile_r0004_c0001,Lucinda_van_Valkenburg_19.png,Lucinda_van_Valkenburg,train
Lucinda_van_Valkenburg_19__tile_r0004_c0002,Lucinda_van_Valkenburg_19.png,Lucinda_van_Valkenburg,train
Lucinda_van_Valkenburg_19__tile_r0004_c0003,Lucinda_van_Valkenburg_19.png,Lucinda_van_Valkenburg,train
Lucinda_van_Valkenburg_19__tile_r0005_c0000,Lucinda_van_Valkenburg_19.png,Lucinda_van_Valkenburg,train
Lucinda_van_Valkenburg_19__tile_r0005_c0001,Lucinda_van_Valkenburg_19.png,Lucinda_van_Valkenburg,train
Lucinda_van_Valkenburg_19__tile_r0005_c0002,Lucinda_van_Valkenburg_19.png,Lucinda_van_Valkenburg,train
Lucinda_van_Valkenburg_19__tile_r0005_c0003,Lucinda_van_Valkenburg_19.png,Lucinda_van_Valkenburg,train
Monohansett_01__tile_r0000_c0000,Monohansett_01.png,Monohansett,train
Monohansett_01__tile_r0000_c0001,Monohansett_01.png,Monohansett,train
Monohansett_01__tile_r0000_c0002,Monohansett_01.png,Monohansett,train
Monohansett_01__tile_r0000_c0003,Monohansett_01.png,Monohansett,train
Monohansett_01__tile_r0001_c0000,Monohansett_01.png,Monohansett,train
Monohansett_01__tile_r0001_c0001,Monohansett_01.png,Monohansett,train
Monohansett_01__tile_r0001_c0002,Monohansett_01.png,Monohansett,train
Monohansett_01__tile_r0001_c0003,Monohansett_01.png,Monohansett,train
Monohansett_01__tile_r0002_c0000,Monohansett_01.png,Monohansett,train
Monohansett_01__tile_r0002_c0001,Monohansett_01.png,Monohansett,train
Monohansett_01__tile_r0002_c0002,Monohansett_01.png,Monohansett,train
Monohansett_01__tile_r0002_c0003,Monohansett_01.png,Monohansett,train
Monohansett_01__tile_r0003_c0000,Monohansett_01.png,Monohansett,train
Monohansett_01__tile_r0003_c0001,Monohansett_01.png,Monohansett,train
Monohansett_01__tile_r0003_c0002,Monohansett_01.png,Monohansett,train
Monohansett_01__tile_r0003_c0003,Monohansett_01.png,Monohansett,train
Monohansett_01__tile_r0004_c0000,Monohansett_01.png,Monohansett,train
Monohansett_01__tile_r0004_c0001,Monohansett_01.png,Monohansett,train
Monohansett_01__tile_r0004_c0002,Monohansett_01.png,Monohansett,train
Monohansett_01__tile_r0004_c0003,Monohansett_01.png,Monohansett,train
Monohansett_01__tile_r0005_c0000,Monohansett_01.png,Monohansett,train
Monohansett_01__tile_r0005_c0001,Monohansett_01.png,Monohansett,train
Monohansett_01__tile_r0005_c0002,Monohansett_01.png,Monohansett,train
Monohansett_01__tile_r0005_c0003,Monohansett_01.png,Monohansett,train
Monohansett_01__tile_r0006_c0000,Monohansett_01.png,Monohansett,train
Monohansett_01__tile_r0006_c0001,Monohansett_01.png,Monohansett,train
Monohansett_01__tile_r0006_c0002,Monohansett_01.png,Monohansett,train
Monohansett_01__tile_r0006_c0003,Monohansett_01.png,Monohansett,train
Monohansett_01__tile_r0007_c0000,Monohansett_01.png,Monohansett,train
Monohansett_01__tile_r0007_c0001,Monohansett_01.png,Monohansett,train
Monohansett_01__tile_r0007_c0002,Monohansett_01.png,Monohansett,train
Monohansett_01__tile_r0007_c0003,Monohansett_01.png,Monohansett,train
Monohansett_01__tile_r0008_c0000,Monohansett_01.png,Monohansett,train
Monohansett_01__tile_r0008_c0001,Monohansett_01.png,Monohansett,train
Monohansett_01__tile_r0008_c0002,Monohansett_01.png,Monohansett,train
Monohansett_01__tile_r0008_c0003,Monohansett_01.png,Monohansett,train
Monohansett_01__tile_r0009_c0000,Monohansett_01.png,Monohansett,train
Monohansett_01__tile_r0009_c0001,Monohansett_01.png,Monohansett,train
Monohansett_01__tile_r0009_c0002,Monohansett_01.png,Monohansett,train
Monohansett_01__tile_r0009_c0003,Monohansett_01.png,Monohansett,train
Monohansett_01__tile_r0010_c0000,Monohansett_01.png,Monohansett,train
Monohansett_01__tile_r0010_c0001,Monohansett_01.png,Monohansett,train
Monohansett_01__tile_r0010_c0002,Monohansett_01.png,Monohansett,train
Monohansett_01__tile_r0010_c0003,Monohansett_01.png,Monohansett,train
Monohansett_01__tile_r0011_c0000,Monohansett_01.png,Monohansett,train
Monohansett_01__tile_r0011_c0001,Monohansett_01.png,Monohansett,train
Monohansett_01__tile_r0011_c0002,Monohansett_01.png,Monohansett,train
Monohansett_01__tile_r0011_c0003,Monohansett_01.png,Monohansett,train
Monohansett_01__tile_r0012_c0000,Monohansett_01.png,Monohansett,train
Monohansett_01__tile_r0012_c0001,Monohansett_01.png,Monohansett,train
Monohansett_01__tile_r0012_c0002,Monohansett_01.png,Monohansett,train
Monohansett_01__tile_r0012_c0003,Monohansett_01.png,Monohansett,train
Monohansett_01__tile_r0013_c0000,Monohansett_01.png,Monohansett,train
Monohansett_01__tile_r0013_c0001,Monohansett_01.png,Monohansett,train
Monohansett_01__tile_r0013_c0002,Monohansett_01.png,Monohansett,train
Monohansett_01__tile_r0013_c0003,Monohansett_01.png,Monohansett,train
Monohansett_01__tile_r0014_c0000,Monohansett_01.png,Monohansett,train
Monohansett_01__tile_r0014_c0001,Monohansett_01.png,Monohansett,train
Monohansett_01__tile_r0014_c0002,Monohansett_01.png,Monohansett,train
Monohansett_01__tile_r0014_c0003,Monohansett_01.png,Monohansett,train
Monohansett_01__tile_r0015_c0000,Monohansett_01.png,Monohansett,train
Monohansett_01__tile_r0015_c0001,Monohansett_01.png,Monohansett,train
Monohansett_01__tile_r0015_c0002,Monohansett_01.png,Monohansett,train
Monohansett_01__tile_r0015_c0003,Monohansett_01.png,Monohansett,train
Monohansett_01__tile_r0016_c0000,Monohansett_01.png,Monohansett,train
Monohansett_01__tile_r0016_c0001,Monohansett_01.png,Monohansett,train
Monohansett_01__tile_r0016_c0002,Monohansett_01.png,Monohansett,train
Monohansett_01__tile_r0016_c0003,Monohansett_01.png,Monohansett,train
Monohansett_01__tile_r0017_c0000,Monohansett_01.png,Monohansett,train
Monohansett_01__tile_r0017_c0001,Monohansett_01.png,Monohansett,train
Monohansett_01__tile_r0017_c0002,Monohansett_01.png,Monohansett,train
Monohansett_01__tile_r0017_c0003,Monohansett_01.png,Monohansett,train
Monohansett_02__tile_r0000_c0000,Monohansett_02.png,Monohansett,train
Monohansett_02__tile_r0000_c0001,Monohansett_02.png,Monohansett,train
Monohansett_02__tile_r0000_c0002,Monohansett_02.png,Monohansett,train
Monohansett_02__tile_r0000_c0003,Monohansett_02.png,Monohansett,train
Monohansett_02__tile_r0001_c0000,Monohansett_02.png,Monohansett,train
Monohansett_02__tile_r0001_c0001,Monohansett_02.png,Monohansett,train
Monohansett_02__tile_r0001_c0002,Monohansett_02.png,Monohansett,train
Monohansett_02__tile_r0001_c0003,Monohansett_02.png,Monohansett,train
Monohansett_02__tile_r0002_c0000,Monohansett_02.png,Monohansett,train
Monohansett_02__tile_r0002_c0001,Monohansett_02.png,Monohansett,train
Monohansett_02__tile_r0002_c0002,Monohansett_02.png,Monohansett,train
Monohansett_02__tile_r0002_c0003,Monohansett_02.png,Monohansett,train
Monohansett_02__tile_r0003_c0000,Monohansett_02.png,Monohansett,train
Monohansett_02__tile_r0003_c0001,Monohansett_02.png,Monohansett,train
Monohansett_02__tile_r0003_c0002,Monohansett_02.png,Monohansett,train
Monohansett_02__tile_r0003_c0003,Monohansett_02.png,Monohansett,train
Monohansett_02__tile_r0004_c0000,Monohansett_02.png,Monohansett,train
Monohansett_02__tile_r0004_c0001,Monohansett_02.png,Monohansett,train
Monohansett_02__tile_r0004_c0002,Monohansett_02.png,Monohansett,train
Monohansett_02__tile_r0004_c0003,Monohansett_02.png,Monohansett,train
Monohansett_02__tile_r0005_c0000,Monohansett_02.png,Monohansett,train
Monohansett_02__tile_r0005_c0001,Monohansett_02.png,Monohansett,train
Monohansett_02__tile_r0005_c0002,Monohansett_02.png,Monohansett,train
Monohansett_02__tile_r0005_c0003,Monohansett_02.png,Monohansett,train
Monohansett_02__tile_r0006_c0000,Monohansett_02.png,Monohansett,train
Monohansett_02__tile_r0006_c0001,Monohansett_02.png,Monohansett,train
Monohansett_02__tile_r0006_c0002,Monohansett_02.png,Monohansett,train
Monohansett_02__tile_r0006_c0003,Monohansett_02.png,Monohansett,train
Monohansett_02__tile_r0007_c0000,Monohansett_02.png,Monohansett,train
Monohansett_02__tile_r0007_c0001,Monohansett_02.png,Monohansett,train
Monohansett_02__tile_r0007_c0002,Monohansett_02.png,Monohansett,train
Monohansett_02__tile_r0007_c0003,Monohansett_02.png,Monohansett,train
Monohansett_02__tile_r0008_c0000,Monohansett_02.png,Monohansett,train
Monohansett_02__tile_r0008_c0001,Monohansett_02.png,Monohansett,train
Monohansett_02__tile_r0008_c0002,Monohansett_02.png,Monohansett,train
Monohansett_02__tile_r0008_c0003,Monohansett_02.png,Monohansett,train
Monohansett_02__tile_r0009_c0000,Monohansett_02.png,Monohansett,train
Monohansett_02__tile_r0009_c0001,Monohansett_02.png,Monohansett,train
Monohansett_02__tile_r0009_c0002,Monohansett_02.png,Monohansett,train
Monohansett_02__tile_r0009_c0003,Monohansett_02.png,Monohansett,train
Monohansett_02__tile_r0010_c0000,Monohansett_02.png,Monohansett,train
Monohansett_02__tile_r0010_c0001,Monohansett_02.png,Monohansett,train
Monohansett_02__tile_r0010_c0002,Monohansett_02.png,Monohansett,train
Monohansett_02__tile_r0010_c0003,Monohansett_02.png,Monohansett,train
Monohansett_02__tile_r0011_c0000,Monohansett_02.png,Monohansett,train
Monohansett_02__tile_r0011_c0001,Monohansett_02.png,Monohansett,train
Monohansett_02__tile_r0011_c0002,Monohansett_02.png,Monohansett,train
Monohansett_02__tile_r0011_c0003,Monohansett_02.png,Monohansett,train
Monohansett_02__tile_r0012_c0000,Monohansett_02.png,Monohansett,train
Monohansett_02__tile_r0012_c0001,Monohansett_02.png,Monohansett,train
Monohansett_02__tile_r0012_c0002,Monohansett_02.png,Monohansett,train
Monohansett_02__tile_r0012_c0003,Monohansett_02.png,Monohansett,train
Monohansett_02__tile_r0013_c0000,Monohansett_02.png,Monohansett,train
Monohansett_02__tile_r0013_c0001,Monohansett_02.png,Monohansett,train
Monohansett_02__tile_r0013_c0002,Monohansett_02.png,Monohansett,train
Monohansett_02__tile_r0013_c0003,Monohansett_02.png,Monohansett,train
Monohansett_02__tile_r0014_c0000,Monohansett_02.png,Monohansett,train
Monohansett_02__tile_r0014_c0001,Monohansett_02.png,Monohansett,train
Monohansett_02__tile_r0014_c0002,Monohansett_02.png,Monohansett,train
Monohansett_02__tile_r0014_c0003,Monohansett_02.png,Monohansett,train
Monohansett_02__tile_r0015_c0000,Monohansett_02.png,Monohansett,train
Monohansett_02__tile_r0015_c0001,Monohansett_02.png,Monohansett,train
Monohansett_02__tile_r0015_c0002,Monohansett_02.png,Monohansett,train
Monohansett_02__tile_r0015_c0003,Monohansett_02.png,Monohansett,train
Monohansett_02__tile_r0016_c0000,Monohansett_02.png,Monohansett,train
Monohansett_02__tile_r0016_c0001,Monohansett_02.png,Monohansett,train
Monohansett_02__tile_r0016_c0002,Monohansett_02.png,Monohansett,train
Monohansett_02__tile_r0016_c0003,Monohansett_02.png,Monohansett,train
Monohansett_02__tile_r0017_c0000,Monohansett_02.png,Monohansett,train
Monohansett_02__tile_r0017_c0001,Monohansett_02.png,Monohansett,train
Monohansett_02__tile_r0017_c0002,Monohansett_02.png,Monohansett,train
Monohansett_02__tile_r0017_c0003,Monohansett_02.png,Monohansett,train
Monohansett_03__tile_r0000_c0000,Monohansett_03.png,Monohansett,train
Monohansett_03__tile_r0000_c0001,Monohansett_03.png,Monohansett,train
Monohansett_03__tile_r0000_c0002,Monohansett_03.png,Monohansett,train
Monohansett_03__tile_r0000_c0003,Monohansett_03.png,Monohansett,train
Monohansett_03__tile_r0001_c0000,Monohansett_03.png,Monohansett,train
Monohansett_03__tile_r0001_c0001,Monohansett_03.png,Monohansett,train
Monohansett_03__tile_r0001_c0002,Monohansett_03.png,Monohansett,train
Monohansett_03__tile_r0001_c0003,Monohansett_03.png,Monohansett,train
Monohansett_03__tile_r0002_c0000,Monohansett_03.png,Monohansett,train
Monohansett_03__tile_r0002_c0001,Monohansett_03.png,Monohansett,train
Monohansett_03__tile_r0002_c0002,Monohansett_03.png,Monohansett,train
Monohansett_03__tile_r0002_c0003,Monohansett_03.png,Monohansett,train
Monohansett_03__tile_r0003_c0000,Monohansett_03.png,Monohansett,train
Monohansett_03__tile_r0003_c0001,Monohansett_03.png,Monohansett,train
Monohansett_03__tile_r0003_c0002,Monohansett_03.png,Monohansett,train
Monohansett_03__tile_r0003_c0003,Monohansett_03.png,Monohansett,train
Monohansett_03__tile_r0004_c0000,Monohansett_03.png,Monohansett,train
Monohansett_03__tile_r0004_c0001,Monohansett_03.png,Monohansett,train
Monohansett_03__tile_r0004_c0002,Monohansett_03.png,Monohansett,train
Monohansett_03__tile_r0004_c0003,Monohansett_03.png,Monohansett,train
Monohansett_03__tile_r0005_c0000,Monohansett_03.png,Monohansett,train
Monohansett_03__tile_r0005_c0001,Monohansett_03.png,Monohansett,train
Monohansett_03__tile_r0005_c0002,Monohansett_03.png,Monohansett,train
Monohansett_03__tile_r0005_c0003,Monohansett_03.png,Monohansett,train
Monohansett_03__tile_r0006_c0000,Monohansett_03.png,Monohansett,train
Monohansett_03__tile_r0006_c0001,Monohansett_03.png,Monohansett,train
Monohansett_03__tile_r0006_c0002,Monohansett_03.png,Monohansett,train
Monohansett_03__tile_r0006_c0003,Monohansett_03.png,Monohansett,train
Monohansett_03__tile_r0007_c0000,Monohansett_03.png,Monohansett,train
Monohansett_03__tile_r0007_c0001,Monohansett_03.png,Monohansett,train
Monohansett_03__tile_r0007_c0002,Monohansett_03.png,Monohansett,train
Monohansett_03__tile_r0007_c0003,Monohansett_03.png,Monohansett,train
Monohansett_03__tile_r0008_c0000,Monohansett_03.png,Monohansett,train
Monohansett_03__tile_r0008_c0001,Monohansett_03.png,Monohansett,train
Monohansett_03__tile_r0008_c0002,Monohansett_03.png,Monohansett,train
Monohansett_03__tile_r0008_c0003,Monohansett_03.png,Monohansett,train
Monohansett_03__tile_r0009_c0000,Monohansett_03.png,Monohansett,train
Monohansett_03__tile_r0009_c0001,Monohansett_03.png,Monohansett,train
Monohansett_03__tile_r0009_c0002,Monohansett_03.png,Monohansett,train
Monohansett_03__tile_r0009_c0003,Monohansett_03.png,Monohansett,train
Monohansett_03__tile_r0010_c0000,Monohansett_03.png,Monohansett,train
Monohansett_03__tile_r0010_c0001,Monohansett_03.png,Monohansett,train
Monohansett_03__tile_r0010_c0002,Monohansett_03.png,Monohansett,train
Monohansett_03__tile_r0010_c0003,Monohansett_03.png,Monohansett,train
Monohansett_03__tile_r0011_c0000,Monohansett_03.png,Monohansett,train
Monohansett_03__tile_r0011_c0001,Monohansett_03.png,Monohansett,train
Monohansett_03__tile_r0011_c0002,Monohansett_03.png,Monohansett,train
Monohansett_03__tile_r0011_c0003,Monohansett_03.png,Monohansett,train
Monohansett_03__tile_r0012_c0000,Monohansett_03.png,Monohansett,train
Monohansett_03__tile_r0012_c0001,Monohansett_03.png,Monohansett,train
Monohansett_03__tile_r0012_c0002,Monohansett_03.png,Monohansett,train
Monohansett_03__tile_r0012_c0003,Monohansett_03.png,Monohansett,train
Monohansett_03__tile_r0013_c0000,Monohansett_03.png,Monohansett,train
Monohansett_03__tile_r0013_c0001,Monohansett_03.png,Monohansett,train
Monohansett_03__tile_r0013_c0002,Monohansett_03.png,Monohansett,train
Monohansett_03__tile_r0013_c0003,Monohansett_03.png,Monohansett,train
Monohansett_03__tile_r0014_c0000,Monohansett_03.png,Monohansett,train
Monohansett_03__tile_r0014_c0001,Monohansett_03.png,Monohansett,train
Monohansett_03__tile_r0014_c0002,Monohansett_03.png,Monohansett,train
Monohansett_03__tile_r0014_c0003,Monohansett_03.png,Monohansett,train
Monohansett_03__tile_r0015_c0000,Monohansett_03.png,Monohansett,train
Monohansett_03__tile_r0015_c0001,Monohansett_03.png,Monohansett,train
Monohansett_03__tile_r0015_c0002,Monohansett_03.png,Monohansett,train
Monohansett_03__tile_r0015_c0003,Monohansett_03.png,Monohansett,train
Monohansett_03__tile_r0016_c0000,Monohansett_03.png,Monohansett,train
Monohansett_03__tile_r0016_c0001,Monohansett_03.png,Monohansett,train
Monohansett_03__tile_r0016_c0002,Monohansett_03.png,Monohansett,train
Monohansett_03__tile_r0016_c0003,Monohansett_03.png,Monohansett,train
Monohansett_03__tile_r0017_c0000,Monohansett_03.png,Monohansett,train
Monohansett_03__tile_r0017_c0001,Monohansett_03.png,Monohansett,train
Monohansett_03__tile_r0017_c0002,Monohansett_03.png,Monohansett,train
Monohansett_03__tile_r0017_c0003,Monohansett_03.png,Monohansett,train
Monohansett_04__tile_r0000_c0000,Monohansett_04.png,Monohansett,train
Monohansett_04__tile_r0000_c0001,Monohansett_04.png,Monohansett,train
Monohansett_04__tile_r0000_c0002,Monohansett_04.png,Monohansett,train
Monohansett_04__tile_r0000_c0003,Monohansett_04.png,Monohansett,train
Monohansett_04__tile_r0001_c0000,Monohansett_04.png,Monohansett,train
Monohansett_04__tile_r0001_c0001,Monohansett_04.png,Monohansett,train
Monohansett_04__tile_r0001_c0002,Monohansett_04.png,Monohansett,train
Monohansett_04__tile_r0001_c0003,Monohansett_04.png,Monohansett,train
Monohansett_04__tile_r0002_c0000,Monohansett_04.png,Monohansett,train
Monohansett_04__tile_r0002_c0001,Monohansett_04.png,Monohansett,train
Monohansett_04__tile_r0002_c0002,Monohansett_04.png,Monohansett,train
Monohansett_04__tile_r0002_c0003,Monohansett_04.png,Monohansett,train
Monohansett_04__tile_r0003_c0000,Monohansett_04.png,Monohansett,train
Monohansett_04__tile_r0003_c0001,Monohansett_04.png,Monohansett,train
Monohansett_04__tile_r0003_c0002,Monohansett_04.png,Monohansett,train
Monohansett_04__tile_r0003_c0003,Monohansett_04.png,Monohansett,train
Monohansett_04__tile_r0004_c0000,Monohansett_04.png,Monohansett,train
Monohansett_04__tile_r0004_c0001,Monohansett_04.png,Monohansett,train
Monohansett_04__tile_r0004_c0002,Monohansett_04.png,Monohansett,train
Monohansett_04__tile_r0004_c0003,Monohansett_04.png,Monohansett,train
Monohansett_04__tile_r0005_c0000,Monohansett_04.png,Monohansett,train
Monohansett_04__tile_r0005_c0001,Monohansett_04.png,Monohansett,train
Monohansett_04__tile_r0005_c0002,Monohansett_04.png,Monohansett,train
Monohansett_04__tile_r0005_c0003,Monohansett_04.png,Monohansett,train
Monohansett_04__tile_r0006_c0000,Monohansett_04.png,Monohansett,train
Monohansett_04__tile_r0006_c0001,Monohansett_04.png,Monohansett,train
Monohansett_04__tile_r0006_c0002,Monohansett_04.png,Monohansett,train
Monohansett_04__tile_r0006_c0003,Monohansett_04.png,Monohansett,train
Monohansett_04__tile_r0007_c0000,Monohansett_04.png,Monohansett,train
Monohansett_04__tile_r0007_c0001,Monohansett_04.png,Monohansett,train
Monohansett_04__tile_r0007_c0002,Monohansett_04.png,Monohansett,train
Monohansett_04__tile_r0007_c0003,Monohansett_04.png,Monohansett,train
Monohansett_04__tile_r0008_c0000,Monohansett_04.png,Monohansett,train
Monohansett_04__tile_r0008_c0001,Monohansett_04.png,Monohansett,train
Monohansett_04__tile_r0008_c0002,Monohansett_04.png,Monohansett,train
Monohansett_04__tile_r0008_c0003,Monohansett_04.png,Monohansett,train
Monohansett_04__tile_r0009_c0000,Monohansett_04.png,Monohansett,train
Monohansett_04__tile_r0009_c0001,Monohansett_04.png,Monohansett,train
Monohansett_04__tile_r0009_c0002,Monohansett_04.png,Monohansett,train
Monohansett_04__tile_r0009_c0003,Monohansett_04.png,Monohansett,train
Monohansett_05__tile_r0000_c0000,Monohansett_05.png,Monohansett,train
Monohansett_05__tile_r0000_c0001,Monohansett_05.png,Monohansett,train
Monohansett_05__tile_r0000_c0002,Monohansett_05.png,Monohansett,train
Monohansett_05__tile_r0000_c0003,Monohansett_05.png,Monohansett,train
Monohansett_05__tile_r0001_c0000,Monohansett_05.png,Monohansett,train
Monohansett_05__tile_r0001_c0001,Monohansett_05.png,Monohansett,train
Monohansett_05__tile_r0001_c0002,Monohansett_05.png,Monohansett,train
Monohansett_05__tile_r0001_c0003,Monohansett_05.png,Monohansett,train
Monohansett_05__tile_r0002_c0000,Monohansett_05.png,Monohansett,train
Monohansett_05__tile_r0002_c0001,Monohansett_05.png,Monohansett,train
Monohansett_05__tile_r0002_c0002,Monohansett_05.png,Monohansett,train
Monohansett_05__tile_r0002_c0003,Monohansett_05.png,Monohansett,train
Monohansett_05__tile_r0003_c0000,Monohansett_05.png,Monohansett,train
Monohansett_05__tile_r0003_c0001,Monohansett_05.png,Monohansett,train
Monohansett_05__tile_r0003_c0002,Monohansett_05.png,Monohansett,train
Monohansett_05__tile_r0003_c0003,Monohansett_05.png,Monohansett,train
Monohansett_05__tile_r0004_c0000,Monohansett_05.png,Monohansett,train
Monohansett_05__tile_r0004_c0001,Monohansett_05.png,Monohansett,train
Monohansett_05__tile_r0004_c0002,Monohansett_05.png,Monohansett,train
Monohansett_05__tile_r0004_c0003,Monohansett_05.png,Monohansett,train
Monohansett_05__tile_r0005_c0000,Monohansett_05.png,Monohansett,train
Monohansett_05__tile_r0005_c0001,Monohansett_05.png,Monohansett,train
Monohansett_05__tile_r0005_c0002,Monohansett_05.png,Monohansett,train
Monohansett_05__tile_r0005_c0003,Monohansett_05.png,Monohansett,train
Monohansett_05__tile_r0006_c0000,Monohansett_05.png,Monohansett,train
Monohansett_05__tile_r0006_c0001,Monohansett_05.png,Monohansett,train
Monohansett_05__tile_r0006_c0002,Monohansett_05.png,Monohansett,train
Monohansett_05__tile_r0006_c0003,Monohansett_05.png,Monohansett,train
Monohansett_05__tile_r0007_c0000,Monohansett_05.png,Monohansett,train
Monohansett_05__tile_r0007_c0001,Monohansett_05.png,Monohansett,train
Monohansett_05__tile_r0007_c0002,Monohansett_05.png,Monohansett,train
Monohansett_05__tile_r0007_c0003,Monohansett_05.png,Monohansett,train
Monohansett_05__tile_r0008_c0000,Monohansett_05.png,Monohansett,train
Monohansett_05__tile_r0008_c0001,Monohansett_05.png,Monohansett,train
Monohansett_05__tile_r0008_c0002,Monohansett_05.png,Monohansett,train
Monohansett_05__tile_r0008_c0003,Monohansett_05.png,Monohansett,train
Monohansett_05__tile_r0009_c0000,Monohansett_05.png,Monohansett,train
Monohansett_05__tile_r0009_c0001,Monohansett_05.png,Monohansett,train
Monohansett_05__tile_r0009_c0002,Monohansett_05.png,Monohansett,train
Monohansett_05__tile_r0009_c0003,Monohansett_05.png,Monohansett,train
Monrovia_01__tile_r0000_c0000,Monrovia_01.png,Monrovia,train
Monrovia_01__tile_r0000_c0001,Monrovia_01.png,Monrovia,train
Monrovia_01__tile_r0000_c0002,Monrovia_01.png,Monrovia,train
Monrovia_01__tile_r0000_c0003,Monrovia_01.png,Monrovia,train
Monrovia_01__tile_r0001_c0000,Monrovia_01.png,Monrovia,train
Monrovia_01__tile_r0001_c0001,Monrovia_01.png,Monrovia,train
Monrovia_01__tile_r0001_c0002,Monrovia_01.png,Monrovia,train
Monrovia_01__tile_r0001_c0003,Monrovia_01.png,Monrovia,train
Monrovia_01__tile_r0002_c0000,Monrovia_01.png,Monrovia,train
Monrovia_01__tile_r0002_c0001,Monrovia_01.png,Monrovia,train
Monrovia_01__tile_r0002_c0002,Monrovia_01.png,Monrovia,train
Monrovia_01__tile_r0002_c0003,Monrovia_01.png,Monrovia,train
Monrovia_01__tile_r0003_c0000,Monrovia_01.png,Monrovia,train
Monrovia_01__tile_r0003_c0001,Monrovia_01.png,Monrovia,train
Monrovia_01__tile_r0003_c0002,Monrovia_01.png,Monrovia,train
Monrovia_01__tile_r0003_c0003,Monrovia_01.png,Monrovia,train
Monrovia_02__tile_r0000_c0000,Monrovia_02.png,Monrovia,train
Monrovia_02__tile_r0000_c0001,Monrovia_02.png,Monrovia,train
Monrovia_02__tile_r0000_c0002,Monrovia_02.png,Monrovia,train
Monrovia_02__tile_r0000_c0003,Monrovia_02.png,Monrovia,train
Monrovia_02__tile_r0001_c0000,Monrovia_02.png,Monrovia,train
Monrovia_02__tile_r0001_c0001,Monrovia_02.png,Monrovia,train
Monrovia_02__tile_r0001_c0002,Monrovia_02.png,Monrovia,train
Monrovia_02__tile_r0001_c0003,Monrovia_02.png,Monrovia,train
Monrovia_02__tile_r0002_c0000,Monrovia_02.png,Monrovia,train
Monrovia_02__tile_r0002_c0001,Monrovia_02.png,Monrovia,train
Monrovia_02__tile_r0002_c0002,Monrovia_02.png,Monrovia,train
Monrovia_02__tile_r0002_c0003,Monrovia_02.png,Monrovia,train
Monrovia_02__tile_r0003_c0000,Monrovia_02.png,Monrovia,train
Monrovia_02__tile_r0003_c0001,Monrovia_02.png,Monrovia,train
Monrovia_02__tile_r0003_c0002,Monrovia_02.png,Monrovia,train
Monrovia_02__tile_r0003_c0003,Monrovia_02.png,Monrovia,train
Monrovia_03__tile_r0000_c0000,Monrovia_03.png,Monrovia,train
Monrovia_03__tile_r0000_c0001,Monrovia_03.png,Monrovia,train
Monrovia_03__tile_r0000_c0002,Monrovia_03.png,Monrovia,train
Monrovia_03__tile_r0000_c0003,Monrovia_03.png,Monrovia,train
Monrovia_03__tile_r0001_c0000,Monrovia_03.png,Monrovia,train
Monrovia_03__tile_r0001_c0001,Monrovia_03.png,Monrovia,train
Monrovia_03__tile_r0001_c0002,Monrovia_03.png,Monrovia,train
Monrovia_03__tile_r0001_c0003,Monrovia_03.png,Monrovia,train
Monrovia_03__tile_r0002_c0000,Monrovia_03.png,Monrovia,train
Monrovia_03__tile_r0002_c0001,Monrovia_03.png,Monrovia,train
Monrovia_03__tile_r0002_c0002,Monrovia_03.png,Monrovia,train
Monrovia_03__tile_r0002_c0003,Monrovia_03.png,Monrovia,train
Monrovia_03__tile_r0003_c0000,Monrovia_03.png,Monrovia,train
Monrovia_03__tile_r0003_c0001,Monrovia_03.png,Monrovia,train
Monrovia_03__tile_r0003_c0002,Monrovia_03.png,Monrovia,train
Monrovia_03__tile_r0003_c0003,Monrovia_03.png,Monrovia,train
Monrovia_04__tile_r0000_c0000,Monrovia_04.png,Monrovia,train
Monrovia_04__tile_r0000_c0001,Monrovia_04.png,Monrovia,train
Monrovia_04__tile_r0000_c0002,Monrovia_04.png,Monrovia,train
Monrovia_04__tile_r0000_c0003,Monrovia_04.png,Monrovia,train
Monrovia_04__tile_r0001_c0000,Monrovia_04.png,Monrovia,train
Monrovia_04__tile_r0001_c0001,Monrovia_04.png,Monrovia,train
Monrovia_04__tile_r0001_c0002,Monrovia_04.png,Monrovia,train
Monrovia_04__tile_r0001_c0003,Monrovia_04.png,Monrovia,train
Monrovia_04__tile_r0002_c0000,Monrovia_04.png,Monrovia,train
Monrovia_04__tile_r0002_c0001,Monrovia_04.png,Monrovia,train
Monrovia_04__tile_r0002_c0002,Monrovia_04.png,Monrovia,train
Monrovia_04__tile_r0002_c0003,Monrovia_04.png,Monrovia,train
Monrovia_04__tile_r0003_c0000,Monrovia_04.png,Monrovia,train
Monrovia_04__tile_r0003_c0001,Monrovia_04.png,Monrovia,train
Monrovia_04__tile_r0003_c0002,Monrovia_04.png,Monrovia,train
Monrovia_04__tile_r0003_c0003,Monrovia_04.png,Monrovia,train
Monrovia_05__tile_r0000_c0000,Monrovia_05.png,Monrovia,train
Monrovia_05__tile_r0000_c0001,Monrovia_05.png,Monrovia,train
Monrovia_05__tile_r0000_c0002,Monrovia_05.png,Monrovia,train
Monrovia_05__tile_r0000_c0003,Monrovia_05.png,Monrovia,train
Monrovia_05__tile_r0001_c0000,Monrovia_05.png,Monrovia,train
Monrovia_05__tile_r0001_c0001,Monrovia_05.png,Monrovia,train
Monrovia_05__tile_r0001_c0002,Monrovia_05.png,Monrovia,train
Monrovia_05__tile_r0001_c0003,Monrovia_05.png,Monrovia,train
Monrovia_05__tile_r0002_c0000,Monrovia_05.png,Monrovia,train
Monrovia_05__tile_r0002_c0001,Monrovia_05.png,Monrovia,train
Monrovia_05__tile_r0002_c0002,Monrovia_05.png,Monrovia,train
Monrovia_05__tile_r0002_c0003,Monrovia_05.png,Monrovia,train
Monrovia_05__tile_r0003_c0000,Monrovia_05.png,Monrovia,train
Monrovia_05__tile_r0003_c0001,Monrovia_05.png,Monrovia,train
Monrovia_05__tile_r0003_c0002,Monrovia_05.png,Monrovia,train
Monrovia_05__tile_r0003_c0003,Monrovia_05.png,Monrovia,train
Monrovia_06__tile_r0000_c0000,Monrovia_06.png,Monrovia,train
Monrovia_06__tile_r0000_c0001,Monrovia_06.png,Monrovia,train
Monrovia_06__tile_r0000_c0002,Monrovia_06.png,Monrovia,train
Monrovia_06__tile_r0000_c0003,Monrovia_06.png,Monrovia,train
Monrovia_06__tile_r0001_c0000,Monrovia_06.png,Monrovia,train
Monrovia_06__tile_r0001_c0001,Monrovia_06.png,Monrovia,train
Monrovia_06__tile_r0001_c0002,Monrovia_06.png,Monrovia,train
Monrovia_06__tile_r0001_c0003,Monrovia_06.png,Monrovia,train
Monrovia_06__tile_r0002_c0000,Monrovia_06.png,Monrovia,train
Monrovia_06__tile_r0002_c0001,Monrovia_06.png,Monrovia,train
Monrovia_06__tile_r0002_c0002,Monrovia_06.png,Monrovia,train
Monrovia_06__tile_r0002_c0003,Monrovia_06.png,Monrovia,train
Monrovia_06__tile_r0003_c0000,Monrovia_06.png,Monrovia,train
Monrovia_06__tile_r0003_c0001,Monrovia_06.png,Monrovia,train
Monrovia_06__tile_r0003_c0002,Monrovia_06.png,Monrovia,train
Monrovia_06__tile_r0003_c0003,Monrovia_06.png,Monrovia,train
Monrovia_07__tile_r0000_c0000,Monrovia_07.png,Monrovia,train
Monrovia_07__tile_r0000_c0001,Monrovia_07.png,Monrovia,train
Monrovia_07__tile_r0000_c0002,Monrovia_07.png,Monrovia,train
Monrovia_07__tile_r0000_c0003,Monrovia_07.png,Monrovia,train
Monrovia_07__tile_r0001_c0000,Monrovia_07.png,Monrovia,train
Monrovia_07__tile_r0001_c0001,Monrovia_07.png,Monrovia,train
Monrovia_07__tile_r0001_c0002,Monrovia_07.png,Monrovia,train
Monrovia_07__tile_r0001_c0003,Monrovia_07.png,Monrovia,train
Monrovia_07__tile_r0002_c0000,Monrovia_07.png,Monrovia,train
Monrovia_07__tile_r0002_c0001,Monrovia_07.png,Monrovia,train
Monrovia_07__tile_r0002_c0002,Monrovia_07.png,Monrovia,train
Monrovia_07__tile_r0002_c0003,Monrovia_07.png,Monrovia,train
Monrovia_07__tile_r0003_c0000,Monrovia_07.png,Monrovia,train
Monrovia_07__tile_r0003_c0001,Monrovia_07.png,Monrovia,train
Monrovia_07__tile_r0003_c0002,Monrovia_07.png,Monrovia,train
Monrovia_07__tile_r0003_c0003,Monrovia_07.png,Monrovia,train
Monrovia_08__tile_r0000_c0000,Monrovia_08.png,Monrovia,train
Monrovia_08__tile_r0000_c0001,Monrovia_08.png,Monrovia,train
Monrovia_08__tile_r0000_c0002,Monrovia_08.png,Monrovia,train
Monrovia_08__tile_r0000_c0003,Monrovia_08.png,Monrovia,train
Monrovia_08__tile_r0001_c0000,Monrovia_08.png,Monrovia,train
Monrovia_08__tile_r0001_c0001,Monrovia_08.png,Monrovia,train
Monrovia_08__tile_r0001_c0002,Monrovia_08.png,Monrovia,train
Monrovia_08__tile_r0001_c0003,Monrovia_08.png,Monrovia,train
Monrovia_08__tile_r0002_c0000,Monrovia_08.png,Monrovia,train
Monrovia_08__tile_r0002_c0001,Monrovia_08.png,Monrovia,train
Monrovia_08__tile_r0002_c0002,Monrovia_08.png,Monrovia,train
Monrovia_08__tile_r0002_c0003,Monrovia_08.png,Monrovia,train
Monrovia_08__tile_r0003_c0000,Monrovia_08.png,Monrovia,train
Monrovia_08__tile_r0003_c0001,Monrovia_08.png,Monrovia,train
Monrovia_08__tile_r0003_c0002,Monrovia_08.png,Monrovia,train
Monrovia_08__tile_r0003_c0003,Monrovia_08.png,Monrovia,train
Shamrock_01__tile_r0000_c0000,Shamrock_01.png,Shamrock,val
Shamrock_01__tile_r0000_c0001,Shamrock_01.png,Shamrock,val
Shamrock_01__tile_r0000_c0002,Shamrock_01.png,Shamrock,val
Shamrock_01__tile_r0000_c0003,Shamrock_01.png,Shamrock,val
Shamrock_01__tile_r0001_c0000,Shamrock_01.png,Shamrock,val
Shamrock_01__tile_r0001_c0001,Shamrock_01.png,Shamrock,val
Shamrock_01__tile_r0001_c0002,Shamrock_01.png,Shamrock,val
Shamrock_01__tile_r0001_c0003,Shamrock_01.png,Shamrock,val
Shamrock_01__tile_r0002_c0000,Shamrock_01.png,Shamrock,val
Shamrock_01__tile_r0002_c0001,Shamrock_01.png,Shamrock,val
Shamrock_01__tile_r0002_c0002,Shamrock_01.png,Shamrock,val
Shamrock_01__tile_r0002_c0003,Shamrock_01.png,Shamrock,val
Shamrock_01__tile_r0003_c0000,Shamrock_01.png,Shamrock,val
Shamrock_01__tile_r0003_c0001,Shamrock_01.png,Shamrock,val
Shamrock_01__tile_r0003_c0002,Shamrock_01.png,Shamrock,val
Shamrock_01__tile_r0003_c0003,Shamrock_01.png,Shamrock,val
Shamrock_02__tile_r0000_c0000,Shamrock_02.png,Shamrock,val
Shamrock_02__tile_r0000_c0001,Shamrock_02.png,Shamrock,val
Shamrock_02__tile_r0000_c0002,Shamrock_02.png,Shamrock,val
Shamrock_02__tile_r0000_c0003,Shamrock_02.png,Shamrock,val
Shamrock_02__tile_r0001_c0000,Shamrock_02.png,Shamrock,val
Shamrock_02__tile_r0001_c0001,Shamrock_02.png,Shamrock,val
Shamrock_02__tile_r0001_c0002,Shamrock_02.png,Shamrock,val
Shamrock_02__tile_r0001_c0003,Shamrock_02.png,Shamrock,val
Shamrock_02__tile_r0002_c0000,Shamrock_02.png,Shamrock,val
Shamrock_02__tile_r0002_c0001,Shamrock_02.png,Shamrock,val
Shamrock_02__tile_r0002_c0002,Shamrock_02.png,Shamrock,val
Shamrock_02__tile_r0002_c0003,Shamrock_02.png,Shamrock,val
Shamrock_02__tile_r0003_c0000,Shamrock_02.png,Shamrock,val
Shamrock_02__tile_r0003_c0001,Shamrock_02.png,Shamrock,val
Shamrock_02__tile_r0003_c0002,Shamrock_02.png,Shamrock,val
Shamrock_02__tile_r0003_c0003,Shamrock_02.png,Shamrock,val
Shamrock_03__tile_r0000_c0000,Shamrock_03.png,Shamrock,val
Shamrock_03__tile_r0000_c0001,Shamrock_03.png,Shamrock,val
Shamrock_03__tile_r0000_c0002,Shamrock_03.png,Shamrock,val
Shamrock_03__tile_r0000_c0003,Shamrock_03.png,Shamrock,val
Shamrock_03__tile_r0001_c0000,Shamrock_03.png,Shamrock,val
Shamrock_03__tile_r0001_c0001,Shamrock_03.png,Shamrock,val
Shamrock_03__tile_r0001_c0002,Shamrock_03.png,Shamrock,val
Shamrock_03__tile_r0001_c0003,Shamrock_03.png,Shamrock,val
Shamrock_03__tile_r0002_c0000,Shamrock_03.png,Shamrock,val
Shamrock_03__tile_r0002_c0001,Shamrock_03.png,Shamrock,val
Shamrock_03__tile_r0002_c0002,Shamrock_03.png,Shamrock,val
Shamrock_03__tile_r0002_c0003,Shamrock_03.png,Shamrock,val
Shamrock_03__tile_r0003_c0000,Shamrock_03.png,Shamrock,val
Shamrock_03__tile_r0003_c0001,Shamrock_03.png,Shamrock,val
Shamrock_03__tile_r0003_c0002,Shamrock_03.png,Shamrock,val
Shamrock_03__tile_r0003_c0003,Shamrock_03.png,Shamrock,val
Shamrock_03__tile_r0004_c0000,Shamrock_03.png,Shamrock,val
Shamrock_03__tile_r0004_c0001,Shamrock_03.png,Shamrock,val
Shamrock_03__tile_r0004_c0002,Shamrock_03.png,Shamrock,val
Shamrock_03__tile_r0004_c0003,Shamrock_03.png,Shamrock,val
Shamrock_04__tile_r0000_c0000,Shamrock_04.png,Shamrock,val
Shamrock_04__tile_r0000_c0001,Shamrock_04.png,Shamrock,val
Shamrock_04__tile_r0000_c0002,Shamrock_04.png,Shamrock,val
Shamrock_04__tile_r0000_c0003,Shamrock_04.png,Shamrock,val
Shamrock_04__tile_r0001_c0000,Shamrock_04.png,Shamrock,val
Shamrock_04__tile_r0001_c0001,Shamrock_04.png,Shamrock,val
Shamrock_04__tile_r0001_c0002,Shamrock_04.png,Shamrock,val
Shamrock_04__tile_r0001_c0003,Shamrock_04.png,Shamrock,val
Shamrock_04__tile_r0002_c0000,Shamrock_04.png,Shamrock,val
Shamrock_04__tile_r0002_c0001,Shamrock_04.png,Shamrock,val
Shamrock_04__tile_r0002_c0002,Shamrock_04.png,Shamrock,val
Shamrock_04__tile_r0002_c0003,Shamrock_04.png,Shamrock,val
Shamrock_04__tile_r0003_c0000,Shamrock_04.png,Shamrock,val
Shamrock_04__tile_r0003_c0001,Shamrock_04.png,Shamrock,val
Shamrock_04__tile_r0003_c0002,Shamrock_04.png,Shamrock,val
Shamrock_04__tile_r0003_c0003,Shamrock_04.png,Shamrock,val
Shamrock_04__tile_r0004_c0000,Shamrock_04.png,Shamrock,val
Shamrock_04__tile_r0004_c0001,Shamrock_04.png,Shamrock,val
Shamrock_04__tile_r0004_c0002,Shamrock_04.png,Shamrock,val
Shamrock_04__tile_r0004_c0003,Shamrock_04.png,Shamrock,val
Shamrock_05__tile_r0000_c0000,Shamrock_05.png,Shamrock,val
Shamrock_05__tile_r0000_c0001,Shamrock_05.png,Shamrock,val
Shamrock_05__tile_r0000_c0002,Shamrock_05.png,Shamrock,val
Shamrock_05__tile_r0000_c0003,Shamrock_05.png,Shamrock,val
Shamrock_05__tile_r0001_c0000,Shamrock_05.png,Shamrock,val
Shamrock_05__tile_r0001_c0001,Shamrock_05.png,Shamrock,val
Shamrock_05__tile_r0001_c0002,Shamrock_05.png,Shamrock,val
Shamrock_05__tile_r0001_c0003,Shamrock_05.png,Shamrock,val
Shamrock_05__tile_r0002_c0000,Shamrock_05.png,Shamrock,val
Shamrock_05__tile_r0002_c0001,Shamrock_05.png,Shamrock,val
Shamrock_05__tile_r0002_c0002,Shamrock_05.png,Shamrock,val
Shamrock_05__tile_r0002_c0003,Shamrock_05.png,Shamrock,val
Shamrock_05__tile_r0003_c0000,Shamrock_05.png,Shamrock,val
Shamrock_05__tile_r0003_c0001,Shamrock_05.png,Shamrock,val
Shamrock_05__tile_r0003_c0002,Shamrock_05.png,Shamrock,val
Shamrock_05__tile_r0003_c0003,Shamrock_05.png,Shamrock,val
Shamrock_05__tile_r0004_c0000,Shamrock_05.png,Shamrock,val
Shamrock_05__tile_r0004_c0001,Shamrock_05.png,Shamrock,val
Shamrock_05__tile_r0004_c0002,Shamrock_05.png,Shamrock,val
Shamrock_05__tile_r0004_c0003,Shamrock_05.png,Shamrock,val
Shamrock_06__tile_r0000_c0000,Shamrock_06.png,Shamrock,val
Shamrock_06__tile_r0000_c0001,Shamrock_06.png,Shamrock,val
Shamrock_06__tile_r0000_c0002,Shamrock_06.png,Shamrock,val
Shamrock_06__tile_r0000_c0003,Shamrock_06.png,Shamrock,val
Shamrock_06__tile_r0001_c0000,Shamrock_06.png,Shamrock,val
Shamrock_06__tile_r0001_c0001,Shamrock_06.png,Shamrock,val
Shamrock_06__tile_r0001_c0002,Shamrock_06.png,Shamrock,val
Shamrock_06__tile_r0001_c0003,Shamrock_06.png,Shamrock,val
Shamrock_06__tile_r0002_c0000,Shamrock_06.png,Shamrock,val
Shamrock_06__tile_r0002_c0001,Shamrock_06.png,Shamrock,val
Shamrock_06__tile_r0002_c0002,Shamrock_06.png,Shamrock,val
Shamrock_06__tile_r0002_c0003,Shamrock_06.png,Shamrock,val
Shamrock_06__tile_r0003_c0000,Shamrock_06.png,Shamrock,val
Shamrock_06__tile_r0003_c0001,Shamrock_06.png,Shamrock,val
Shamrock_06__tile_r0003_c0002,Shamrock_06.png,Shamrock,val
Shamrock_06__tile_r0003_c0003,Shamrock_06.png,Shamrock,val
Shamrock_06__tile_r0004_c0000,Shamrock_06.png,Shamrock,val
Shamrock_06__tile_r0004_c0001,Shamrock_06.png,Shamrock,val
Shamrock_06__tile_r0004_c0002,Shamrock_06.png,Shamrock,val
Shamrock_06__tile_r0004_c0003,Shamrock_06.png,Shamrock,val
Viator_01__tile_r0000_c0000,Viator_01.png,Viator,test
Viator_01__tile_r0000_c0001,Viator_01.png,Viator,test
Viator_01__tile_r0000_c0002,Viator_01.png,Viator,test
Viator_01__tile_r0000_c0003,Viator_01.png,Viator,test
Viator_01__tile_r0001_c0000,Viator_01.png,Viator,test
Viator_01__tile_r0001_c0001,Viator_01.png,Viator,test
Viator_01__tile_r0001_c0002,Viator_01.png,Viator,test
Viator_01__tile_r0001_c0003,Viator_01.png,Viator,test
Viator_01__tile_r0002_c0000,Viator_01.png,Viator,test
Viator_01__tile_r0002_c0001,Viator_01.png,Viator,test
Viator_01__tile_r0002_c0002,Viator_01.png,Viator,test
Viator_01__tile_r0002_c0003,Viator_01.png,Viator,test
Viator_01__tile_r0003_c0000,Viator_01.png,Viator,test
Viator_01__tile_r0003_c0001,Viator_01.png,Viator,test
Viator_01__tile_r0003_c0002,Viator_01.png,Viator,test
Viator_01__tile_r0003_c0003,Viator_01.png,Viator,test
Viator_01__tile_r0004_c0000,Viator_01.png,Viator,test
Viator_01__tile_r0004_c0001,Viator_01.png,Viator,test
Viator_01__tile_r0004_c0002,Viator_01.png,Viator,test
Viator_01__tile_r0004_c0003,Viator_01.png,Viator,test
Viator_01__tile_r0005_c0000,Viator_01.png,Viator,test
Viator_01__tile_r0005_c0001,Viator_01.png,Viator,test
Viator_01__tile_r0005_c0002,Viator_01.png,Viator,test
Viator_01__tile_r0005_c0003,Viator_01.png,Viator,test
Viator_01__tile_r0006_c0000,Viator_01.png,Viator,test
Viator_01__tile_r0006_c0001,Viator_01.png,Viator,test
Viator_01__tile_r0006_c0002,Viator_01.png,Viator,test
Viator_01__tile_r0006_c0003,Viator_01.png,Viator,test
Viator_01__tile_r0007_c0000,Viator_01.png,Viator,test
Viator_01__tile_r0007_c0001,Viator_01.png,Viator,test
Viator_01__tile_r0007_c0002,Viator_01.png,Viator,test
Viator_01__tile_r0007_c0003,Viator_01.png,Viator,test
Viator_02__tile_r0000_c0000,Viator_02.png,Viator,test
Viator_02__tile_r0000_c0001,Viator_02.png,Viator,test
Viator_02__tile_r0000_c0002,Viator_02.png,Viator,test
Viator_02__tile_r0000_c0003,Viator_02.png,Viator,test
Viator_02__tile_r0001_c0000,Viator_02.png,Viator,test
Viator_02__tile_r0001_c0001,Viator_02.png,Viator,test
Viator_02__tile_r0001_c0002,Viator_02.png,Viator,test
Viator_02__tile_r0001_c0003,Viator_02.png,Viator,test
Viator_02__tile_r0002_c0000,Viator_02.png,Viator,test
Viator_02__tile_r0002_c0001,Viator_02.png,Viator,test
Viator_02__tile_r0002_c0002,Viator_02.png,Viator,test
Viator_02__tile_r0002_c0003,Viator_02.png,Viator,test
Viator_02__tile_r0003_c0000,Viator_02.png,Viator,test
Viator_02__tile_r0003_c0001,Viator_02.png,Viator,test
Viator_02__tile_r0003_c0002,Viator_02.png,Viator,test
Viator_02__tile_r0003_c0003,Viator_02.png,Viator,test
Viator_02__tile_r0004_c0000,Viator_02.png,Viator,test
Viator_02__tile_r0004_c0001,Viator_02.png,Viator,test
Viator_02__tile_r0004_c0002,Viator_02.png,Viator,test
Viator_02__tile_r0004_c0003,Viator_02.png,Viator,test
Viator_02__tile_r0005_c0000,Viator_02.png,Viator,test
Viator_02__tile_r0005_c0001,Viator_02.png,Viator,test
Viator_02__tile_r0005_c0002,Viator_02.png,Viator,test
Viator_02__tile_r0005_c0003,Viator_02.png,Viator,test
Viator_02__tile_r0006_c0000,Viator_02.png,Viator,test
Viator_02__tile_r0006_c0001,Viator_02.png,Viator,test
Viator_02__tile_r0006_c0002,Viator_02.png,Viator,test
Viator_02__tile_r0006_c0003,Viator_02.png,Viator,test
Viator_02__tile_r0007_c0000,Viator_02.png,Viator,test
Viator_02__tile_r0007_c0001,Viator_02.png,Viator,test
Viator_02__tile_r0007_c0002,Viator_02.png,Viator,test
Viator_02__tile_r0007_c0003,Viator_02.png,Viator,test
Viator_03__tile_r0000_c0000,Viator_03.png,Viator,test
Viator_03__tile_r0000_c0001,Viator_03.png,Viator,test
Viator_03__tile_r0000_c0002,Viator_03.png,Viator,test
Viator_03__tile_r0000_c0003,Viator_03.png,Viator,test
Viator_03__tile_r0001_c0000,Viator_03.png,Viator,test
Viator_03__tile_r0001_c0001,Viator_03.png,Viator,test
Viator_03__tile_r0001_c0002,Viator_03.png,Viator,test
Viator_03__tile_r0001_c0003,Viator_03.png,Viator,test
Viator_03__tile_r0002_c0000,Viator_03.png,Viator,test
Viator_03__tile_r0002_c0001,Viator_03.png,Viator,test
Viator_03__tile_r0002_c0002,Viator_03.png,Viator,test
Viator_03__tile_r0002_c0003,Viator_03.png,Viator,test
Viator_04__tile_r0000_c0000,Viator_04.png,Viator,test
Viator_04__tile_r0000_c0001,Viator_04.png,Viator,test
Viator_04__tile_r0000_c0002,Viator_04.png,Viator,test
Viator_04__tile_r0000_c0003,Viator_04.png,Viator,test
Viator_04__tile_r0001_c0000,Viator_04.png,Viator,test
Viator_04__tile_r0001_c0001,Viator_04.png,Viator,test
Viator_04__tile_r0001_c0002,Viator_04.png,Viator,test
Viator_04__tile_r0001_c0003,Viator_04.png,Viator,test
Viator_04__tile_r0002_c0000,Viator_04.png,Viator,test
Viator_04__tile_r0002_c0001,Viator_04.png,Viator,test
Viator_04__tile_r0002_c0002,Viator_04.png,Viator,test
Viator_04__tile_r0002_c0003,Viator_04.png,Viator,test
Viator_04__tile_r0003_c0000,Viator_04.png,Viator,test
Viator_04__tile_r0003_c0001,Viator_04.png,Viator,test
Viator_04__tile_r0003_c0002,Viator_04.png,Viator,test
Viator_04__tile_r0003_c0003,Viator_04.png,Viator,test
Viator_04__tile_r0004_c0000,Viator_04.png,Viator,test
Viator_04__tile_r0004_c0001,Viator_04.png,Viator,test
Viator_04__tile_r0004_c0002,Viator_04.png,Viator,test
Viator_04__tile_r0004_c0003,Viator_04.png,Viator,test
Viator_05__tile_r0000_c0000,Viator_05.png,Viator,test
Viator_05__tile_r0000_c0001,Viator_05.png,Viator,test
Viator_05__tile_r0000_c0002,Viator_05.png,Viator,test
Viator_05__tile_r0000_c0003,Viator_05.png,Viator,test
Viator_05__tile_r0001_c0000,Viator_05.png,Viator,test
Viator_05__tile_r0001_c0001,Viator_05.png,Viator,test
Viator_05__tile_r0001_c0002,Viator_05.png,Viator,test
Viator_05__tile_r0001_c0003,Viator_05.png,Viator,test
Viator_05__tile_r0002_c0000,Viator_05.png,Viator,test
Viator_05__tile_r0002_c0001,Viator_05.png,Viator,test
Viator_05__tile_r0002_c0002,Viator_05.png,Viator,test
Viator_05__tile_r0002_c0003,Viator_05.png,Viator,test
Viator_05__tile_r0003_c0000,Viator_05.png,Viator,test
Viator_05__tile_r0003_c0001,Viator_05.png,Viator,test
Viator_05__tile_r0003_c0002,Viator_05.png,Viator,test
Viator_05__tile_r0003_c0003,Viator_05.png,Viator,test
Viator_05__tile_r0004_c0000,Viator_05.png,Viator,test
Viator_05__tile_r0004_c0001,Viator_05.png,Viator,test
Viator_05__tile_r0004_c0002,Viator_05.png,Viator,test
Viator_05__tile_r0004_c0003,Viator_05.png,Viator,test
Viator_06__tile_r0000_c0000,Viator_06.png,Viator,test
Viator_06__tile_r0000_c0001,Viator_06.png,Viator,test
Viator_06__tile_r0000_c0002,Viator_06.png,Viator,test
Viator_06__tile_r0000_c0003,Viator_06.png,Viator,test
Viator_06__tile_r0001_c0000,Viator_06.png,Viator,test
Viator_06__tile_r0001_c0001,Viator_06.png,Viator,test
Viator_06__tile_r0001_c0002,Viator_06.png,Viator,test
Viator_06__tile_r0001_c0003,Viator_06.png,Viator,test
Viator_06__tile_r0002_c0000,Viator_06.png,Viator,test
Viator_06__tile_r0002_c0001,Viator_06.png,Viator,test
Viator_06__tile_r0002_c0002,Viator_06.png,Viator,test
Viator_06__tile_r0002_c0003,Viator_06.png,Viator,test
Viator_06__tile_r0003_c0000,Viator_06.png,Viator,test
Viator_06__tile_r0003_c0001,Viator_06.png,Viator,test
Viator_06__tile_r0003_c0002,Viator_06.png,Viator,test
Viator_06__tile_r0003_c0003,Viator_06.png,Viator,test
Viator_06__tile_r0004_c0000,Viator_06.png,Viator,test
Viator_06__tile_r0004_c0001,Viator_06.png,Viator,test
Viator_06__tile_r0004_c0002,Viator_06.png,Viator,test
Viator_06__tile_r0004_c0003,Viator_06.png,Viator,test
Viator_07__tile_r0000_c0000,Viator_07.png,Viator,test
Viator_07__tile_r0000_c0001,Viator_07.png,Viator,test
Viator_07__tile_r0000_c0002,Viator_07.png,Viator,test
Viator_07__tile_r0000_c0003,Viator_07.png,Viator,test
Viator_07__tile_r0001_c0000,Viator_07.png,Viator,test
Viator_07__tile_r0001_c0001,Viator_07.png,Viator,test
Viator_07__tile_r0001_c0002,Viator_07.png,Viator,test
Viator_07__tile_r0001_c0003,Viator_07.png,Viator,test
Viator_07__tile_r0002_c0000,Viator_07.png,Viator,test
Viator_07__tile_r0002_c0001,Viator_07.png,Viator,test
Viator_07__tile_r0002_c0002,Viator_07.png,Viator,test
Viator_07__tile_r0002_c0003,Viator_07.png,Viator,test
Viator_07__tile_r0003_c0000,Viator_07.png,Viator,test
Viator_07__tile_r0003_c0001,Viator_07.png,Viator,test
Viator_07__tile_r0003_c0002,Viator_07.png,Viator,test
Viator_07__tile_r0003_c0003,Viator_07.png,Viator,test
Viator_07__tile_r0004_c0000,Viator_07.png,Viator,test
Viator_07__tile_r0004_c0001,Viator_07.png,Viator,test
Viator_07__tile_r0004_c0002,Viator_07.png,Viator,test
Viator_07__tile_r0004_c0003,Viator_07.png,Viator,test
Viator_08__tile_r0000_c0000,Viator_08.png,Viator,test
Viator_08__tile_r0000_c0001,Viator_08.png,Viator,test
Viator_08__tile_r0000_c0002,Viator_08.png,Viator,test
Viator_08__tile_r0000_c0003,Viator_08.png,Viator,test
Viator_08__tile_r0001_c0000,Viator_08.png,Viator,test
Viator_08__tile_r0001_c0001,Viator_08.png,Viator,test
Viator_08__tile_r0001_c0002,Viator_08.png,Viator,test
Viator_08__tile_r0001_c0003,Viator_08.png,Viator,test
Viator_08__tile_r0002_c0000,Viator_08.png,Viator,test
Viator_08__tile_r0002_c0001,Viator_08.png,Viator,test
Viator_08__tile_r0002_c0002,Viator_08.png,Viator,test
Viator_08__tile_r0002_c0003,Viator_08.png,Viator,test
Viator_08__tile_r0003_c0000,Viator_08.png,Viator,test
Viator_08__tile_r0003_c0001,Viator_08.png,Viator,test
Viator_08__tile_r0003_c0002,Viator_08.png,Viator,test
Viator_08__tile_r0003_c0003,Viator_08.png,Viator,test
Viator_08__tile_r0004_c0000,Viator_08.png,Viator,test
Viator_08__tile_r0004_c0001,Viator_08.png,Viator,test
Viator_08__tile_r0004_c0002,Viator_08.png,Viator,test
Viator_08__tile_r0004_c0003,Viator_08.png,Viator,test
Viator_09__tile_r0000_c0000,Viator_09.png,Viator,test
Viator_09__tile_r0000_c0001,Viator_09.png,Viator,test
Viator_09__tile_r0000_c0002,Viator_09.png,Viator,test
Viator_09__tile_r0000_c0003,Viator_09.png,Viator,test
Viator_09__tile_r0001_c0000,Viator_09.png,Viator,test
Viator_09__tile_r0001_c0001,Viator_09.png,Viator,test
Viator_09__tile_r0001_c0002,Viator_09.png,Viator,test
Viator_09__tile_r0001_c0003,Viator_09.png,Viator,test
Viator_09__tile_r0002_c0000,Viator_09.png,Viator,test
Viator_09__tile_r0002_c0001,Viator_09.png,Viator,test
Viator_09__tile_r0002_c0002,Viator_09.png,Viator,test
Viator_09__tile_r0002_c0003,Viator_09.png,Viator,test
Viator_09__tile_r0003_c0000,Viator_09.png,Viator,test
Viator_09__tile_r0003_c0001,Viator_09.png,Viator,test
Viator_09__tile_r0003_c0002,Viator_09.png,Viator,test
Viator_09__tile_r0003_c0003,Viator_09.png,Viator,test
Viator_09__tile_r0004_c0000,Viator_09.png,Viator,test
Viator_09__tile_r0004_c0001,Viator_09.png,Viator,test
Viator_09__tile_r0004_c0002,Viator_09.png,Viator,test
Viator_09__tile_r0004_c0003,Viator_09.png,Viator,test
Viator_10__tile_r0000_c0000,Viator_10.png,Viator,test
Viator_10__tile_r0000_c0001,Viator_10.png,Viator,test
Viator_10__tile_r0000_c0002,Viator_10.png,Viator,test
Viator_10__tile_r0000_c0003,Viator_10.png,Viator,test
Viator_10__tile_r0001_c0000,Viator_10.png,Viator,test
Viator_10__tile_r0001_c0001,Viator_10.png,Viator,test
Viator_10__tile_r0001_c0002,Viator_10.png,Viator,test
Viator_10__tile_r0001_c0003,Viator_10.png,Viator,test
Viator_10__tile_r0002_c0000,Viator_10.png,Viator,test
Viator_10__tile_r0002_c0001,Viator_10.png,Viator,test
Viator_10__tile_r0002_c0002,Viator_10.png,Viator,test
Viator_10__tile_r0002_c0003,Viator_10.png,Viator,test
Viator_10__tile_r0003_c0000,Viator_10.png,Viator,test
Viator_10__tile_r0003_c0001,Viator_10.png,Viator,test
Viator_10__tile_r0003_c0002,Viator_10.png,Viator,test
Viator_10__tile_r0003_c0003,Viator_10.png,Viator,test
Viator_10__tile_r0004_c0000,Viator_10.png,Viator,test
Viator_10__tile_r0004_c0001,Viator_10.png,Viator,test
Viator_10__tile_r0004_c0002,Viator_10.png,Viator,test
Viator_10__tile_r0004_c0003,Viator_10.png,Viator,test
Viator_11__tile_r0000_c0000,Viator_11.png,Viator,test
Viator_11__tile_r0000_c0001,Viator_11.png,Viator,test
Viator_11__tile_r0000_c0002,Viator_11.png,Viator,test
Viator_11__tile_r0000_c0003,Viator_11.png,Viator,test
Viator_11__tile_r0001_c0000,Viator_11.png,Viator,test
Viator_11__tile_r0001_c0001,Viator_11.png,Viator,test
Viator_11__tile_r0001_c0002,Viator_11.png,Viator,test
Viator_11__tile_r0001_c0003,Viator_11.png,Viator,test
Viator_11__tile_r0002_c0000,Viator_11.png,Viator,test
Viator_11__tile_r0002_c0001,Viator_11.png,Viator,test
Viator_11__tile_r0002_c0002,Viator_11.png,Viator,test
Viator_11__tile_r0002_c0003,Viator_11.png,Viator,test
Viator_11__tile_r0003_c0000,Viator_11.png,Viator,test
Viator_11__tile_r0003_c0001,Viator_11.png,Viator,test
Viator_11__tile_r0003_c0002,Viator_11.png,Viator,test
Viator_11__tile_r0003_c0003,Viator_11.png,Viator,test
Viator_11__tile_r0004_c0000,Viator_11.png,Viator,test
Viator_11__tile_r0004_c0001,Viator_11.png,Viator,test
Viator_11__tile_r0004_c0002,Viator_11.png,Viator,test
Viator_11__tile_r0004_c0003,Viator_11.png,Viator,test
WH_Gilbert_01__tile_r0000_c0000,WH_Gilbert_01.png,WH_Gilbert,val
WH_Gilbert_01__tile_r0000_c0001,WH_Gilbert_01.png,WH_Gilbert,val
WH_Gilbert_01__tile_r0000_c0002,WH_Gilbert_01.png,WH_Gilbert,val
WH_Gilbert_01__tile_r0000_c0003,WH_Gilbert_01.png,WH_Gilbert,val
WH_Gilbert_01__tile_r0001_c0000,WH_Gilbert_01.png,WH_Gilbert,val
WH_Gilbert_01__tile_r0001_c0001,WH_Gilbert_01.png,WH_Gilbert,val
WH_Gilbert_01__tile_r0001_c0002,WH_Gilbert_01.png,WH_Gilbert,val
WH_Gilbert_01__tile_r0001_c0003,WH_Gilbert_01.png,WH_Gilbert,val
WH_Gilbert_02__tile_r0000_c0000,WH_Gilbert_02.png,WH_Gilbert,val
WH_Gilbert_02__tile_r0000_c0001,WH_Gilbert_02.png,WH_Gilbert,val
WH_Gilbert_02__tile_r0000_c0002,WH_Gilbert_02.png,WH_Gilbert,val
WH_Gilbert_02__tile_r0000_c0003,WH_Gilbert_02.png,WH_Gilbert,val
WH_Gilbert_02__tile_r0001_c0000,WH_Gilbert_02.png,WH_Gilbert,val
WH_Gilbert_02__tile_r0001_c0001,WH_Gilbert_02.png,WH_Gilbert,val
WH_Gilbert_02__tile_r0001_c0002,WH_Gilbert_02.png,WH_Gilbert,val
WH_Gilbert_02__tile_r0001_c0003,WH_Gilbert_02.png,WH_Gilbert,val
WH_Gilbert_03__tile_r0000_c0000,WH_Gilbert_03.png,WH_Gilbert,val
WH_Gilbert_03__tile_r0000_c0001,WH_Gilbert_03.png,WH_Gilbert,val
WH_Gilbert_03__tile_r0000_c0002,WH_Gilbert_03.png,WH_Gilbert,val
WH_Gilbert_03__tile_r0000_c0003,WH_Gilbert_03.png,WH_Gilbert,val
WH_Gilbert_03__tile_r0001_c0000,WH_Gilbert_03.png,WH_Gilbert,val
WH_Gilbert_03__tile_r0001_c0001,WH_Gilbert_03.png,WH_Gilbert,val
WH_Gilbert_03__tile_r0001_c0002,WH_Gilbert_03.png,WH_Gilbert,val
WH_Gilbert_03__tile_r0001_c0003,WH_Gilbert_03.png,WH_Gilbert,val
WH_Gilbert_03__tile_r0002_c0000,WH_Gilbert_03.png,WH_Gilbert,val
WH_Gilbert_03__tile_r0002_c0001,WH_Gilbert_03.png,WH_Gilbert,val
WH_Gilbert_03__tile_r0002_c0002,WH_Gilbert_03.png,WH_Gilbert,val
WH_Gilbert_03__tile_r0002_c0003,WH_Gilbert_03.png,WH_Gilbert,val
WH_Gilbert_04__tile_r0000_c0000,WH_Gilbert_04.png,WH_Gilbert,val
WH_Gilbert_04__tile_r0000_c0001,WH_Gilbert_04.png,WH_Gilbert,val
WH_Gilbert_04__tile_r0000_c0002,WH_Gilbert_04.png,WH_Gilbert,val
WH_Gilbert_04__tile_r0000_c0003,WH_Gilbert_04.png,WH_Gilbert,val
WH_Gilbert_04__tile_r0001_c0000,WH_Gilbert_04.png,WH_Gilbert,val
WH_Gilbert_04__tile_r0001_c0001,WH_Gilbert_04.png,WH_Gilbert,val
WH_Gilbert_04__tile_r0001_c0002,WH_Gilbert_04.png,WH_Gilbert,val
WH_Gilbert_04__tile_r0001_c0003,WH_Gilbert_04.png,WH_Gilbert,val
WH_Gilbert_04__tile_r0002_c0000,WH_Gilbert_04.png,WH_Gilbert,val
WH_Gilbert_04__tile_r0002_c0001,WH_Gilbert_04.png,WH_Gilbert,val
WH_Gilbert_04__tile_r0002_c0002,WH_Gilbert_04.png,WH_Gilbert,val
WH_Gilbert_04__tile_r0002_c0003,WH_Gilbert_04.png,WH_Gilbert,val
WH_Gilbert_05__tile_r0000_c0000,WH_Gilbert_05.png,WH_Gilbert,val
WH_Gilbert_05__tile_r0000_c0001,WH_Gilbert_05.png,WH_Gilbert,val
WH_Gilbert_05__tile_r0000_c0002,WH_Gilbert_05.png,WH_Gilbert,val
WH_Gilbert_05__tile_r0000_c0003,WH_Gilbert_05.png,WH_Gilbert,val
WH_Gilbert_05__tile_r0001_c0000,WH_Gilbert_05.png,WH_Gilbert,val
WH_Gilbert_05__tile_r0001_c0001,WH_Gilbert_05.png,WH_Gilbert,val
WH_Gilbert_05__tile_r0001_c0002,WH_Gilbert_05.png,WH_Gilbert,val
WH_Gilbert_05__tile_r0001_c0003,WH_Gilbert_05.png,WH_Gilbert,val
WH_Gilbert_05__tile_r0002_c0000,WH_Gilbert_05.png,WH_Gilbert,val
WH_Gilbert_05__tile_r0002_c0001,WH_Gilbert_05.png,WH_Gilbert,val
WH_Gilbert_05__tile_r0002_c0002,WH_Gilbert_05.png,WH_Gilbert,val
WH_Gilbert_05__tile_r0002_c0003,WH_Gilbert_05.png,WH_Gilbert,val
WH_Gilbert_06__tile_r0000_c0000,WH_Gilbert_06.png,WH_Gilbert,val
WH_Gilbert_06__tile_r0000_c0001,WH_Gilbert_06.png,WH_Gilbert,val
WH_Gilbert_06__tile_r0000_c0002,WH_Gilbert_06.png,WH_Gilbert,val
WH_Gilbert_06__tile_r0000_c0003,WH_Gilbert_06.png,WH_Gilbert,val
WH_Gilbert_06__tile_r0001_c0000,WH_Gilbert_06.png,WH_Gilbert,val
WH_Gilbert_06__tile_r0001_c0001,WH_Gilbert_06.png,WH_Gilbert,val
WH_Gilbert_06__tile_r0001_c0002,WH_Gilbert_06.png,WH_Gilbert,val
WH_Gilbert_06__tile_r0001_c0003,WH_Gilbert_06.png,WH_Gilbert,val
WH_Gilbert_06__tile_r0002_c0000,WH_Gilbert_06.png,WH_Gilbert,val
WH_Gilbert_06__tile_r0002_c0001,WH_Gilbert_06.png,WH_Gilbert,val
WH_Gilbert_06__tile_r0002_c0002,WH_Gilbert_06.png,WH_Gilbert,val
WH_Gilbert_06__tile_r0002_c0003,WH_Gilbert_06.png,WH_Gilbert,val
WP_Thew_01__tile_r0000_c0000,WP_Thew_01.png,WP_Thew,val
WP_Thew_01__tile_r0000_c0001,WP_Thew_01.png,WP_Thew,val
WP_Thew_01__tile_r0000_c0002,WP_Thew_01.png,WP_Thew,val
WP_Thew_01__tile_r0000_c0003,WP_Thew_01.png,WP_Thew,val
WP_Thew_01__tile_r0001_c0000,WP_Thew_01.png,WP_Thew,val
WP_Thew_01__tile_r0001_c0001,WP_Thew_01.png,WP_Thew,val
WP_Thew_01__tile_r0001_c0002,WP_Thew_01.png,WP_Thew,val
WP_Thew_01__tile_r0001_c0003,WP_Thew_01.png,WP_Thew,val
WP_Thew_01__tile_r0002_c0000,WP_Thew_01.png,WP_Thew,val
WP_Thew_01__tile_r0002_c0001,WP_Thew_01.png,WP_Thew,val
WP_Thew_01__tile_r0002_c0002,WP_Thew_01.png,WP_Thew,val
WP_Thew_01__tile_r0002_c0003,WP_Thew_01.png,WP_Thew,val
WP_Thew_01__tile_r0003_c0000,WP_Thew_01.png,WP_Thew,val
WP_Thew_01__tile_r0003_c0001,WP_Thew_01.png,WP_Thew,val
WP_Thew_01__tile_r0003_c0002,WP_Thew_01.png,WP_Thew,val
WP_Thew_01__tile_r0003_c0003,WP_Thew_01.png,WP_Thew,val
WP_Thew_01__tile_r0004_c0000,WP_Thew_01.png,WP_Thew,val
WP_Thew_01__tile_r0004_c0001,WP_Thew_01.png,WP_Thew,val
WP_Thew_01__tile_r0004_c0002,WP_Thew_01.png,WP_Thew,val
WP_Thew_01__tile_r0004_c0003,WP_Thew_01.png,WP_Thew,val
WP_Thew_01__tile_r0005_c0000,WP_Thew_01.png,WP_Thew,val
WP_Thew_01__tile_r0005_c0001,WP_Thew_01.png,WP_Thew,val
WP_Thew_01__tile_r0005_c0002,WP_Thew_01.png,WP_Thew,val
WP_Thew_01__tile_r0005_c0003,WP_Thew_01.png,WP_Thew,val
WP_Thew_02__tile_r0000_c0000,WP_Thew_02.png,WP_Thew,val
WP_Thew_02__tile_r0000_c0001,WP_Thew_02.png,WP_Thew,val
WP_Thew_02__tile_r0000_c0002,WP_Thew_02.png,WP_Thew,val
WP_Thew_02__tile_r0000_c0003,WP_Thew_02.png,WP_Thew,val
WP_Thew_02__tile_r0001_c0000,WP_Thew_02.png,WP_Thew,val
WP_Thew_02__tile_r0001_c0001,WP_Thew_02.png,WP_Thew,val
WP_Thew_02__tile_r0001_c0002,WP_Thew_02.png,WP_Thew,val
WP_Thew_02__tile_r0001_c0003,WP_Thew_02.png,WP_Thew,val
WP_Thew_02__tile_r0002_c0000,WP_Thew_02.png,WP_Thew,val
WP_Thew_02__tile_r0002_c0001,WP_Thew_02.png,WP_Thew,val
WP_Thew_02__tile_r0002_c0002,WP_Thew_02.png,WP_Thew,val
WP_Thew_02__tile_r0002_c0003,WP_Thew_02.png,WP_Thew,val
WP_Thew_02__tile_r0003_c0000,WP_Thew_02.png,WP_Thew,val
WP_Thew_02__tile_r0003_c0001,WP_Thew_02.png,WP_Thew,val
WP_Thew_02__tile_r0003_c0002,WP_Thew_02.png,WP_Thew,val
WP_Thew_02__tile_r0003_c0003,WP_Thew_02.png,WP_Thew,val
WP_Thew_02__tile_r0004_c0000,WP_Thew_02.png,WP_Thew,val
WP_Thew_02__tile_r0004_c0001,WP_Thew_02.png,WP_Thew,val
WP_Thew_02__tile_r0004_c0002,WP_Thew_02.png,WP_Thew,val
WP_Thew_02__tile_r0004_c0003,WP_Thew_02.png,WP_Thew,val
WP_Thew_02__tile_r0005_c0000,WP_Thew_02.png,WP_Thew,val
WP_Thew_02__tile_r0005_c0001,WP_Thew_02.png,WP_Thew,val
WP_Thew_02__tile_r0005_c0002,WP_Thew_02.png,WP_Thew,val
WP_Thew_02__tile_r0005_c0003,WP_Thew_02.png,WP_Thew,val
WP_Thew_03__tile_r0000_c0000,WP_Thew_03.png,WP_Thew,val
WP_Thew_03__tile_r0000_c0001,WP_Thew_03.png,WP_Thew,val
WP_Thew_03__tile_r0000_c0002,WP_Thew_03.png,WP_Thew,val
WP_Thew_03__tile_r0000_c0003,WP_Thew_03.png,WP_Thew,val
WP_Thew_03__tile_r0001_c0000,WP_Thew_03.png,WP_Thew,val
WP_Thew_03__tile_r0001_c0001,WP_Thew_03.png,WP_Thew,val
WP_Thew_03__tile_r0001_c0002,WP_Thew_03.png,WP_Thew,val
WP_Thew_03__tile_r0001_c0003,WP_Thew_03.png,WP_Thew,val
WP_Thew_03__tile_r0002_c0000,WP_Thew_03.png,WP_Thew,val
WP_Thew_03__tile_r0002_c0001,WP_Thew_03.png,WP_Thew,val
WP_Thew_03__tile_r0002_c0002,WP_Thew_03.png,WP_Thew,val
WP_Thew_03__tile_r0002_c0003,WP_Thew_03.png,WP_Thew,val
WP_Thew_03__tile_r0003_c0000,WP_Thew_03.png,WP_Thew,val
WP_Thew_03__tile_r0003_c0001,WP_Thew_03.png,WP_Thew,val
WP_Thew_03__tile_r0003_c0002,WP_Thew_03.png,WP_Thew,val
WP_Thew_03__tile_r0003_c0003,WP_Thew_03.png,WP_Thew,val
WP_Thew_03__tile_r0004_c0000,WP_Thew_03.png,WP_Thew,val
WP_Thew_03__tile_r0004_c0001,WP_Thew_03.png,WP_Thew,val
WP_Thew_03__tile_r0004_c0002,WP_Thew_03.png,WP_Thew,val
WP_Thew_03__tile_r0004_c0003,WP_Thew_03.png,WP_Thew,val
WP_Thew_03__tile_r0005_c0000,WP_Thew_03.png,WP_Thew,val
WP_Thew_03__tile_r0005_c0001,WP_Thew_03.png,WP_Thew,val
WP_Thew_03__tile_r0005_c0002,WP_Thew_03.png,WP_Thew,val
WP_Thew_03__tile_r0005_c0003,WP_Thew_03.png,WP_Thew,val
WP_Thew_04__tile_r0000_c0000,WP_Thew_04.png,WP_Thew,val
WP_Thew_04__tile_r0000_c0001,WP_Thew_04.png,WP_Thew,val
WP_Thew_04__tile_r0000_c0002,WP_Thew_04.png,WP_Thew,val
WP_Thew_04__tile_r0000_c0003,WP_Thew_04.png,WP_Thew,val
WP_Thew_04__tile_r0001_c0000,WP_Thew_04.png,WP_Thew,val
WP_Thew_04__tile_r0001_c0001,WP_Thew_04.png,WP_Thew,val
WP_Thew_04__tile_r0001_c0002,WP_Thew_04.png,WP_Thew,val
WP_Thew_04__tile_r0001_c0003,WP_Thew_04.png,WP_Thew,val
WP_Thew_04__tile_r0002_c0000,WP_Thew_04.png,WP_Thew,val
WP_Thew_04__tile_r0002_c0001,WP_Thew_04.png,WP_Thew,val
WP_Thew_04__tile_r0002_c0002,WP_Thew_04.png,WP_Thew,val
WP_Thew_04__tile_r0002_c0003,WP_Thew_04.png,WP_Thew,val
WP_Thew_04__tile_r0003_c0000,WP_Thew_04.png,WP_Thew,val
WP_Thew_04__tile_r0003_c0001,WP_Thew_04.png,WP_Thew,val
WP_Thew_04__tile_r0003_c0002,WP_Thew_04.png,WP_Thew,val
WP_Thew_04__tile_r0003_c0003,WP_Thew_04.png,WP_Thew,val
WP_Thew_04__tile_r0004_c0000,WP_Thew_04.png,WP_Thew,val
WP_Thew_04__tile_r0004_c0001,WP_Thew_04.png,WP_Thew,val
WP_Thew_04__tile_r0004_c0002,WP_Thew_04.png,WP_Thew,val
WP_Thew_04__tile_r0004_c0003,WP_Thew_04.png,WP_Thew,val
WP_Thew_04__tile_r0005_c0000,WP_Thew_04.png,WP_Thew,val
WP_Thew_04__tile_r0005_c0001,WP_Thew_04.png,WP_Thew,val
WP_Thew_04__tile_r0005_c0002,WP_Thew_04.png,WP_Thew,val
WP_Thew_04__tile_r0005_c0003,WP_Thew_04.png,WP_Thew,val
WP_Thew_05__tile_r0000_c0000,WP_Thew_05.png,WP_Thew,val
WP_Thew_05__tile_r0000_c0001,WP_Thew_05.png,WP_Thew,val
WP_Thew_05__tile_r0000_c0002,WP_Thew_05.png,WP_Thew,val
WP_Thew_05__tile_r0000_c0003,WP_Thew_05.png,WP_Thew,val
WP_Thew_05__tile_r0001_c0000,WP_Thew_05.png,WP_Thew,val
WP_Thew_05__tile_r0001_c0001,WP_Thew_05.png,WP_Thew,val
WP_Thew_05__tile_r0001_c0002,WP_Thew_05.png,WP_Thew,val
WP_Thew_05__tile_r0001_c0003,WP_Thew_05.png,WP_Thew,val
WP_Thew_05__tile_r0002_c0000,WP_Thew_05.png,WP_Thew,val
WP_Thew_05__tile_r0002_c0001,WP_Thew_05.png,WP_Thew,val
WP_Thew_05__tile_r0002_c0002,WP_Thew_05.png,WP_Thew,val
WP_Thew_05__tile_r0002_c0003,WP_Thew_05.png,WP_Thew,val
WP_Thew_05__tile_r0003_c0000,WP_Thew_05.png,WP_Thew,val
WP_Thew_05__tile_r0003_c0001,WP_Thew_05.png,WP_Thew,val
WP_Thew_05__tile_r0003_c0002,WP_Thew_05.png,WP_Thew,val
WP_Thew_05__tile_r0003_c0003,WP_Thew_05.png,WP_Thew,val
WP_Thew_05__tile_r0004_c0000,WP_Thew_05.png,WP_Thew,val
WP_Thew_05__tile_r0004_c0001,WP_Thew_05.png,WP_Thew,val
WP_Thew_05__tile_r0004_c0002,WP_Thew_05.png,WP_Thew,val
WP_Thew_05__tile_r0004_c0003,WP_Thew_05.png,WP_Thew,val
WP_Thew_05__tile_r0005_c0000,WP_Thew_05.png,WP_Thew,val
WP_Thew_05__tile_r0005_c0001,WP_Thew_05.png,WP_Thew,val
WP_Thew_05__tile_r0005_c0002,WP_Thew_05.png,WP_Thew,val
WP_Thew_05__tile_r0005_c0003,WP_Thew_05.png,WP_Thew,val
WP_Thew_06__tile_r0000_c0000,WP_Thew_06.png,WP_Thew,val
WP_Thew_06__tile_r0000_c0001,WP_Thew_06.png,WP_Thew,val
WP_Thew_06__tile_r0000_c0002,WP_Thew_06.png,WP_Thew,val
WP_Thew_06__tile_r0000_c0003,WP_Thew_06.png,WP_Thew,val
WP_Thew_06__tile_r0001_c0000,WP_Thew_06.png,WP_Thew,val
WP_Thew_06__tile_r0001_c0001,WP_Thew_06.png,WP_Thew,val
WP_Thew_06__tile_r0001_c0002,WP_Thew_06.png,WP_Thew,val
WP_Thew_06__tile_r0001_c0003,WP_Thew_06.png,WP_Thew,val
WP_Thew_06__tile_r0002_c0000,WP_Thew_06.png,WP_Thew,val
WP_Thew_06__tile_r0002_c0001,WP_Thew_06.png,WP_Thew,val
WP_Thew_06__tile_r0002_c0002,WP_Thew_06.png,WP_Thew,val
WP_Thew_06__tile_r0002_c0003,WP_Thew_06.png,WP_Thew,val
WP_Thew_06__tile_r0003_c0000,WP_Thew_06.png,WP_Thew,val
WP_Thew_06__tile_r0003_c0001,WP_Thew_06.png,WP_Thew,val
WP_Thew_06__tile_r0003_c0002,WP_Thew_06.png,WP_Thew,val
WP_Thew_06__tile_r0003_c0003,WP_Thew_06.png,WP_Thew,val
WP_Thew_06__tile_r0004_c0000,WP_Thew_06.png,WP_Thew,val
WP_Thew_06__tile_r0004_c0001,WP_Thew_06.png,WP_Thew,val
WP_Thew_06__tile_r0004_c0002,WP_Thew_06.png,WP_Thew,val
WP_Thew_06__tile_r0004_c0003,WP_Thew_06.png,WP_Thew,val
WP_Thew_06__tile_r0005_c0000,WP_Thew_06.png,WP_Thew,val
WP_Thew_06__tile_r0005_c0001,WP_Thew_06.png,WP_Thew,val
WP_Thew_06__tile_r0005_c0002,WP_Thew_06.png,WP_Thew,val
WP_Thew_06__tile_r0005_c0003,WP_Thew_06.png,WP_Thew,val
WP_Thew_07__tile_r0000_c0000,WP_Thew_07.png,WP_Thew,val
WP_Thew_07__tile_r0000_c0001,WP_Thew_07.png,WP_Thew,val
WP_Thew_07__tile_r0000_c0002,WP_Thew_07.png,WP_Thew,val
WP_Thew_07__tile_r0000_c0003,WP_Thew_07.png,WP_Thew,val
WP_Thew_07__tile_r0001_c0000,WP_Thew_07.png,WP_Thew,val
WP_Thew_07__tile_r0001_c0001,WP_Thew_07.png,WP_Thew,val
WP_Thew_07__tile_r0001_c0002,WP_Thew_07.png,WP_Thew,val
WP_Thew_07__tile_r0001_c0003,WP_Thew_07.png,WP_Thew,val
WP_Thew_07__tile_r0002_c0000,WP_Thew_07.png,WP_Thew,val
WP_Thew_07__tile_r0002_c0001,WP_Thew_07.png,WP_Thew,val
WP_Thew_07__tile_r0002_c0002,WP_Thew_07.png,WP_Thew,val
WP_Thew_07__tile_r0002_c0003,WP_Thew_07.png,WP_Thew,val
WP_Thew_07__tile_r0003_c0000,WP_Thew_07.png,WP_Thew,val
WP_Thew_07__tile_r0003_c0001,WP_Thew_07.png,WP_Thew,val
WP_Thew_07__tile_r0003_c0002,WP_Thew_07.png,WP_Thew,val
WP_Thew_07__tile_r0003_c0003,WP_Thew_07.png,WP_Thew,val
WP_Thew_07__tile_r0004_c0000,WP_Thew_07.png,WP_Thew,val
WP_Thew_07__tile_r0004_c0001,WP_Thew_07.png,WP_Thew,val
WP_Thew_07__tile_r0004_c0002,WP_Thew_07.png,WP_Thew,val
WP_Thew_07__tile_r0004_c0003,WP_Thew_07.png,WP_Thew,val
WP_Thew_07__tile_r0005_c0000,WP_Thew_07.png,WP_Thew,val
WP_Thew_07__tile_r0005_c0001,WP_Thew_07.png,WP_Thew,val
WP_Thew_07__tile_r0005_c0002,WP_Thew_07.png,WP_Thew,val
WP_Thew_07__tile_r0005_c0003,WP_Thew_07.png,WP_Thew,val
WP_Thew_08__tile_r0000_c0000,WP_Thew_08.png,WP_Thew,val
WP_Thew_08__tile_r0000_c0001,WP_Thew_08.png,WP_Thew,val
WP_Thew_08__tile_r0000_c0002,WP_Thew_08.png,WP_Thew,val
WP_Thew_08__tile_r0000_c0003,WP_Thew_08.png,WP_Thew,val
WP_Thew_08__tile_r0001_c0000,WP_Thew_08.png,WP_Thew,val
WP_Thew_08__tile_r0001_c0001,WP_Thew_08.png,WP_Thew,val
WP_Thew_08__tile_r0001_c0002,WP_Thew_08.png,WP_Thew,val
WP_Thew_08__tile_r0001_c0003,WP_Thew_08.png,WP_Thew,val
WP_Thew_08__tile_r0002_c0000,WP_Thew_08.png,WP_Thew,val
WP_Thew_08__tile_r0002_c0001,WP_Thew_08.png,WP_Thew,val
WP_Thew_08__tile_r0002_c0002,WP_Thew_08.png,WP_Thew,val
WP_Thew_08__tile_r0002_c0003,WP_Thew_08.png,WP_Thew,val
WP_Thew_08__tile_r0003_c0000,WP_Thew_08.png,WP_Thew,val
WP_Thew_08__tile_r0003_c0001,WP_Thew_08.png,WP_Thew,val
WP_Thew_08__tile_r0003_c0002,WP_Thew_08.png,WP_Thew,val
WP_Thew_08__tile_r0003_c0003,WP_Thew_08.png,WP_Thew,val
WP_Thew_08__tile_r0004_c0000,WP_Thew_08.png,WP_Thew,val
WP_Thew_08__tile_r0004_c0001,WP_Thew_08.png,WP_Thew,val
WP_Thew_08__tile_r0004_c0002,WP_Thew_08.png,WP_Thew,val
WP_Thew_08__tile_r0004_c0003,WP_Thew_08.png,WP_Thew,val
WP_Thew_08__tile_r0005_c0000,WP_Thew_08.png,WP_Thew,val
WP_Thew_08__tile_r0005_c0001,WP_Thew_08.png,WP_Thew,val
WP_Thew_08__tile_r0005_c0002,WP_Thew_08.png,WP_Thew,val
WP_Thew_08__tile_r0005_c0003,WP_Thew_08.png,WP_Thew,val
WP_Thew_09__tile_r0000_c0000,WP_Thew_09.png,WP_Thew,val
WP_Thew_09__tile_r0000_c0001,WP_Thew_09.png,WP_Thew,val
WP_Thew_09__tile_r0000_c0002,WP_Thew_09.png,WP_Thew,val
WP_Thew_09__tile_r0000_c0003,WP_Thew_09.png,WP_Thew,val
WP_Thew_09__tile_r0001_c0000,WP_Thew_09.png,WP_Thew,val
WP_Thew_09__tile_r0001_c0001,WP_Thew_09.png,WP_Thew,val
WP_Thew_09__tile_r0001_c0002,WP_Thew_09.png,WP_Thew,val
WP_Thew_09__tile_r0001_c0003,WP_Thew_09.png,WP_Thew,val
WP_Thew_09__tile_r0002_c0000,WP_Thew_09.png,WP_Thew,val
WP_Thew_09__tile_r0002_c0001,WP_Thew_09.png,WP_Thew,val
WP_Thew_09__tile_r0002_c0002,WP_Thew_09.png,WP_Thew,val
WP_Thew_09__tile_r0002_c0003,WP_Thew_09.png,WP_Thew,val
WP_Thew_09__tile_r0003_c0000,WP_Thew_09.png,WP_Thew,val
WP_Thew_09__tile_r0003_c0001,WP_Thew_09.png,WP_Thew,val
WP_Thew_09__tile_r0003_c0002,WP_Thew_09.png,WP_Thew,val
WP_Thew_09__tile_r0003_c0003,WP_Thew_09.png,WP_Thew,val
WP_Thew_09__tile_r0004_c0000,WP_Thew_09.png,WP_Thew,val
WP_Thew_09__tile_r0004_c0001,WP_Thew_09.png,WP_Thew,val
WP_Thew_09__tile_r0004_c0002,WP_Thew_09.png,WP_Thew,val
WP_Thew_09__tile_r0004_c0003,WP_Thew_09.png,WP_Thew,val
WP_Thew_09__tile_r0005_c0000,WP_Thew_09.png,WP_Thew,val
WP_Thew_09__tile_r0005_c0001,WP_Thew_09.png,WP_Thew,val
WP_Thew_09__tile_r0005_c0002,WP_Thew_09.png,WP_Thew,val
WP_Thew_09__tile_r0005_c0003,WP_Thew_09.png,WP_Thew,val
WP_Thew_10__tile_r0000_c0000,WP_Thew_10.png,WP_Thew,val
WP_Thew_10__tile_r0000_c0001,WP_Thew_10.png,WP_Thew,val
WP_Thew_10__tile_r0000_c0002,WP_Thew_10.png,WP_Thew,val
WP_Thew_10__tile_r0000_c0003,WP_Thew_10.png,WP_Thew,val
WP_Thew_10__tile_r0001_c0000,WP_Thew_10.png,WP_Thew,val
WP_Thew_10__tile_r0001_c0001,WP_Thew_10.png,WP_Thew,val
WP_Thew_10__tile_r0001_c0002,WP_Thew_10.png,WP_Thew,val
WP_Thew_10__tile_r0001_c0003,WP_Thew_10.png,WP_Thew,val
WP_Thew_10__tile_r0002_c0000,WP_Thew_10.png,WP_Thew,val
WP_Thew_10__tile_r0002_c0001,WP_Thew_10.png,WP_Thew,val
WP_Thew_10__tile_r0002_c0002,WP_Thew_10.png,WP_Thew,val
WP_Thew_10__tile_r0002_c0003,WP_Thew_10.png,WP_Thew,val
WP_Thew_10__tile_r0003_c0000,WP_Thew_10.png,WP_Thew,val
WP_Thew_10__tile_r0003_c0001,WP_Thew_10.png,WP_Thew,val
WP_Thew_10__tile_r0003_c0002,WP_Thew_10.png,WP_Thew,val
WP_Thew_10__tile_r0003_c0003,WP_Thew_10.png,WP_Thew,val
WP_Thew_10__tile_r0004_c0000,WP_Thew_10.png,WP_Thew,val
WP_Thew_10__tile_r0004_c0001,WP_Thew_10.png,WP_Thew,val
WP_Thew_10__tile_r0004_c0002,WP_Thew_10.png,WP_Thew,val
WP_Thew_10__tile_r0004_c0003,WP_Thew_10.png,WP_Thew,val
WP_Thew_10__tile_r0005_c0000,WP_Thew_10.png,WP_Thew,val
WP_Thew_10__tile_r0005_c0001,WP_Thew_10.png,WP_Thew,val
WP_Thew_10__tile_r0005_c0002,WP_Thew_10.png,WP_Thew,val
WP_Thew_10__tile_r0005_c0003,WP_Thew_10.png,WP_Thew,val
WP_Thew_11__tile_r0000_c0000,WP_Thew_11.png,WP_Thew,val
WP_Thew_11__tile_r0000_c0001,WP_Thew_11.png,WP_Thew,val
WP_Thew_11__tile_r0000_c0002,WP_Thew_11.png,WP_Thew,val
WP_Thew_11__tile_r0000_c0003,WP_Thew_11.png,WP_Thew,val
WP_Thew_11__tile_r0001_c0000,WP_Thew_11.png,WP_Thew,val
WP_Thew_11__tile_r0001_c0001,WP_Thew_11.png,WP_Thew,val
WP_Thew_11__tile_r0001_c0002,WP_Thew_11.png,WP_Thew,val
WP_Thew_11__tile_r0001_c0003,WP_Thew_11.png,WP_Thew,val
WP_Thew_11__tile_r0002_c0000,WP_Thew_11.png,WP_Thew,val
WP_Thew_11__tile_r0002_c0001,WP_Thew_11.png,WP_Thew,val
WP_Thew_11__tile_r0002_c0002,WP_Thew_11.png,WP_Thew,val
WP_Thew_11__tile_r0002_c0003,WP_Thew_11.png,WP_Thew,val
WP_Thew_11__tile_r0003_c0000,WP_Thew_11.png,WP_Thew,val
WP_Thew_11__tile_r0003_c0001,WP_Thew_11.png,WP_Thew,val
WP_Thew_11__tile_r0003_c0002,WP_Thew_11.png,WP_Thew,val
WP_Thew_11__tile_r0003_c0003,WP_Thew_11.png,WP_Thew,val
WP_Thew_11__tile_r0004_c0000,WP_Thew_11.png,WP_Thew,val
WP_Thew_11__tile_r0004_c0001,WP_Thew_11.png,WP_Thew,val
WP_Thew_11__tile_r0004_c0002,WP_Thew_11.png,WP_Thew,val
WP_Thew_11__tile_r0004_c0003,WP_Thew_11.png,WP_Thew,val
WP_Thew_11__tile_r0005_c0000,WP_Thew_11.png,WP_Thew,val
WP_Thew_11__tile_r0005_c0001,WP_Thew_11.png,WP_Thew,val
WP_Thew_11__tile_r0005_c0002,WP_Thew_11.png,WP_Thew,val
WP_Thew_11__tile_r0005_c0003,WP_Thew_11.png,WP_Thew,val
WP_Thew_12__tile_r0000_c0000,WP_Thew_12.png,WP_Thew,val
WP_Thew_12__tile_r0000_c0001,WP_Thew_12.png,WP_Thew,val
WP_Thew_12__tile_r0000_c0002,WP_Thew_12.png,WP_Thew,val
WP_Thew_12__tile_r0000_c0003,WP_Thew_12.png,WP_Thew,val
WP_Thew_12__tile_r0001_c0000,WP_Thew_12.png,WP_Thew,val
WP_Thew_12__tile_r0001_c0001,WP_Thew_12.png,WP_Thew,val
WP_Thew_12__tile_r0001_c0002,WP_Thew_12.png,WP_Thew,val
WP_Thew_12__tile_r0001_c0003,WP_Thew_12.png,WP_Thew,val
WP_Thew_12__tile_r0002_c0000,WP_Thew_12.png,WP_Thew,val
WP_Thew_12__tile_r0002_c0001,WP_Thew_12.png,WP_Thew,val
WP_Thew_12__tile_r0002_c0002,WP_Thew_12.png,WP_Thew,val
WP_Thew_12__tile_r0002_c0003,WP_Thew_12.png,WP_Thew,val
WP_Thew_12__tile_r0003_c0000,WP_Thew_12.png,WP_Thew,val
WP_Thew_12__tile_r0003_c0001,WP_Thew_12.png,WP_Thew,val
WP_Thew_12__tile_r0003_c0002,WP_Thew_12.png,WP_Thew,val
WP_Thew_12__tile_r0003_c0003,WP_Thew_12.png,WP_Thew,val
WP_Thew_12__tile_r0004_c0000,WP_Thew_12.png,WP_Thew,val
WP_Thew_12__tile_r0004_c0001,WP_Thew_12.png,WP_Thew,val
WP_Thew_12__tile_r0004_c0002,WP_Thew_12.png,WP_Thew,val
WP_Thew_12__tile_r0004_c0003,WP_Thew_12.png,WP_Thew,val
WP_Thew_12__tile_r0005_c0000,WP_Thew_12.png,WP_Thew,val
WP_Thew_12__tile_r0005_c0001,WP_Thew_12.png,WP_Thew,val
WP_Thew_12__tile_r0005_c0002,WP_Thew_12.png,WP_Thew,val
WP_Thew_12__tile_r0005_c0003,WP_Thew_12.png,WP_Thew,val
WP_Thew_13__tile_r0000_c0000,WP_Thew_13.png,WP_Thew,val
WP_Thew_13__tile_r0000_c0001,WP_Thew_13.png,WP_Thew,val
WP_Thew_13__tile_r0000_c0002,WP_Thew_13.png,WP_Thew,val
WP_Thew_13__tile_r0000_c0003,WP_Thew_13.png,WP_Thew,val
WP_Thew_13__tile_r0001_c0000,WP_Thew_13.png,WP_Thew,val
WP_Thew_13__tile_r0001_c0001,WP_Thew_13.png,WP_Thew,val
WP_Thew_13__tile_r0001_c0002,WP_Thew_13.png,WP_Thew,val
WP_Thew_13__tile_r0001_c0003,WP_Thew_13.png,WP_Thew,val
WP_Thew_13__tile_r0002_c0000,WP_Thew_13.png,WP_Thew,val
WP_Thew_13__tile_r0002_c0001,WP_Thew_13.png,WP_Thew,val
WP_Thew_13__tile_r0002_c0002,WP_Thew_13.png,WP_Thew,val
WP_Thew_13__tile_r0002_c0003,WP_Thew_13.png,WP_Thew,val
WP_Thew_13__tile_r0003_c0000,WP_Thew_13.png,WP_Thew,val
WP_Thew_13__tile_r0003_c0001,WP_Thew_13.png,WP_Thew,val
WP_Thew_13__tile_r0003_c0002,WP_Thew_13.png,WP_Thew,val
WP_Thew_13__tile_r0003_c0003,WP_Thew_13.png,WP_Thew,val
WP_Thew_13__tile_r0004_c0000,WP_Thew_13.png,WP_Thew,val
WP_Thew_13__tile_r0004_c0001,WP_Thew_13.png,WP_Thew,val
WP_Thew_13__tile_r0004_c0002,WP_Thew_13.png,WP_Thew,val
WP_Thew_13__tile_r0004_c0003,WP_Thew_13.png,WP_Thew,val
WP_Thew_13__tile_r0005_c0000,WP_Thew_13.png,WP_Thew,val
WP_Thew_13__tile_r0005_c0001,WP_Thew_13.png,WP_Thew,val
WP_Thew_13__tile_r0005_c0002,WP_Thew_13.png,WP_Thew,val
WP_Thew_13__tile_r0005_c0003,WP_Thew_13.png,WP_Thew,val
WP_Thew_14__tile_r0000_c0000,WP_Thew_14.png,WP_Thew,val
WP_Thew_14__tile_r0000_c0001,WP_Thew_14.png,WP_Thew,val
WP_Thew_14__tile_r0000_c0002,WP_Thew_14.png,WP_Thew,val
WP_Thew_14__tile_r0000_c0003,WP_Thew_14.png,WP_Thew,val
WP_Thew_14__tile_r0001_c0000,WP_Thew_14.png,WP_Thew,val
WP_Thew_14__tile_r0001_c0001,WP_Thew_14.png,WP_Thew,val
WP_Thew_14__tile_r0001_c0002,WP_Thew_14.png,WP_Thew,val
WP_Thew_14__tile_r0001_c0003,WP_Thew_14.png,WP_Thew,val
WP_Thew_14__tile_r0002_c0000,WP_Thew_14.png,WP_Thew,val
WP_Thew_14__tile_r0002_c0001,WP_Thew_14.png,WP_Thew,val
WP_Thew_14__tile_r0002_c0002,WP_Thew_14.png,WP_Thew,val
WP_Thew_14__tile_r0002_c0003,WP_Thew_14.png,WP_Thew,val
WP_Thew_14__tile_r0003_c0000,WP_Thew_14.png,WP_Thew,val
WP_Thew_14__tile_r0003_c0001,WP_Thew_14.png,WP_Thew,val
WP_Thew_14__tile_r0003_c0002,WP_Thew_14.png,WP_Thew,val
WP_Thew_14__tile_r0003_c0003,WP_Thew_14.png,WP_Thew,val
WP_Thew_14__tile_r0004_c0000,WP_Thew_14.png,WP_Thew,val
WP_Thew_14__tile_r0004_c0001,WP_Thew_14.png,WP_Thew,val
WP_Thew_14__tile_r0004_c0002,WP_Thew_14.png,WP_Thew,val
WP_Thew_14__tile_r0004_c0003,WP_Thew_14.png,WP_Thew,val
WP_Thew_14__tile_r0005_c0000,WP_Thew_14.png,WP_Thew,val
WP_Thew_14__tile_r0005_c0001,WP_Thew_14.png,WP_Thew,val
WP_Thew_14__tile_r0005_c0002,WP_Thew_14.png,WP_Thew,val
WP_Thew_14__tile_r0005_c0003,WP_Thew_14.png,WP_Thew,val
WP_Thew_15__tile_r0000_c0000,WP_Thew_15.png,WP_Thew,val
WP_Thew_15__tile_r0000_c0001,WP_Thew_15.png,WP_Thew,val
WP_Thew_15__tile_r0000_c0002,WP_Thew_15.png,WP_Thew,val
WP_Thew_15__tile_r0000_c0003,WP_Thew_15.png,WP_Thew,val
WP_Thew_15__tile_r0001_c0000,WP_Thew_15.png,WP_Thew,val
WP_Thew_15__tile_r0001_c0001,WP_Thew_15.png,WP_Thew,val
WP_Thew_15__tile_r0001_c0002,WP_Thew_15.png,WP_Thew,val
WP_Thew_15__tile_r0001_c0003,WP_Thew_15.png,WP_Thew,val
WP_Thew_15__tile_r0002_c0000,WP_Thew_15.png,WP_Thew,val
WP_Thew_15__tile_r0002_c0001,WP_Thew_15.png,WP_Thew,val
WP_Thew_15__tile_r0002_c0002,WP_Thew_15.png,WP_Thew,val
WP_Thew_15__tile_r0002_c0003,WP_Thew_15.png,WP_Thew,val
WP_Thew_15__tile_r0003_c0000,WP_Thew_15.png,WP_Thew,val
WP_Thew_15__tile_r0003_c0001,WP_Thew_15.png,WP_Thew,val
WP_Thew_15__tile_r0003_c0002,WP_Thew_15.png,WP_Thew,val
WP_Thew_15__tile_r0003_c0003,WP_Thew_15.png,WP_Thew,val
WP_Thew_15__tile_r0004_c0000,WP_Thew_15.png,WP_Thew,val
WP_Thew_15__tile_r0004_c0001,WP_Thew_15.png,WP_Thew,val
WP_Thew_15__tile_r0004_c0002,WP_Thew_15.png,WP_Thew,val
WP_Thew_15__tile_r0004_c0003,WP_Thew_15.png,WP_Thew,val
WP_Thew_15__tile_r0005_c0000,WP_Thew_15.png,WP_Thew,val
WP_Thew_15__tile_r0005_c0001,WP_Thew_15.png,WP_Thew,val
WP_Thew_15__tile_r0005_c0002,WP_Thew_15.png,WP_Thew,val
WP_Thew_15__tile_r0005_c0003,WP_Thew_15.png,WP_Thew,val
WP_Thew_16__tile_r0000_c0000,WP_Thew_16.png,WP_Thew,val
WP_Thew_16__tile_r0000_c0001,WP_Thew_16.png,WP_Thew,val
WP_Thew_16__tile_r0000_c0002,WP_Thew_16.png,WP_Thew,val
WP_Thew_16__tile_r0000_c0003,WP_Thew_16.png,WP_Thew,val
WP_Thew_16__tile_r0001_c0000,WP_Thew_16.png,WP_Thew,val
WP_Thew_16__tile_r0001_c0001,WP_Thew_16.png,WP_Thew,val
WP_Thew_16__tile_r0001_c0002,WP_Thew_16.png,WP_Thew,val
WP_Thew_16__tile_r0001_c0003,WP_Thew_16.png,WP_Thew,val
WP_Thew_16__tile_r0002_c0000,WP_Thew_16.png,WP_Thew,val
WP_Thew_16__tile_r0002_c0001,WP_Thew_16.png,WP_Thew,val
WP_Thew_16__tile_r0002_c0002,WP_Thew_16.png,WP_Thew,val
WP_Thew_16__tile_r0002_c0003,WP_Thew_16.png,WP_Thew,val
WP_Thew_16__tile_r0003_c0000,WP_Thew_16.png,WP_Thew,val
WP_Thew_16__tile_r0003_c0001,WP_Thew_16.png,WP_Thew,val
WP_Thew_16__tile_r0003_c0002,WP_Thew_16.png,WP_Thew,val
WP_Thew_16__tile_r0003_c0003,WP_Thew_16.png,WP_Thew,val
WP_Thew_16__tile_r0004_c0000,WP_Thew_16.png,WP_Thew,val
WP_Thew_16__tile_r0004_c0001,WP_Thew_16.png,WP_Thew,val
WP_Thew_16__tile_r0004_c0002,WP_Thew_16.png,WP_Thew,val
WP_Thew_16__tile_r0004_c0003,WP_Thew_16.png,WP_Thew,val
WP_Thew_16__tile_r0005_c0000,WP_Thew_16.png,WP_Thew,val
WP_Thew_16__tile_r0005_c0001,WP_Thew_16.png,WP_Thew,val
WP_Thew_16__tile_r0005_c0002,WP_Thew_16.png,WP_Thew,val
WP_Thew_16__tile_r0005_c0003,WP_Thew_16.png,WP_Thew,val
WP_Thew_17__tile_r0000_c0000,WP_Thew_17.png,WP_Thew,val
WP_Thew_17__tile_r0000_c0001,WP_Thew_17.png,WP_Thew,val
WP_Thew_17__tile_r0000_c0002,WP_Thew_17.png,WP_Thew,val
WP_Thew_17__tile_r0000_c0003,WP_Thew_17.png,WP_Thew,val
WP_Thew_17__tile_r0001_c0000,WP_Thew_17.png,WP_Thew,val
WP_Thew_17__tile_r0001_c0001,WP_Thew_17.png,WP_Thew,val
WP_Thew_17__tile_r0001_c0002,WP_Thew_17.png,WP_Thew,val
WP_Thew_17__tile_r0001_c0003,WP_Thew_17.png,WP_Thew,val
WP_Thew_17__tile_r0002_c0000,WP_Thew_17.png,WP_Thew,val
WP_Thew_17__tile_r0002_c0001,WP_Thew_17.png,WP_Thew,val
WP_Thew_17__tile_r0002_c0002,WP_Thew_17.png,WP_Thew,val
WP_Thew_17__tile_r0002_c0003,WP_Thew_17.png,WP_Thew,val
WP_Thew_17__tile_r0003_c0000,WP_Thew_17.png,WP_Thew,val
WP_Thew_17__tile_r0003_c0001,WP_Thew_17.png,WP_Thew,val
WP_Thew_17__tile_r0003_c0002,WP_Thew_17.png,WP_Thew,val
WP_Thew_17__tile_r0003_c0003,WP_Thew_17.png,WP_Thew,val
WP_Thew_17__tile_r0004_c0000,WP_Thew_17.png,WP_Thew,val
WP_Thew_17__tile_r0004_c0001,WP_Thew_17.png,WP_Thew,val
WP_Thew_17__tile_r0004_c0002,WP_Thew_17.png,WP_Thew,val
WP_Thew_17__tile_r0004_c0003,WP_Thew_17.png,WP_Thew,val
WP_Thew_17__tile_r0005_c0000,WP_Thew_17.png,WP_Thew,val
WP_Thew_17__tile_r0005_c0001,WP_Thew_17.png,WP_Thew,val
WP_Thew_17__tile_r0005_c0002,WP_Thew_17.png,WP_Thew,val
WP_Thew_17__tile_r0005_c0003,WP_Thew_17.png,WP_Thew,val
DM_Wilson_01__tile_r0000_c0000,DM_Wilson_01.png,DM_Wilson,train
DM_Wilson_01__tile_r0000_c0001,DM_Wilson_01.png,DM_Wilson,train
DM_Wilson_01__tile_r0000_c0002,DM_Wilson_01.png,DM_Wilson,train
DM_Wilson_01__tile_r0000_c0003,DM_Wilson_01.png,DM_Wilson,train
DM_Wilson_01__tile_r0001_c0000,DM_Wilson_01.png,DM_Wilson,train
DM_Wilson_01__tile_r0001_c0001,DM_Wilson_01.png,DM_Wilson,train
DM_Wilson_01__tile_r0001_c0002,DM_Wilson_01.png,DM_Wilson,train
DM_Wilson_01__tile_r0001_c0003,DM_Wilson_01.png,DM_Wilson,train
DM_Wilson_01__tile_r0002_c0000,DM_Wilson_01.png,DM_Wilson,train
DM_Wilson_01__tile_r0002_c0001,DM_Wilson_01.png,DM_Wilson,train
DM_Wilson_01__tile_r0002_c0002,DM_Wilson_01.png,DM_Wilson,train
DM_Wilson_01__tile_r0002_c0003,DM_Wilson_01.png,DM_Wilson,train
DM_Wilson_01__tile_r0003_c0000,DM_Wilson_01.png,DM_Wilson,train
DM_Wilson_01__tile_r0003_c0001,DM_Wilson_01.png,DM_Wilson,train
DM_Wilson_01__tile_r0003_c0002,DM_Wilson_01.png,DM_Wilson,train
DM_Wilson_01__tile_r0003_c0003,DM_Wilson_01.png,DM_Wilson,train
DM_Wilson_01__tile_r0004_c0000,DM_Wilson_01.png,DM_Wilson,train
DM_Wilson_01__tile_r0004_c0001,DM_Wilson_01.png,DM_Wilson,train
DM_Wilson_01__tile_r0004_c0002,DM_Wilson_01.png,DM_Wilson,train
DM_Wilson_01__tile_r0004_c0003,DM_Wilson_01.png,DM_Wilson,train
DM_Wilson_01__tile_r0005_c0000,DM_Wilson_01.png,DM_Wilson,train
DM_Wilson_01__tile_r0005_c0001,DM_Wilson_01.png,DM_Wilson,train
DM_Wilson_01__tile_r0005_c0002,DM_Wilson_01.png,DM_Wilson,train
DM_Wilson_01__tile_r0005_c0003,DM_Wilson_01.png,DM_Wilson,train
DM_Wilson_01__tile_r0006_c0000,DM_Wilson_01.png,DM_Wilson,train
DM_Wilson_01__tile_r0006_c0001,DM_Wilson_01.png,DM_Wilson,train
DM_Wilson_01__tile_r0006_c0002,DM_Wilson_01.png,DM_Wilson,train
DM_Wilson_01__tile_r0006_c0003,DM_Wilson_01.png,DM_Wilson,train
DM_Wilson_01__tile_r0007_c0000,DM_Wilson_01.png,DM_Wilson,train
DM_Wilson_01__tile_r0007_c0001,DM_Wilson_01.png,DM_Wilson,train
DM_Wilson_01__tile_r0007_c0002,DM_Wilson_01.png,DM_Wilson,train
DM_Wilson_01__tile_r0007_c0003,DM_Wilson_01.png,DM_Wilson,train
DM_Wilson_01__tile_r0008_c0000,DM_Wilson_01.png,DM_Wilson,train
DM_Wilson_01__tile_r0008_c0001,DM_Wilson_01.png,DM_Wilson,train
DM_Wilson_01__tile_r0008_c0002,DM_Wilson_01.png,DM_Wilson,train
DM_Wilson_01__tile_r0008_c0003,DM_Wilson_01.png,DM_Wilson,train
DM_Wilson_01__tile_r0009_c0000,DM_Wilson_01.png,DM_Wilson,train
DM_Wilson_01__tile_r0009_c0001,DM_Wilson_01.png,DM_Wilson,train
DM_Wilson_01__tile_r0009_c0002,DM_Wilson_01.png,DM_Wilson,train
DM_Wilson_01__tile_r0009_c0003,DM_Wilson_01.png,DM_Wilson,train
DM_Wilson_01__tile_r0010_c0000,DM_Wilson_01.png,DM_Wilson,train
DM_Wilson_01__tile_r0010_c0001,DM_Wilson_01.png,DM_Wilson,train
DM_Wilson_01__tile_r0010_c0002,DM_Wilson_01.png,DM_Wilson,train
DM_Wilson_01__tile_r0010_c0003,DM_Wilson_01.png,DM_Wilson,train
DM_Wilson_02__tile_r0000_c0000,DM_Wilson_02.png,DM_Wilson,train
DM_Wilson_02__tile_r0000_c0001,DM_Wilson_02.png,DM_Wilson,train
DM_Wilson_02__tile_r0000_c0002,DM_Wilson_02.png,DM_Wilson,train
DM_Wilson_02__tile_r0000_c0003,DM_Wilson_02.png,DM_Wilson,train
DM_Wilson_02__tile_r0001_c0000,DM_Wilson_02.png,DM_Wilson,train
DM_Wilson_02__tile_r0001_c0001,DM_Wilson_02.png,DM_Wilson,train
DM_Wilson_02__tile_r0001_c0002,DM_Wilson_02.png,DM_Wilson,train
DM_Wilson_02__tile_r0001_c0003,DM_Wilson_02.png,DM_Wilson,train
DM_Wilson_02__tile_r0002_c0000,DM_Wilson_02.png,DM_Wilson,train
DM_Wilson_02__tile_r0002_c0001,DM_Wilson_02.png,DM_Wilson,train
DM_Wilson_02__tile_r0002_c0002,DM_Wilson_02.png,DM_Wilson,train
DM_Wilson_02__tile_r0002_c0003,DM_Wilson_02.png,DM_Wilson,train
DM_Wilson_02__tile_r0003_c0000,DM_Wilson_02.png,DM_Wilson,train
DM_Wilson_02__tile_r0003_c0001,DM_Wilson_02.png,DM_Wilson,train
DM_Wilson_02__tile_r0003_c0002,DM_Wilson_02.png,DM_Wilson,train
DM_Wilson_02__tile_r0003_c0003,DM_Wilson_02.png,DM_Wilson,train
DM_Wilson_02__tile_r0004_c0000,DM_Wilson_02.png,DM_Wilson,train
DM_Wilson_02__tile_r0004_c0001,DM_Wilson_02.png,DM_Wilson,train
DM_Wilson_02__tile_r0004_c0002,DM_Wilson_02.png,DM_Wilson,train
DM_Wilson_02__tile_r0004_c0003,DM_Wilson_02.png,DM_Wilson,train
DM_Wilson_02__tile_r0005_c0000,DM_Wilson_02.png,DM_Wilson,train
DM_Wilson_02__tile_r0005_c0001,DM_Wilson_02.png,DM_Wilson,train
DM_Wilson_02__tile_r0005_c0002,DM_Wilson_02.png,DM_Wilson,train
DM_Wilson_02__tile_r0005_c0003,DM_Wilson_02.png,DM_Wilson,train
DM_Wilson_02__tile_r0006_c0000,DM_Wilson_02.png,DM_Wilson,train
DM_Wilson_02__tile_r0006_c0001,DM_Wilson_02.png,DM_Wilson,train
DM_Wilson_02__tile_r0006_c0002,DM_Wilson_02.png,DM_Wilson,train
DM_Wilson_02__tile_r0006_c0003,DM_Wilson_02.png,DM_Wilson,train
DM_Wilson_02__tile_r0007_c0000,DM_Wilson_02.png,DM_Wilson,train
DM_Wilson_02__tile_r0007_c0001,DM_Wilson_02.png,DM_Wilson,train
DM_Wilson_02__tile_r0007_c0002,DM_Wilson_02.png,DM_Wilson,train
DM_Wilson_02__tile_r0007_c0003,DM_Wilson_02.png,DM_Wilson,train
DM_Wilson_02__tile_r0008_c0000,DM_Wilson_02.png,DM_Wilson,train
DM_Wilson_02__tile_r0008_c0001,DM_Wilson_02.png,DM_Wilson,train
DM_Wilson_02__tile_r0008_c0002,DM_Wilson_02.png,DM_Wilson,train
DM_Wilson_02__tile_r0008_c0003,DM_Wilson_02.png,DM_Wilson,train
DM_Wilson_02__tile_r0009_c0000,DM_Wilson_02.png,DM_Wilson,train
DM_Wilson_02__tile_r0009_c0001,DM_Wilson_02.png,DM_Wilson,train
DM_Wilson_02__tile_r0009_c0002,DM_Wilson_02.png,DM_Wilson,train
DM_Wilson_02__tile_r0009_c0003,DM_Wilson_02.png,DM_Wilson,train
DM_Wilson_02__tile_r0010_c0000,DM_Wilson_02.png,DM_Wilson,train
DM_Wilson_02__tile_r0010_c0001,DM_Wilson_02.png,DM_Wilson,train
DM_Wilson_02__tile_r0010_c0002,DM_Wilson_02.png,DM_Wilson,train
DM_Wilson_02__tile_r0010_c0003,DM_Wilson_02.png,DM_Wilson,train
DM_Wilson_03__tile_r0000_c0000,DM_Wilson_03.png,DM_Wilson,train
DM_Wilson_03__tile_r0000_c0001,DM_Wilson_03.png,DM_Wilson,train
DM_Wilson_03__tile_r0000_c0002,DM_Wilson_03.png,DM_Wilson,train
DM_Wilson_03__tile_r0000_c0003,DM_Wilson_03.png,DM_Wilson,train
DM_Wilson_03__tile_r0001_c0000,DM_Wilson_03.png,DM_Wilson,train
DM_Wilson_03__tile_r0001_c0001,DM_Wilson_03.png,DM_Wilson,train
DM_Wilson_03__tile_r0001_c0002,DM_Wilson_03.png,DM_Wilson,train
DM_Wilson_03__tile_r0001_c0003,DM_Wilson_03.png,DM_Wilson,train
DM_Wilson_03__tile_r0002_c0000,DM_Wilson_03.png,DM_Wilson,train
DM_Wilson_03__tile_r0002_c0001,DM_Wilson_03.png,DM_Wilson,train
DM_Wilson_03__tile_r0002_c0002,DM_Wilson_03.png,DM_Wilson,train
DM_Wilson_03__tile_r0002_c0003,DM_Wilson_03.png,DM_Wilson,train
DM_Wilson_03__tile_r0003_c0000,DM_Wilson_03.png,DM_Wilson,train
DM_Wilson_03__tile_r0003_c0001,DM_Wilson_03.png,DM_Wilson,train
DM_Wilson_03__tile_r0003_c0002,DM_Wilson_03.png,DM_Wilson,train
DM_Wilson_03__tile_r0003_c0003,DM_Wilson_03.png,DM_Wilson,train
DM_Wilson_03__tile_r0004_c0000,DM_Wilson_03.png,DM_Wilson,train
DM_Wilson_03__tile_r0004_c0001,DM_Wilson_03.png,DM_Wilson,train
DM_Wilson_03__tile_r0004_c0002,DM_Wilson_03.png,DM_Wilson,train
DM_Wilson_03__tile_r0004_c0003,DM_Wilson_03.png,DM_Wilson,train
DM_Wilson_03__tile_r0005_c0000,DM_Wilson_03.png,DM_Wilson,train
DM_Wilson_03__tile_r0005_c0001,DM_Wilson_03.png,DM_Wilson,train
DM_Wilson_03__tile_r0005_c0002,DM_Wilson_03.png,DM_Wilson,train
DM_Wilson_03__tile_r0005_c0003,DM_Wilson_03.png,DM_Wilson,train
DM_Wilson_03__tile_r0006_c0000,DM_Wilson_03.png,DM_Wilson,train
DM_Wilson_03__tile_r0006_c0001,DM_Wilson_03.png,DM_Wilson,train
DM_Wilson_03__tile_r0006_c0002,DM_Wilson_03.png,DM_Wilson,train
DM_Wilson_03__tile_r0006_c0003,DM_Wilson_03.png,DM_Wilson,train
DM_Wilson_03__tile_r0007_c0000,DM_Wilson_03.png,DM_Wilson,train
DM_Wilson_03__tile_r0007_c0001,DM_Wilson_03.png,DM_Wilson,train
DM_Wilson_03__tile_r0007_c0002,DM_Wilson_03.png,DM_Wilson,train
DM_Wilson_03__tile_r0007_c0003,DM_Wilson_03.png,DM_Wilson,train
DM_Wilson_03__tile_r0008_c0000,DM_Wilson_03.png,DM_Wilson,train
DM_Wilson_03__tile_r0008_c0001,DM_Wilson_03.png,DM_Wilson,train
DM_Wilson_03__tile_r0008_c0002,DM_Wilson_03.png,DM_Wilson,train
DM_Wilson_03__tile_r0008_c0003,DM_Wilson_03.png,DM_Wilson,train
DM_Wilson_03__tile_r0009_c0000,DM_Wilson_03.png,DM_Wilson,train
DM_Wilson_03__tile_r0009_c0001,DM_Wilson_03.png,DM_Wilson,train
DM_Wilson_03__tile_r0009_c0002,DM_Wilson_03.png,DM_Wilson,train
DM_Wilson_03__tile_r0009_c0003,DM_Wilson_03.png,DM_Wilson,train
DM_Wilson_03__tile_r0010_c0000,DM_Wilson_03.png,DM_Wilson,train
DM_Wilson_03__tile_r0010_c0001,DM_Wilson_03.png,DM_Wilson,train
DM_Wilson_03__tile_r0010_c0002,DM_Wilson_03.png,DM_Wilson,train
DM_Wilson_03__tile_r0010_c0003,DM_Wilson_03.png,DM_Wilson,train
DM_Wilson_04__tile_r0000_c0000,DM_Wilson_04.png,DM_Wilson,train
DM_Wilson_04__tile_r0000_c0001,DM_Wilson_04.png,DM_Wilson,train
DM_Wilson_04__tile_r0000_c0002,DM_Wilson_04.png,DM_Wilson,train
DM_Wilson_04__tile_r0000_c0003,DM_Wilson_04.png,DM_Wilson,train
DM_Wilson_04__tile_r0001_c0000,DM_Wilson_04.png,DM_Wilson,train
DM_Wilson_04__tile_r0001_c0001,DM_Wilson_04.png,DM_Wilson,train
DM_Wilson_04__tile_r0001_c0002,DM_Wilson_04.png,DM_Wilson,train
DM_Wilson_04__tile_r0001_c0003,DM_Wilson_04.png,DM_Wilson,train
DM_Wilson_04__tile_r0002_c0000,DM_Wilson_04.png,DM_Wilson,train
DM_Wilson_04__tile_r0002_c0001,DM_Wilson_04.png,DM_Wilson,train
DM_Wilson_04__tile_r0002_c0002,DM_Wilson_04.png,DM_Wilson,train
DM_Wilson_04__tile_r0002_c0003,DM_Wilson_04.png,DM_Wilson,train
DM_Wilson_04__tile_r0003_c0000,DM_Wilson_04.png,DM_Wilson,train
DM_Wilson_04__tile_r0003_c0001,DM_Wilson_04.png,DM_Wilson,train
DM_Wilson_04__tile_r0003_c0002,DM_Wilson_04.png,DM_Wilson,train
DM_Wilson_04__tile_r0003_c0003,DM_Wilson_04.png,DM_Wilson,train
DM_Wilson_04__tile_r0004_c0000,DM_Wilson_04.png,DM_Wilson,train
DM_Wilson_04__tile_r0004_c0001,DM_Wilson_04.png,DM_Wilson,train
DM_Wilson_04__tile_r0004_c0002,DM_Wilson_04.png,DM_Wilson,train
DM_Wilson_04__tile_r0004_c0003,DM_Wilson_04.png,DM_Wilson,train
DM_Wilson_04__tile_r0005_c0000,DM_Wilson_04.png,DM_Wilson,train
DM_Wilson_04__tile_r0005_c0001,DM_Wilson_04.png,DM_Wilson,train
DM_Wilson_04__tile_r0005_c0002,DM_Wilson_04.png,DM_Wilson,train
DM_Wilson_04__tile_r0005_c0003,DM_Wilson_04.png,DM_Wilson,train
DM_Wilson_04__tile_r0006_c0000,DM_Wilson_04.png,DM_Wilson,train
DM_Wilson_04__tile_r0006_c0001,DM_Wilson_04.png,DM_Wilson,train
DM_Wilson_04__tile_r0006_c0002,DM_Wilson_04.png,DM_Wilson,train
DM_Wilson_04__tile_r0006_c0003,DM_Wilson_04.png,DM_Wilson,train
DM_Wilson_04__tile_r0007_c0000,DM_Wilson_04.png,DM_Wilson,train
DM_Wilson_04__tile_r0007_c0001,DM_Wilson_04.png,DM_Wilson,train
DM_Wilson_04__tile_r0007_c0002,DM_Wilson_04.png,DM_Wilson,train
DM_Wilson_04__tile_r0007_c0003,DM_Wilson_04.png,DM_Wilson,train
DM_Wilson_04__tile_r0008_c0000,DM_Wilson_04.png,DM_Wilson,train
DM_Wilson_04__tile_r0008_c0001,DM_Wilson_04.png,DM_Wilson,train
DM_Wilson_04__tile_r0008_c0002,DM_Wilson_04.png,DM_Wilson,train
DM_Wilson_04__tile_r0008_c0003,DM_Wilson_04.png,DM_Wilson,train
DM_Wilson_04__tile_r0009_c0000,DM_Wilson_04.png,DM_Wilson,train
DM_Wilson_04__tile_r0009_c0001,DM_Wilson_04.png,DM_Wilson,train
DM_Wilson_04__tile_r0009_c0002,DM_Wilson_04.png,DM_Wilson,train
DM_Wilson_04__tile_r0009_c0003,DM_Wilson_04.png,DM_Wilson,train
DM_Wilson_04__tile_r0010_c0000,DM_Wilson_04.png,DM_Wilson,train
DM_Wilson_04__tile_r0010_c0001,DM_Wilson_04.png,DM_Wilson,train
DM_Wilson_04__tile_r0010_c0002,DM_Wilson_04.png,DM_Wilson,train
DM_Wilson_04__tile_r0010_c0003,DM_Wilson_04.png,DM_Wilson,train
DM_Wilson_05__tile_r0000_c0000,DM_Wilson_05.png,DM_Wilson,train
DM_Wilson_05__tile_r0000_c0001,DM_Wilson_05.png,DM_Wilson,train
DM_Wilson_05__tile_r0000_c0002,DM_Wilson_05.png,DM_Wilson,train
DM_Wilson_05__tile_r0000_c0003,DM_Wilson_05.png,DM_Wilson,train
DM_Wilson_05__tile_r0001_c0000,DM_Wilson_05.png,DM_Wilson,train
DM_Wilson_05__tile_r0001_c0001,DM_Wilson_05.png,DM_Wilson,train
DM_Wilson_05__tile_r0001_c0002,DM_Wilson_05.png,DM_Wilson,train
DM_Wilson_05__tile_r0001_c0003,DM_Wilson_05.png,DM_Wilson,train
DM_Wilson_05__tile_r0002_c0000,DM_Wilson_05.png,DM_Wilson,train
DM_Wilson_05__tile_r0002_c0001,DM_Wilson_05.png,DM_Wilson,train
DM_Wilson_05__tile_r0002_c0002,DM_Wilson_05.png,DM_Wilson,train
DM_Wilson_05__tile_r0002_c0003,DM_Wilson_05.png,DM_Wilson,train
DM_Wilson_05__tile_r0003_c0000,DM_Wilson_05.png,DM_Wilson,train
DM_Wilson_05__tile_r0003_c0001,DM_Wilson_05.png,DM_Wilson,train
DM_Wilson_05__tile_r0003_c0002,DM_Wilson_05.png,DM_Wilson,train
DM_Wilson_05__tile_r0003_c0003,DM_Wilson_05.png,DM_Wilson,train
DM_Wilson_05__tile_r0004_c0000,DM_Wilson_05.png,DM_Wilson,train
DM_Wilson_05__tile_r0004_c0001,DM_Wilson_05.png,DM_Wilson,train
DM_Wilson_05__tile_r0004_c0002,DM_Wilson_05.png,DM_Wilson,train
DM_Wilson_05__tile_r0004_c0003,DM_Wilson_05.png,DM_Wilson,train
DM_Wilson_05__tile_r0005_c0000,DM_Wilson_05.png,DM_Wilson,train
DM_Wilson_05__tile_r0005_c0001,DM_Wilson_05.png,DM_Wilson,train
DM_Wilson_05__tile_r0005_c0002,DM_Wilson_05.png,DM_Wilson,train
DM_Wilson_05__tile_r0005_c0003,DM_Wilson_05.png,DM_Wilson,train
DM_Wilson_05__tile_r0006_c0000,DM_Wilson_05.png,DM_Wilson,train
DM_Wilson_05__tile_r0006_c0001,DM_Wilson_05.png,DM_Wilson,train
DM_Wilson_05__tile_r0006_c0002,DM_Wilson_05.png,DM_Wilson,train
DM_Wilson_05__tile_r0006_c0003,DM_Wilson_05.png,DM_Wilson,train
DM_Wilson_05__tile_r0007_c0000,DM_Wilson_05.png,DM_Wilson,train
DM_Wilson_05__tile_r0007_c0001,DM_Wilson_05.png,DM_Wilson,train
DM_Wilson_05__tile_r0007_c0002,DM_Wilson_05.png,DM_Wilson,train
DM_Wilson_05__tile_r0007_c0003,DM_Wilson_05.png,DM_Wilson,train
DM_Wilson_05__tile_r0008_c0000,DM_Wilson_05.png,DM_Wilson,train
DM_Wilson_05__tile_r0008_c0001,DM_Wilson_05.png,DM_Wilson,train
DM_Wilson_05__tile_r0008_c0002,DM_Wilson_05.png,DM_Wilson,train
DM_Wilson_05__tile_r0008_c0003,DM_Wilson_05.png,DM_Wilson,train
DM_Wilson_05__tile_r0009_c0000,DM_Wilson_05.png,DM_Wilson,train
DM_Wilson_05__tile_r0009_c0001,DM_Wilson_05.png,DM_Wilson,train
DM_Wilson_05__tile_r0009_c0002,DM_Wilson_05.png,DM_Wilson,train
DM_Wilson_05__tile_r0009_c0003,DM_Wilson_05.png,DM_Wilson,train
DM_Wilson_05__tile_r0010_c0000,DM_Wilson_05.png,DM_Wilson,train
DM_Wilson_05__tile_r0010_c0001,DM_Wilson_05.png,DM_Wilson,train
DM_Wilson_05__tile_r0010_c0002,DM_Wilson_05.png,DM_Wilson,train
DM_Wilson_05__tile_r0010_c0003,DM_Wilson_05.png,DM_Wilson,train
DM_Wilson_05__tile_r0011_c0000,DM_Wilson_05.png,DM_Wilson,train
DM_Wilson_05__tile_r0011_c0001,DM_Wilson_05.png,DM_Wilson,train
DM_Wilson_05__tile_r0011_c0002,DM_Wilson_05.png,DM_Wilson,train
DM_Wilson_05__tile_r0011_c0003,DM_Wilson_05.png,DM_Wilson,train
DM_Wilson_06__tile_r0000_c0000,DM_Wilson_06.png,DM_Wilson,train
DM_Wilson_06__tile_r0000_c0001,DM_Wilson_06.png,DM_Wilson,train
DM_Wilson_06__tile_r0000_c0002,DM_Wilson_06.png,DM_Wilson,train
DM_Wilson_06__tile_r0000_c0003,DM_Wilson_06.png,DM_Wilson,train
DM_Wilson_06__tile_r0001_c0000,DM_Wilson_06.png,DM_Wilson,train
DM_Wilson_06__tile_r0001_c0001,DM_Wilson_06.png,DM_Wilson,train
DM_Wilson_06__tile_r0001_c0002,DM_Wilson_06.png,DM_Wilson,train
DM_Wilson_06__tile_r0001_c0003,DM_Wilson_06.png,DM_Wilson,train
DM_Wilson_06__tile_r0002_c0000,DM_Wilson_06.png,DM_Wilson,train
DM_Wilson_06__tile_r0002_c0001,DM_Wilson_06.png,DM_Wilson,train
DM_Wilson_06__tile_r0002_c0002,DM_Wilson_06.png,DM_Wilson,train
DM_Wilson_06__tile_r0002_c0003,DM_Wilson_06.png,DM_Wilson,train
DM_Wilson_06__tile_r0003_c0000,DM_Wilson_06.png,DM_Wilson,train
DM_Wilson_06__tile_r0003_c0001,DM_Wilson_06.png,DM_Wilson,train
DM_Wilson_06__tile_r0003_c0002,DM_Wilson_06.png,DM_Wilson,train
DM_Wilson_06__tile_r0003_c0003,DM_Wilson_06.png,DM_Wilson,train
DM_Wilson_06__tile_r0004_c0000,DM_Wilson_06.png,DM_Wilson,train
DM_Wilson_06__tile_r0004_c0001,DM_Wilson_06.png,DM_Wilson,train
DM_Wilson_06__tile_r0004_c0002,DM_Wilson_06.png,DM_Wilson,train
DM_Wilson_06__tile_r0004_c0003,DM_Wilson_06.png,DM_Wilson,train
DM_Wilson_06__tile_r0005_c0000,DM_Wilson_06.png,DM_Wilson,train
DM_Wilson_06__tile_r0005_c0001,DM_Wilson_06.png,DM_Wilson,train
DM_Wilson_06__tile_r0005_c0002,DM_Wilson_06.png,DM_Wilson,train
DM_Wilson_06__tile_r0005_c0003,DM_Wilson_06.png,DM_Wilson,train
DM_Wilson_06__tile_r0006_c0000,DM_Wilson_06.png,DM_Wilson,train
DM_Wilson_06__tile_r0006_c0001,DM_Wilson_06.png,DM_Wilson,train
DM_Wilson_06__tile_r0006_c0002,DM_Wilson_06.png,DM_Wilson,train
DM_Wilson_06__tile_r0006_c0003,DM_Wilson_06.png,DM_Wilson,train
DM_Wilson_06__tile_r0007_c0000,DM_Wilson_06.png,DM_Wilson,train
DM_Wilson_06__tile_r0007_c0001,DM_Wilson_06.png,DM_Wilson,train
DM_Wilson_06__tile_r0007_c0002,DM_Wilson_06.png,DM_Wilson,train
DM_Wilson_06__tile_r0007_c0003,DM_Wilson_06.png,DM_Wilson,train
DM_Wilson_06__tile_r0008_c0000,DM_Wilson_06.png,DM_Wilson,train
DM_Wilson_06__tile_r0008_c0001,DM_Wilson_06.png,DM_Wilson,train
DM_Wilson_06__tile_r0008_c0002,DM_Wilson_06.png,DM_Wilson,train
DM_Wilson_06__tile_r0008_c0003,DM_Wilson_06.png,DM_Wilson,train
DM_Wilson_06__tile_r0009_c0000,DM_Wilson_06.png,DM_Wilson,train
DM_Wilson_06__tile_r0009_c0001,DM_Wilson_06.png,DM_Wilson,train
DM_Wilson_06__tile_r0009_c0002,DM_Wilson_06.png,DM_Wilson,train
DM_Wilson_06__tile_r0009_c0003,DM_Wilson_06.png,DM_Wilson,train
DM_Wilson_06__tile_r0010_c0000,DM_Wilson_06.png,DM_Wilson,train
DM_Wilson_06__tile_r0010_c0001,DM_Wilson_06.png,DM_Wilson,train
DM_Wilson_06__tile_r0010_c0002,DM_Wilson_06.png,DM_Wilson,train
DM_Wilson_06__tile_r0010_c0003,DM_Wilson_06.png,DM_Wilson,train
DM_Wilson_07__tile_r0000_c0000,DM_Wilson_07.png,DM_Wilson,train
DM_Wilson_07__tile_r0000_c0001,DM_Wilson_07.png,DM_Wilson,train
DM_Wilson_07__tile_r0000_c0002,DM_Wilson_07.png,DM_Wilson,train
DM_Wilson_07__tile_r0000_c0003,DM_Wilson_07.png,DM_Wilson,train
DM_Wilson_07__tile_r0001_c0000,DM_Wilson_07.png,DM_Wilson,train
DM_Wilson_07__tile_r0001_c0001,DM_Wilson_07.png,DM_Wilson,train
DM_Wilson_07__tile_r0001_c0002,DM_Wilson_07.png,DM_Wilson,train
DM_Wilson_07__tile_r0001_c0003,DM_Wilson_07.png,DM_Wilson,train
DM_Wilson_07__tile_r0002_c0000,DM_Wilson_07.png,DM_Wilson,train
DM_Wilson_07__tile_r0002_c0001,DM_Wilson_07.png,DM_Wilson,train
DM_Wilson_07__tile_r0002_c0002,DM_Wilson_07.png,DM_Wilson,train
DM_Wilson_07__tile_r0002_c0003,DM_Wilson_07.png,DM_Wilson,train
DM_Wilson_07__tile_r0003_c0000,DM_Wilson_07.png,DM_Wilson,train
DM_Wilson_07__tile_r0003_c0001,DM_Wilson_07.png,DM_Wilson,train
DM_Wilson_07__tile_r0003_c0002,DM_Wilson_07.png,DM_Wilson,train
DM_Wilson_07__tile_r0003_c0003,DM_Wilson_07.png,DM_Wilson,train
DM_Wilson_07__tile_r0004_c0000,DM_Wilson_07.png,DM_Wilson,train
DM_Wilson_07__tile_r0004_c0001,DM_Wilson_07.png,DM_Wilson,train
DM_Wilson_07__tile_r0004_c0002,DM_Wilson_07.png,DM_Wilson,train
DM_Wilson_07__tile_r0004_c0003,DM_Wilson_07.png,DM_Wilson,train
DM_Wilson_07__tile_r0005_c0000,DM_Wilson_07.png,DM_Wilson,train
DM_Wilson_07__tile_r0005_c0001,DM_Wilson_07.png,DM_Wilson,train
DM_Wilson_07__tile_r0005_c0002,DM_Wilson_07.png,DM_Wilson,train
DM_Wilson_07__tile_r0005_c0003,DM_Wilson_07.png,DM_Wilson,train
DM_Wilson_07__tile_r0006_c0000,DM_Wilson_07.png,DM_Wilson,train
DM_Wilson_07__tile_r0006_c0001,DM_Wilson_07.png,DM_Wilson,train
DM_Wilson_07__tile_r0006_c0002,DM_Wilson_07.png,DM_Wilson,train
DM_Wilson_07__tile_r0006_c0003,DM_Wilson_07.png,DM_Wilson,train
DM_Wilson_07__tile_r0007_c0000,DM_Wilson_07.png,DM_Wilson,train
DM_Wilson_07__tile_r0007_c0001,DM_Wilson_07.png,DM_Wilson,train
DM_Wilson_07__tile_r0007_c0002,DM_Wilson_07.png,DM_Wilson,train
DM_Wilson_07__tile_r0007_c0003,DM_Wilson_07.png,DM_Wilson,train
DM_Wilson_07__tile_r0008_c0000,DM_Wilson_07.png,DM_Wilson,train
DM_Wilson_07__tile_r0008_c0001,DM_Wilson_07.png,DM_Wilson,train
DM_Wilson_07__tile_r0008_c0002,DM_Wilson_07.png,DM_Wilson,train
DM_Wilson_07__tile_r0008_c0003,DM_Wilson_07.png,DM_Wilson,train
DM_Wilson_07__tile_r0009_c0000,DM_Wilson_07.png,DM_Wilson,train
DM_Wilson_07__tile_r0009_c0001,DM_Wilson_07.png,DM_Wilson,train
DM_Wilson_07__tile_r0009_c0002,DM_Wilson_07.png,DM_Wilson,train
DM_Wilson_07__tile_r0009_c0003,DM_Wilson_07.png,DM_Wilson,train
DM_Wilson_07__tile_r0010_c0000,DM_Wilson_07.png,DM_Wilson,train
DM_Wilson_07__tile_r0010_c0001,DM_Wilson_07.png,DM_Wilson,train
DM_Wilson_07__tile_r0010_c0002,DM_Wilson_07.png,DM_Wilson,train
DM_Wilson_07__tile_r0010_c0003,DM_Wilson_07.png,DM_Wilson,train
DM_Wilson_07__tile_r0011_c0000,DM_Wilson_07.png,DM_Wilson,train
DM_Wilson_07__tile_r0011_c0001,DM_Wilson_07.png,DM_Wilson,train
DM_Wilson_07__tile_r0011_c0002,DM_Wilson_07.png,DM_Wilson,train
DM_Wilson_07__tile_r0011_c0003,DM_Wilson_07.png,DM_Wilson,train
DM_Wilson_08__tile_r0000_c0000,DM_Wilson_08.png,DM_Wilson,train
DM_Wilson_08__tile_r0000_c0001,DM_Wilson_08.png,DM_Wilson,train
DM_Wilson_08__tile_r0000_c0002,DM_Wilson_08.png,DM_Wilson,train
DM_Wilson_08__tile_r0000_c0003,DM_Wilson_08.png,DM_Wilson,train
DM_Wilson_08__tile_r0001_c0000,DM_Wilson_08.png,DM_Wilson,train
DM_Wilson_08__tile_r0001_c0001,DM_Wilson_08.png,DM_Wilson,train
DM_Wilson_08__tile_r0001_c0002,DM_Wilson_08.png,DM_Wilson,train
DM_Wilson_08__tile_r0001_c0003,DM_Wilson_08.png,DM_Wilson,train
DM_Wilson_08__tile_r0002_c0000,DM_Wilson_08.png,DM_Wilson,train
DM_Wilson_08__tile_r0002_c0001,DM_Wilson_08.png,DM_Wilson,train
DM_Wilson_08__tile_r0002_c0002,DM_Wilson_08.png,DM_Wilson,train
DM_Wilson_08__tile_r0002_c0003,DM_Wilson_08.png,DM_Wilson,train
DM_Wilson_08__tile_r0003_c0000,DM_Wilson_08.png,DM_Wilson,train
DM_Wilson_08__tile_r0003_c0001,DM_Wilson_08.png,DM_Wilson,train
DM_Wilson_08__tile_r0003_c0002,DM_Wilson_08.png,DM_Wilson,train
DM_Wilson_08__tile_r0003_c0003,DM_Wilson_08.png,DM_Wilson,train
DM_Wilson_08__tile_r0004_c0000,DM_Wilson_08.png,DM_Wilson,train
DM_Wilson_08__tile_r0004_c0001,DM_Wilson_08.png,DM_Wilson,train
DM_Wilson_08__tile_r0004_c0002,DM_Wilson_08.png,DM_Wilson,train
DM_Wilson_08__tile_r0004_c0003,DM_Wilson_08.png,DM_Wilson,train
DM_Wilson_08__tile_r0005_c0000,DM_Wilson_08.png,DM_Wilson,train
DM_Wilson_08__tile_r0005_c0001,DM_Wilson_08.png,DM_Wilson,train
DM_Wilson_08__tile_r0005_c0002,DM_Wilson_08.png,DM_Wilson,train
DM_Wilson_08__tile_r0005_c0003,DM_Wilson_08.png,DM_Wilson,train
DM_Wilson_09__tile_r0000_c0000,DM_Wilson_09.png,DM_Wilson,train
DM_Wilson_09__tile_r0000_c0001,DM_Wilson_09.png,DM_Wilson,train
DM_Wilson_09__tile_r0000_c0002,DM_Wilson_09.png,DM_Wilson,train
DM_Wilson_09__tile_r0000_c0003,DM_Wilson_09.png,DM_Wilson,train
DM_Wilson_09__tile_r0001_c0000,DM_Wilson_09.png,DM_Wilson,train
DM_Wilson_09__tile_r0001_c0001,DM_Wilson_09.png,DM_Wilson,train
DM_Wilson_09__tile_r0001_c0002,DM_Wilson_09.png,DM_Wilson,train
DM_Wilson_09__tile_r0001_c0003,DM_Wilson_09.png,DM_Wilson,train
DM_Wilson_09__tile_r0002_c0000,DM_Wilson_09.png,DM_Wilson,train
DM_Wilson_09__tile_r0002_c0001,DM_Wilson_09.png,DM_Wilson,train
DM_Wilson_09__tile_r0002_c0002,DM_Wilson_09.png,DM_Wilson,train
DM_Wilson_09__tile_r0002_c0003,DM_Wilson_09.png,DM_Wilson,train
DM_Wilson_09__tile_r0003_c0000,DM_Wilson_09.png,DM_Wilson,train
DM_Wilson_09__tile_r0003_c0001,DM_Wilson_09.png,DM_Wilson,train
DM_Wilson_09__tile_r0003_c0002,DM_Wilson_09.png,DM_Wilson,train
DM_Wilson_09__tile_r0003_c0003,DM_Wilson_09.png,DM_Wilson,train
DM_Wilson_09__tile_r0004_c0000,DM_Wilson_09.png,DM_Wilson,train
DM_Wilson_09__tile_r0004_c0001,DM_Wilson_09.png,DM_Wilson,train
DM_Wilson_09__tile_r0004_c0002,DM_Wilson_09.png,DM_Wilson,train
DM_Wilson_09__tile_r0004_c0003,DM_Wilson_09.png,DM_Wilson,train
DM_Wilson_09__tile_r0005_c0000,DM_Wilson_09.png,DM_Wilson,train
DM_Wilson_09__tile_r0005_c0001,DM_Wilson_09.png,DM_Wilson,train
DM_Wilson_09__tile_r0005_c0002,DM_Wilson_09.png,DM_Wilson,train
DM_Wilson_09__tile_r0005_c0003,DM_Wilson_09.png,DM_Wilson,train
DM_Wilson_10__tile_r0000_c0000,DM_Wilson_10.png,DM_Wilson,train
DM_Wilson_10__tile_r0000_c0001,DM_Wilson_10.png,DM_Wilson,train
DM_Wilson_10__tile_r0000_c0002,DM_Wilson_10.png,DM_Wilson,train
DM_Wilson_10__tile_r0000_c0003,DM_Wilson_10.png,DM_Wilson,train
DM_Wilson_10__tile_r0001_c0000,DM_Wilson_10.png,DM_Wilson,train
DM_Wilson_10__tile_r0001_c0001,DM_Wilson_10.png,DM_Wilson,train
DM_Wilson_10__tile_r0001_c0002,DM_Wilson_10.png,DM_Wilson,train
DM_Wilson_10__tile_r0001_c0003,DM_Wilson_10.png,DM_Wilson,train
DM_Wilson_10__tile_r0002_c0000,DM_Wilson_10.png,DM_Wilson,train
DM_Wilson_10__tile_r0002_c0001,DM_Wilson_10.png,DM_Wilson,train
DM_Wilson_10__tile_r0002_c0002,DM_Wilson_10.png,DM_Wilson,train
DM_Wilson_10__tile_r0002_c0003,DM_Wilson_10.png,DM_Wilson,train
DM_Wilson_10__tile_r0003_c0000,DM_Wilson_10.png,DM_Wilson,train
DM_Wilson_10__tile_r0003_c0001,DM_Wilson_10.png,DM_Wilson,train
DM_Wilson_10__tile_r0003_c0002,DM_Wilson_10.png,DM_Wilson,train
DM_Wilson_10__tile_r0003_c0003,DM_Wilson_10.png,DM_Wilson,train
DM_Wilson_10__tile_r0004_c0000,DM_Wilson_10.png,DM_Wilson,train
DM_Wilson_10__tile_r0004_c0001,DM_Wilson_10.png,DM_Wilson,train
DM_Wilson_10__tile_r0004_c0002,DM_Wilson_10.png,DM_Wilson,train
DM_Wilson_10__tile_r0004_c0003,DM_Wilson_10.png,DM_Wilson,train
DM_Wilson_10__tile_r0005_c0000,DM_Wilson_10.png,DM_Wilson,train
DM_Wilson_10__tile_r0005_c0001,DM_Wilson_10.png,DM_Wilson,train
DM_Wilson_10__tile_r0005_c0002,DM_Wilson_10.png,DM_Wilson,train
DM_Wilson_10__tile_r0005_c0003,DM_Wilson_10.png,DM_Wilson,train
DM_Wilson_11__tile_r0000_c0000,DM_Wilson_11.png,DM_Wilson,train
DM_Wilson_11__tile_r0000_c0001,DM_Wilson_11.png,DM_Wilson,train
DM_Wilson_11__tile_r0000_c0002,DM_Wilson_11.png,DM_Wilson,train
DM_Wilson_11__tile_r0000_c0003,DM_Wilson_11.png,DM_Wilson,train
DM_Wilson_11__tile_r0001_c0000,DM_Wilson_11.png,DM_Wilson,train
DM_Wilson_11__tile_r0001_c0001,DM_Wilson_11.png,DM_Wilson,train
DM_Wilson_11__tile_r0001_c0002,DM_Wilson_11.png,DM_Wilson,train
DM_Wilson_11__tile_r0001_c0003,DM_Wilson_11.png,DM_Wilson,train
DM_Wilson_11__tile_r0002_c0000,DM_Wilson_11.png,DM_Wilson,train
DM_Wilson_11__tile_r0002_c0001,DM_Wilson_11.png,DM_Wilson,train
DM_Wilson_11__tile_r0002_c0002,DM_Wilson_11.png,DM_Wilson,train
DM_Wilson_11__tile_r0002_c0003,DM_Wilson_11.png,DM_Wilson,train
DM_Wilson_11__tile_r0003_c0000,DM_Wilson_11.png,DM_Wilson,train
DM_Wilson_11__tile_r0003_c0001,DM_Wilson_11.png,DM_Wilson,train
DM_Wilson_11__tile_r0003_c0002,DM_Wilson_11.png,DM_Wilson,train
DM_Wilson_11__tile_r0003_c0003,DM_Wilson_11.png,DM_Wilson,train
DM_Wilson_11__tile_r0004_c0000,DM_Wilson_11.png,DM_Wilson,train
DM_Wilson_11__tile_r0004_c0001,DM_Wilson_11.png,DM_Wilson,train
DM_Wilson_11__tile_r0004_c0002,DM_Wilson_11.png,DM_Wilson,train
DM_Wilson_11__tile_r0004_c0003,DM_Wilson_11.png,DM_Wilson,train
DM_Wilson_12__tile_r0000_c0000,DM_Wilson_12.png,DM_Wilson,train
DM_Wilson_12__tile_r0000_c0001,DM_Wilson_12.png,DM_Wilson,train
DM_Wilson_12__tile_r0000_c0002,DM_Wilson_12.png,DM_Wilson,train
DM_Wilson_12__tile_r0000_c0003,DM_Wilson_12.png,DM_Wilson,train
DM_Wilson_12__tile_r0001_c0000,DM_Wilson_12.png,DM_Wilson,train
DM_Wilson_12__tile_r0001_c0001,DM_Wilson_12.png,DM_Wilson,train
DM_Wilson_12__tile_r0001_c0002,DM_Wilson_12.png,DM_Wilson,train
DM_Wilson_12__tile_r0001_c0003,DM_Wilson_12.png,DM_Wilson,train
DM_Wilson_12__tile_r0002_c0000,DM_Wilson_12.png,DM_Wilson,train
DM_Wilson_12__tile_r0002_c0001,DM_Wilson_12.png,DM_Wilson,train
DM_Wilson_12__tile_r0002_c0002,DM_Wilson_12.png,DM_Wilson,train
DM_Wilson_12__tile_r0002_c0003,DM_Wilson_12.png,DM_Wilson,train
DM_Wilson_12__tile_r0003_c0000,DM_Wilson_12.png,DM_Wilson,train
DM_Wilson_12__tile_r0003_c0001,DM_Wilson_12.png,DM_Wilson,train
DM_Wilson_12__tile_r0003_c0002,DM_Wilson_12.png,DM_Wilson,train
DM_Wilson_12__tile_r0003_c0003,DM_Wilson_12.png,DM_Wilson,train
DM_Wilson_12__tile_r0004_c0000,DM_Wilson_12.png,DM_Wilson,train
DM_Wilson_12__tile_r0004_c0001,DM_Wilson_12.png,DM_Wilson,train
DM_Wilson_12__tile_r0004_c0002,DM_Wilson_12.png,DM_Wilson,train
DM_Wilson_12__tile_r0004_c0003,DM_Wilson_12.png,DM_Wilson,train
DM_Wilson_12__tile_r0005_c0000,DM_Wilson_12.png,DM_Wilson,train
DM_Wilson_12__tile_r0005_c0001,DM_Wilson_12.png,DM_Wilson,train
DM_Wilson_12__tile_r0005_c0002,DM_Wilson_12.png,DM_Wilson,train
DM_Wilson_12__tile_r0005_c0003,DM_Wilson_12.png,DM_Wilson,train
DM_Wilson_13__tile_r0000_c0000,DM_Wilson_13.png,DM_Wilson,train
DM_Wilson_13__tile_r0000_c0001,DM_Wilson_13.png,DM_Wilson,train
DM_Wilson_13__tile_r0000_c0002,DM_Wilson_13.png,DM_Wilson,train
DM_Wilson_13__tile_r0000_c0003,DM_Wilson_13.png,DM_Wilson,train
DM_Wilson_13__tile_r0001_c0000,DM_Wilson_13.png,DM_Wilson,train
DM_Wilson_13__tile_r0001_c0001,DM_Wilson_13.png,DM_Wilson,train
DM_Wilson_13__tile_r0001_c0002,DM_Wilson_13.png,DM_Wilson,train
DM_Wilson_13__tile_r0001_c0003,DM_Wilson_13.png,DM_Wilson,train
DM_Wilson_13__tile_r0002_c0000,DM_Wilson_13.png,DM_Wilson,train
DM_Wilson_13__tile_r0002_c0001,DM_Wilson_13.png,DM_Wilson,train
DM_Wilson_13__tile_r0002_c0002,DM_Wilson_13.png,DM_Wilson,train
DM_Wilson_13__tile_r0002_c0003,DM_Wilson_13.png,DM_Wilson,train
DM_Wilson_13__tile_r0003_c0000,DM_Wilson_13.png,DM_Wilson,train
DM_Wilson_13__tile_r0003_c0001,DM_Wilson_13.png,DM_Wilson,train
DM_Wilson_13__tile_r0003_c0002,DM_Wilson_13.png,DM_Wilson,train
DM_Wilson_13__tile_r0003_c0003,DM_Wilson_13.png,DM_Wilson,train
DM_Wilson_13__tile_r0004_c0000,DM_Wilson_13.png,DM_Wilson,train
DM_Wilson_13__tile_r0004_c0001,DM_Wilson_13.png,DM_Wilson,train
DM_Wilson_13__tile_r0004_c0002,DM_Wilson_13.png,DM_Wilson,train
DM_Wilson_13__tile_r0004_c0003,DM_Wilson_13.png,DM_Wilson,train
DM_Wilson_13__tile_r0005_c0000,DM_Wilson_13.png,DM_Wilson,train
DM_Wilson_13__tile_r0005_c0001,DM_Wilson_13.png,DM_Wilson,train
DM_Wilson_13__tile_r0005_c0002,DM_Wilson_13.png,DM_Wilson,train
DM_Wilson_13__tile_r0005_c0003,DM_Wilson_13.png,DM_Wilson,train
DM_Wilson_14__tile_r0000_c0000,DM_Wilson_14.png,DM_Wilson,train
DM_Wilson_14__tile_r0000_c0001,DM_Wilson_14.png,DM_Wilson,train
DM_Wilson_14__tile_r0000_c0002,DM_Wilson_14.png,DM_Wilson,train
DM_Wilson_14__tile_r0000_c0003,DM_Wilson_14.png,DM_Wilson,train
DM_Wilson_14__tile_r0001_c0000,DM_Wilson_14.png,DM_Wilson,train
DM_Wilson_14__tile_r0001_c0001,DM_Wilson_14.png,DM_Wilson,train
DM_Wilson_14__tile_r0001_c0002,DM_Wilson_14.png,DM_Wilson,train
DM_Wilson_14__tile_r0001_c0003,DM_Wilson_14.png,DM_Wilson,train
DM_Wilson_14__tile_r0002_c0000,DM_Wilson_14.png,DM_Wilson,train
DM_Wilson_14__tile_r0002_c0001,DM_Wilson_14.png,DM_Wilson,train
DM_Wilson_14__tile_r0002_c0002,DM_Wilson_14.png,DM_Wilson,train
DM_Wilson_14__tile_r0002_c0003,DM_Wilson_14.png,DM_Wilson,train
DM_Wilson_14__tile_r0003_c0000,DM_Wilson_14.png,DM_Wilson,train
DM_Wilson_14__tile_r0003_c0001,DM_Wilson_14.png,DM_Wilson,train
DM_Wilson_14__tile_r0003_c0002,DM_Wilson_14.png,DM_Wilson,train
DM_Wilson_14__tile_r0003_c0003,DM_Wilson_14.png,DM_Wilson,train
DM_Wilson_14__tile_r0004_c0000,DM_Wilson_14.png,DM_Wilson,train
DM_Wilson_14__tile_r0004_c0001,DM_Wilson_14.png,DM_Wilson,train
DM_Wilson_14__tile_r0004_c0002,DM_Wilson_14.png,DM_Wilson,train
DM_Wilson_14__tile_r0004_c0003,DM_Wilson_14.png,DM_Wilson,train
DM_Wilson_14__tile_r0005_c0000,DM_Wilson_14.png,DM_Wilson,train
DM_Wilson_14__tile_r0005_c0001,DM_Wilson_14.png,DM_Wilson,train
DM_Wilson_14__tile_r0005_c0002,DM_Wilson_14.png,DM_Wilson,train
DM_Wilson_14__tile_r0005_c0003,DM_Wilson_14.png,DM_Wilson,train
DM_Wilson_15__tile_r0000_c0000,DM_Wilson_15.png,DM_Wilson,train
DM_Wilson_15__tile_r0000_c0001,DM_Wilson_15.png,DM_Wilson,train
DM_Wilson_15__tile_r0000_c0002,DM_Wilson_15.png,DM_Wilson,train
DM_Wilson_15__tile_r0000_c0003,DM_Wilson_15.png,DM_Wilson,train
DM_Wilson_15__tile_r0001_c0000,DM_Wilson_15.png,DM_Wilson,train
DM_Wilson_15__tile_r0001_c0001,DM_Wilson_15.png,DM_Wilson,train
DM_Wilson_15__tile_r0001_c0002,DM_Wilson_15.png,DM_Wilson,train
DM_Wilson_15__tile_r0001_c0003,DM_Wilson_15.png,DM_Wilson,train
DM_Wilson_15__tile_r0002_c0000,DM_Wilson_15.png,DM_Wilson,train
DM_Wilson_15__tile_r0002_c0001,DM_Wilson_15.png,DM_Wilson,train
DM_Wilson_15__tile_r0002_c0002,DM_Wilson_15.png,DM_Wilson,train
DM_Wilson_15__tile_r0002_c0003,DM_Wilson_15.png,DM_Wilson,train
DM_Wilson_15__tile_r0003_c0000,DM_Wilson_15.png,DM_Wilson,train
DM_Wilson_15__tile_r0003_c0001,DM_Wilson_15.png,DM_Wilson,train
DM_Wilson_15__tile_r0003_c0002,DM_Wilson_15.png,DM_Wilson,train
DM_Wilson_15__tile_r0003_c0003,DM_Wilson_15.png,DM_Wilson,train
DM_Wilson_15__tile_r0004_c0000,DM_Wilson_15.png,DM_Wilson,train
DM_Wilson_15__tile_r0004_c0001,DM_Wilson_15.png,DM_Wilson,train
DM_Wilson_15__tile_r0004_c0002,DM_Wilson_15.png,DM_Wilson,train
DM_Wilson_15__tile_r0004_c0003,DM_Wilson_15.png,DM_Wilson,train
DM_Wilson_15__tile_r0005_c0000,DM_Wilson_15.png,DM_Wilson,train
DM_Wilson_15__tile_r0005_c0001,DM_Wilson_15.png,DM_Wilson,train
DM_Wilson_15__tile_r0005_c0002,DM_Wilson_15.png,DM_Wilson,train
DM_Wilson_15__tile_r0005_c0003,DM_Wilson_15.png,DM_Wilson,train
DM_Wilson_16__tile_r0000_c0000,DM_Wilson_16.png,DM_Wilson,train
DM_Wilson_16__tile_r0000_c0001,DM_Wilson_16.png,DM_Wilson,train
DM_Wilson_16__tile_r0000_c0002,DM_Wilson_16.png,DM_Wilson,train
DM_Wilson_16__tile_r0000_c0003,DM_Wilson_16.png,DM_Wilson,train
DM_Wilson_16__tile_r0001_c0000,DM_Wilson_16.png,DM_Wilson,train
DM_Wilson_16__tile_r0001_c0001,DM_Wilson_16.png,DM_Wilson,train
DM_Wilson_16__tile_r0001_c0002,DM_Wilson_16.png,DM_Wilson,train
DM_Wilson_16__tile_r0001_c0003,DM_Wilson_16.png,DM_Wilson,train
DM_Wilson_16__tile_r0002_c0000,DM_Wilson_16.png,DM_Wilson,train
DM_Wilson_16__tile_r0002_c0001,DM_Wilson_16.png,DM_Wilson,train
DM_Wilson_16__tile_r0002_c0002,DM_Wilson_16.png,DM_Wilson,train
DM_Wilson_16__tile_r0002_c0003,DM_Wilson_16.png,DM_Wilson,train
DM_Wilson_16__tile_r0003_c0000,DM_Wilson_16.png,DM_Wilson,train
DM_Wilson_16__tile_r0003_c0001,DM_Wilson_16.png,DM_Wilson,train
DM_Wilson_16__tile_r0003_c0002,DM_Wilson_16.png,DM_Wilson,train
DM_Wilson_16__tile_r0003_c0003,DM_Wilson_16.png,DM_Wilson,train
DM_Wilson_16__tile_r0004_c0000,DM_Wilson_16.png,DM_Wilson,train
DM_Wilson_16__tile_r0004_c0001,DM_Wilson_16.png,DM_Wilson,train
DM_Wilson_16__tile_r0004_c0002,DM_Wilson_16.png,DM_Wilson,train
DM_Wilson_16__tile_r0004_c0003,DM_Wilson_16.png,DM_Wilson,train
DM_Wilson_16__tile_r0005_c0000,DM_Wilson_16.png,DM_Wilson,train
DM_Wilson_16__tile_r0005_c0001,DM_Wilson_16.png,DM_Wilson,train
DM_Wilson_16__tile_r0005_c0002,DM_Wilson_16.png,DM_Wilson,train
DM_Wilson_16__tile_r0005_c0003,DM_Wilson_16.png,DM_Wilson,train
DM_Wilson_16__tile_r0006_c0000,DM_Wilson_16.png,DM_Wilson,train
DM_Wilson_16__tile_r0006_c0001,DM_Wilson_16.png,DM_Wilson,train
DM_Wilson_16__tile_r0006_c0002,DM_Wilson_16.png,DM_Wilson,train
DM_Wilson_16__tile_r0006_c0003,DM_Wilson_16.png,DM_Wilson,train
DM_Wilson_16__tile_r0007_c0000,DM_Wilson_16.png,DM_Wilson,train
DM_Wilson_16__tile_r0007_c0001,DM_Wilson_16.png,DM_Wilson,train
DM_Wilson_16__tile_r0007_c0002,DM_Wilson_16.png,DM_Wilson,train
DM_Wilson_16__tile_r0007_c0003,DM_Wilson_16.png,DM_Wilson,train
DM_Wilson_16__tile_r0008_c0000,DM_Wilson_16.png,DM_Wilson,train
DM_Wilson_16__tile_r0008_c0001,DM_Wilson_16.png,DM_Wilson,train
DM_Wilson_16__tile_r0008_c0002,DM_Wilson_16.png,DM_Wilson,train
DM_Wilson_16__tile_r0008_c0003,DM_Wilson_16.png,DM_Wilson,train
DM_Wilson_16__tile_r0009_c0000,DM_Wilson_16.png,DM_Wilson,train
DM_Wilson_16__tile_r0009_c0001,DM_Wilson_16.png,DM_Wilson,train
DM_Wilson_16__tile_r0009_c0002,DM_Wilson_16.png,DM_Wilson,train
DM_Wilson_16__tile_r0009_c0003,DM_Wilson_16.png,DM_Wilson,train
DM_Wilson_16__tile_r0010_c0000,DM_Wilson_16.png,DM_Wilson,train
DM_Wilson_16__tile_r0010_c0001,DM_Wilson_16.png,DM_Wilson,train
DM_Wilson_16__tile_r0010_c0002,DM_Wilson_16.png,DM_Wilson,train
DM_Wilson_16__tile_r0010_c0003,DM_Wilson_16.png,DM_Wilson,train
DM_Wilson_16__tile_r0011_c0000,DM_Wilson_16.png,DM_Wilson,train
DM_Wilson_16__tile_r0011_c0001,DM_Wilson_16.png,DM_Wilson,train
DM_Wilson_16__tile_r0011_c0002,DM_Wilson_16.png,DM_Wilson,train
DM_Wilson_16__tile_r0011_c0003,DM_Wilson_16.png,DM_Wilson,train
DM_Wilson_16__tile_r0012_c0000,DM_Wilson_16.png,DM_Wilson,train
DM_Wilson_16__tile_r0012_c0001,DM_Wilson_16.png,DM_Wilson,train
DM_Wilson_16__tile_r0012_c0002,DM_Wilson_16.png,DM_Wilson,train
DM_Wilson_16__tile_r0012_c0003,DM_Wilson_16.png,DM_Wilson,train
DM_Wilson_16__tile_r0013_c0000,DM_Wilson_16.png,DM_Wilson,train
DM_Wilson_16__tile_r0013_c0001,DM_Wilson_16.png,DM_Wilson,train
DM_Wilson_16__tile_r0013_c0002,DM_Wilson_16.png,DM_Wilson,train
DM_Wilson_16__tile_r0013_c0003,DM_Wilson_16.png,DM_Wilson,train
DM_Wilson_16__tile_r0014_c0000,DM_Wilson_16.png,DM_Wilson,train
DM_Wilson_16__tile_r0014_c0001,DM_Wilson_16.png,DM_Wilson,train
DM_Wilson_16__tile_r0014_c0002,DM_Wilson_16.png,DM_Wilson,train
DM_Wilson_16__tile_r0014_c0003,DM_Wilson_16.png,DM_Wilson,train
DM_Wilson_16__tile_r0015_c0000,DM_Wilson_16.png,DM_Wilson,train
DM_Wilson_16__tile_r0015_c0001,DM_Wilson_16.png,DM_Wilson,train
DM_Wilson_16__tile_r0015_c0002,DM_Wilson_16.png,DM_Wilson,train
DM_Wilson_16__tile_r0015_c0003,DM_Wilson_16.png,DM_Wilson,train
DM_Wilson_16__tile_r0016_c0000,DM_Wilson_16.png,DM_Wilson,train
DM_Wilson_16__tile_r0016_c0001,DM_Wilson_16.png,DM_Wilson,train
DM_Wilson_16__tile_r0016_c0002,DM_Wilson_16.png,DM_Wilson,train
DM_Wilson_16__tile_r0016_c0003,DM_Wilson_16.png,DM_Wilson,train
DM_Wilson_16__tile_r0017_c0000,DM_Wilson_16.png,DM_Wilson,train
DM_Wilson_16__tile_r0017_c0001,DM_Wilson_16.png,DM_Wilson,train
DM_Wilson_16__tile_r0017_c0002,DM_Wilson_16.png,DM_Wilson,train
DM_Wilson_16__tile_r0017_c0003,DM_Wilson_16.png,DM_Wilson,train
DM_Wilson_16__tile_r0018_c0000,DM_Wilson_16.png,DM_Wilson,train
DM_Wilson_16__tile_r0018_c0001,DM_Wilson_16.png,DM_Wilson,train
DM_Wilson_16__tile_r0018_c0002,DM_Wilson_16.png,DM_Wilson,train
DM_Wilson_16__tile_r0018_c0003,DM_Wilson_16.png,DM_Wilson,train
DM_Wilson_16__tile_r0019_c0000,DM_Wilson_16.png,DM_Wilson,train
DM_Wilson_16__tile_r0019_c0001,DM_Wilson_16.png,DM_Wilson,train
DM_Wilson_16__tile_r0019_c0002,DM_Wilson_16.png,DM_Wilson,train
DM_Wilson_16__tile_r0019_c0003,DM_Wilson_16.png,DM_Wilson,train
DM_Wilson_16__tile_r0020_c0000,DM_Wilson_16.png,DM_Wilson,train
DM_Wilson_16__tile_r0020_c0001,DM_Wilson_16.png,DM_Wilson,train
DM_Wilson_16__tile_r0020_c0002,DM_Wilson_16.png,DM_Wilson,train
DM_Wilson_16__tile_r0020_c0003,DM_Wilson_16.png,DM_Wilson,train
DM_Wilson_16__tile_r0021_c0000,DM_Wilson_16.png,DM_Wilson,train
DM_Wilson_16__tile_r0021_c0001,DM_Wilson_16.png,DM_Wilson,train
DM_Wilson_16__tile_r0021_c0002,DM_Wilson_16.png,DM_Wilson,train
DM_Wilson_16__tile_r0021_c0003,DM_Wilson_16.png,DM_Wilson,train
DM_Wilson_16__tile_r0022_c0000,DM_Wilson_16.png,DM_Wilson,train
DM_Wilson_16__tile_r0022_c0001,DM_Wilson_16.png,DM_Wilson,train
DM_Wilson_16__tile_r0022_c0002,DM_Wilson_16.png,DM_Wilson,train
DM_Wilson_16__tile_r0022_c0003,DM_Wilson_16.png,DM_Wilson,train
DM_Wilson_16__tile_r0023_c0000,DM_Wilson_16.png,DM_Wilson,train
DM_Wilson_16__tile_r0023_c0001,DM_Wilson_16.png,DM_Wilson,train
DM_Wilson_16__tile_r0023_c0002,DM_Wilson_16.png,DM_Wilson,train
DM_Wilson_16__tile_r0023_c0003,DM_Wilson_16.png,DM_Wilson,train
DM_Wilson_16__tile_r0024_c0000,DM_Wilson_16.png,DM_Wilson,train
DM_Wilson_16__tile_r0024_c0001,DM_Wilson_16.png,DM_Wilson,train
DM_Wilson_16__tile_r0024_c0002,DM_Wilson_16.png,DM_Wilson,train
DM_Wilson_16__tile_r0024_c0003,DM_Wilson_16.png,DM_Wilson,train
DM_Wilson_16__tile_r0025_c0000,DM_Wilson_16.png,DM_Wilson,train
DM_Wilson_16__tile_r0025_c0001,DM_Wilson_16.png,DM_Wilson,train
DM_Wilson_16__tile_r0025_c0002,DM_Wilson_16.png,DM_Wilson,train
DM_Wilson_16__tile_r0025_c0003,DM_Wilson_16.png,DM_Wilson,train
DM_Wilson_16__tile_r0026_c0000,DM_Wilson_16.png,DM_Wilson,train
DM_Wilson_16__tile_r0026_c0001,DM_Wilson_16.png,DM_Wilson,train
DM_Wilson_16__tile_r0026_c0002,DM_Wilson_16.png,DM_Wilson,train
DM_Wilson_16__tile_r0026_c0003,DM_Wilson_16.png,DM_Wilson,train
DM_Wilson_16__tile_r0027_c0000,DM_Wilson_16.png,DM_Wilson,train
DM_Wilson_16__tile_r0027_c0001,DM_Wilson_16.png,DM_Wilson,train
DM_Wilson_16__tile_r0027_c0002,DM_Wilson_16.png,DM_Wilson,train
DM_Wilson_16__tile_r0027_c0003,DM_Wilson_16.png,DM_Wilson,train
DM_Wilson_16__tile_r0028_c0000,DM_Wilson_16.png,DM_Wilson,train
DM_Wilson_16__tile_r0028_c0001,DM_Wilson_16.png,DM_Wilson,train
DM_Wilson_16__tile_r0028_c0002,DM_Wilson_16.png,DM_Wilson,train
DM_Wilson_16__tile_r0028_c0003,DM_Wilson_16.png,DM_Wilson,train
DM_Wilson_16__tile_r0029_c0000,DM_Wilson_16.png,DM_Wilson,train
DM_Wilson_16__tile_r0029_c0001,DM_Wilson_16.png,DM_Wilson,train
DM_Wilson_16__tile_r0029_c0002,DM_Wilson_16.png,DM_Wilson,train
DM_Wilson_16__tile_r0029_c0003,DM_Wilson_16.png,DM_Wilson,train
DM_Wilson_16__tile_r0030_c0000,DM_Wilson_16.png,DM_Wilson,train
DM_Wilson_16__tile_r0030_c0001,DM_Wilson_16.png,DM_Wilson,train
DM_Wilson_16__tile_r0030_c0002,DM_Wilson_16.png,DM_Wilson,train
DM_Wilson_16__tile_r0030_c0003,DM_Wilson_16.png,DM_Wilson,train
DM_Wilson_16__tile_r0031_c0000,DM_Wilson_16.png,DM_Wilson,train
DM_Wilson_16__tile_r0031_c0001,DM_Wilson_16.png,DM_Wilson,train
DM_Wilson_16__tile_r0031_c0002,DM_Wilson_16.png,DM_Wilson,train
DM_Wilson_16__tile_r0031_c0003,DM_Wilson_16.png,DM_Wilson,train
DM_Wilson_16__tile_r0032_c0000,DM_Wilson_16.png,DM_Wilson,train
DM_Wilson_16__tile_r0032_c0001,DM_Wilson_16.png,DM_Wilson,train
DM_Wilson_16__tile_r0032_c0002,DM_Wilson_16.png,DM_Wilson,train
DM_Wilson_16__tile_r0032_c0003,DM_Wilson_16.png,DM_Wilson,train
DM_Wilson_16__tile_r0033_c0000,DM_Wilson_16.png,DM_Wilson,train
DM_Wilson_16__tile_r0033_c0001,DM_Wilson_16.png,DM_Wilson,train
DM_Wilson_16__tile_r0033_c0002,DM_Wilson_16.png,DM_Wilson,train
DM_Wilson_16__tile_r0033_c0003,DM_Wilson_16.png,DM_Wilson,train
DM_Wilson_16__tile_r0034_c0000,DM_Wilson_16.png,DM_Wilson,train
DM_Wilson_16__tile_r0034_c0001,DM_Wilson_16.png,DM_Wilson,train
DM_Wilson_16__tile_r0034_c0002,DM_Wilson_16.png,DM_Wilson,train
DM_Wilson_16__tile_r0034_c0003,DM_Wilson_16.png,DM_Wilson,train
DM_Wilson_16__tile_r0035_c0000,DM_Wilson_16.png,DM_Wilson,train
DM_Wilson_16__tile_r0035_c0001,DM_Wilson_16.png,DM_Wilson,train
DM_Wilson_16__tile_r0035_c0002,DM_Wilson_16.png,DM_Wilson,train
DM_Wilson_16__tile_r0035_c0003,DM_Wilson_16.png,DM_Wilson,train
DM_Wilson_17__tile_r0000_c0000,DM_Wilson_17.png,DM_Wilson,train
DM_Wilson_17__tile_r0000_c0001,DM_Wilson_17.png,DM_Wilson,train
DM_Wilson_17__tile_r0000_c0002,DM_Wilson_17.png,DM_Wilson,train
DM_Wilson_17__tile_r0000_c0003,DM_Wilson_17.png,DM_Wilson,train
DM_Wilson_17__tile_r0001_c0000,DM_Wilson_17.png,DM_Wilson,train
DM_Wilson_17__tile_r0001_c0001,DM_Wilson_17.png,DM_Wilson,train
DM_Wilson_17__tile_r0001_c0002,DM_Wilson_17.png,DM_Wilson,train
DM_Wilson_17__tile_r0001_c0003,DM_Wilson_17.png,DM_Wilson,train
DM_Wilson_17__tile_r0002_c0000,DM_Wilson_17.png,DM_Wilson,train
DM_Wilson_17__tile_r0002_c0001,DM_Wilson_17.png,DM_Wilson,train
DM_Wilson_17__tile_r0002_c0002,DM_Wilson_17.png,DM_Wilson,train
DM_Wilson_17__tile_r0002_c0003,DM_Wilson_17.png,DM_Wilson,train
DM_Wilson_17__tile_r0003_c0000,DM_Wilson_17.png,DM_Wilson,train
DM_Wilson_17__tile_r0003_c0001,DM_Wilson_17.png,DM_Wilson,train
DM_Wilson_17__tile_r0003_c0002,DM_Wilson_17.png,DM_Wilson,train
DM_Wilson_17__tile_r0003_c0003,DM_Wilson_17.png,DM_Wilson,train
DM_Wilson_17__tile_r0004_c0000,DM_Wilson_17.png,DM_Wilson,train
DM_Wilson_17__tile_r0004_c0001,DM_Wilson_17.png,DM_Wilson,train
DM_Wilson_17__tile_r0004_c0002,DM_Wilson_17.png,DM_Wilson,train
DM_Wilson_17__tile_r0004_c0003,DM_Wilson_17.png,DM_Wilson,train
DM_Wilson_17__tile_r0005_c0000,DM_Wilson_17.png,DM_Wilson,train
DM_Wilson_17__tile_r0005_c0001,DM_Wilson_17.png,DM_Wilson,train
DM_Wilson_17__tile_r0005_c0002,DM_Wilson_17.png,DM_Wilson,train
DM_Wilson_17__tile_r0005_c0003,DM_Wilson_17.png,DM_Wilson,train
DM_Wilson_17__tile_r0006_c0000,DM_Wilson_17.png,DM_Wilson,train
DM_Wilson_17__tile_r0006_c0001,DM_Wilson_17.png,DM_Wilson,train
DM_Wilson_17__tile_r0006_c0002,DM_Wilson_17.png,DM_Wilson,train
DM_Wilson_17__tile_r0006_c0003,DM_Wilson_17.png,DM_Wilson,train
DM_Wilson_17__tile_r0007_c0000,DM_Wilson_17.png,DM_Wilson,train
DM_Wilson_17__tile_r0007_c0001,DM_Wilson_17.png,DM_Wilson,train
DM_Wilson_17__tile_r0007_c0002,DM_Wilson_17.png,DM_Wilson,train
DM_Wilson_17__tile_r0007_c0003,DM_Wilson_17.png,DM_Wilson,train
DM_Wilson_17__tile_r0008_c0000,DM_Wilson_17.png,DM_Wilson,train
DM_Wilson_17__tile_r0008_c0001,DM_Wilson_17.png,DM_Wilson,train
DM_Wilson_17__tile_r0008_c0002,DM_Wilson_17.png,DM_Wilson,train
DM_Wilson_17__tile_r0008_c0003,DM_Wilson_17.png,DM_Wilson,train
DM_Wilson_17__tile_r0009_c0000,DM_Wilson_17.png,DM_Wilson,train
DM_Wilson_17__tile_r0009_c0001,DM_Wilson_17.png,DM_Wilson,train
DM_Wilson_17__tile_r0009_c0002,DM_Wilson_17.png,DM_Wilson,train
DM_Wilson_17__tile_r0009_c0003,DM_Wilson_17.png,DM_Wilson,train
DM_Wilson_17__tile_r0010_c0000,DM_Wilson_17.png,DM_Wilson,train
DM_Wilson_17__tile_r0010_c0001,DM_Wilson_17.png,DM_Wilson,train
DM_Wilson_17__tile_r0010_c0002,DM_Wilson_17.png,DM_Wilson,train
DM_Wilson_17__tile_r0010_c0003,DM_Wilson_17.png,DM_Wilson,train
DM_Wilson_17__tile_r0011_c0000,DM_Wilson_17.png,DM_Wilson,train
DM_Wilson_17__tile_r0011_c0001,DM_Wilson_17.png,DM_Wilson,train
DM_Wilson_17__tile_r0011_c0002,DM_Wilson_17.png,DM_Wilson,train
DM_Wilson_17__tile_r0011_c0003,DM_Wilson_17.png,DM_Wilson,train
DM_Wilson_17__tile_r0012_c0000,DM_Wilson_17.png,DM_Wilson,train
DM_Wilson_17__tile_r0012_c0001,DM_Wilson_17.png,DM_Wilson,train
DM_Wilson_17__tile_r0012_c0002,DM_Wilson_17.png,DM_Wilson,train
DM_Wilson_17__tile_r0012_c0003,DM_Wilson_17.png,DM_Wilson,train
DM_Wilson_17__tile_r0013_c0000,DM_Wilson_17.png,DM_Wilson,train
DM_Wilson_17__tile_r0013_c0001,DM_Wilson_17.png,DM_Wilson,train
DM_Wilson_17__tile_r0013_c0002,DM_Wilson_17.png,DM_Wilson,train
DM_Wilson_17__tile_r0013_c0003,DM_Wilson_17.png,DM_Wilson,train
DM_Wilson_17__tile_r0014_c0000,DM_Wilson_17.png,DM_Wilson,train
DM_Wilson_17__tile_r0014_c0001,DM_Wilson_17.png,DM_Wilson,train
DM_Wilson_17__tile_r0014_c0002,DM_Wilson_17.png,DM_Wilson,train
DM_Wilson_17__tile_r0014_c0003,DM_Wilson_17.png,DM_Wilson,train
DM_Wilson_17__tile_r0015_c0000,DM_Wilson_17.png,DM_Wilson,train
DM_Wilson_17__tile_r0015_c0001,DM_Wilson_17.png,DM_Wilson,train
DM_Wilson_17__tile_r0015_c0002,DM_Wilson_17.png,DM_Wilson,train
DM_Wilson_17__tile_r0015_c0003,DM_Wilson_17.png,DM_Wilson,train
DM_Wilson_17__tile_r0016_c0000,DM_Wilson_17.png,DM_Wilson,train
DM_Wilson_17__tile_r0016_c0001,DM_Wilson_17.png,DM_Wilson,train
DM_Wilson_17__tile_r0016_c0002,DM_Wilson_17.png,DM_Wilson,train
DM_Wilson_17__tile_r0016_c0003,DM_Wilson_17.png,DM_Wilson,train
DM_Wilson_17__tile_r0017_c0000,DM_Wilson_17.png,DM_Wilson,train
DM_Wilson_17__tile_r0017_c0001,DM_Wilson_17.png,DM_Wilson,train
DM_Wilson_17__tile_r0017_c0002,DM_Wilson_17.png,DM_Wilson,train
DM_Wilson_17__tile_r0017_c0003,DM_Wilson_17.png,DM_Wilson,train
DM_Wilson_17__tile_r0018_c0000,DM_Wilson_17.png,DM_Wilson,train
DM_Wilson_17__tile_r0018_c0001,DM_Wilson_17.png,DM_Wilson,train
DM_Wilson_17__tile_r0018_c0002,DM_Wilson_17.png,DM_Wilson,train
DM_Wilson_17__tile_r0018_c0003,DM_Wilson_17.png,DM_Wilson,train
DM_Wilson_17__tile_r0019_c0000,DM_Wilson_17.png,DM_Wilson,train
DM_Wilson_17__tile_r0019_c0001,DM_Wilson_17.png,DM_Wilson,train
DM_Wilson_17__tile_r0019_c0002,DM_Wilson_17.png,DM_Wilson,train
DM_Wilson_17__tile_r0019_c0003,DM_Wilson_17.png,DM_Wilson,train
DM_Wilson_17__tile_r0020_c0000,DM_Wilson_17.png,DM_Wilson,train
DM_Wilson_17__tile_r0020_c0001,DM_Wilson_17.png,DM_Wilson,train
DM_Wilson_17__tile_r0020_c0002,DM_Wilson_17.png,DM_Wilson,train
DM_Wilson_17__tile_r0020_c0003,DM_Wilson_17.png,DM_Wilson,train
DM_Wilson_17__tile_r0021_c0000,DM_Wilson_17.png,DM_Wilson,train
DM_Wilson_17__tile_r0021_c0001,DM_Wilson_17.png,DM_Wilson,train
DM_Wilson_17__tile_r0021_c0002,DM_Wilson_17.png,DM_Wilson,train
DM_Wilson_17__tile_r0021_c0003,DM_Wilson_17.png,DM_Wilson,train
DM_Wilson_17__tile_r0022_c0000,DM_Wilson_17.png,DM_Wilson,train
DM_Wilson_17__tile_r0022_c0001,DM_Wilson_17.png,DM_Wilson,train
DM_Wilson_17__tile_r0022_c0002,DM_Wilson_17.png,DM_Wilson,train
DM_Wilson_17__tile_r0022_c0003,DM_Wilson_17.png,DM_Wilson,train
DM_Wilson_17__tile_r0023_c0000,DM_Wilson_17.png,DM_Wilson,train
DM_Wilson_17__tile_r0023_c0001,DM_Wilson_17.png,DM_Wilson,train
DM_Wilson_17__tile_r0023_c0002,DM_Wilson_17.png,DM_Wilson,train
DM_Wilson_17__tile_r0023_c0003,DM_Wilson_17.png,DM_Wilson,train
DM_Wilson_17__tile_r0024_c0000,DM_Wilson_17.png,DM_Wilson,train
DM_Wilson_17__tile_r0024_c0001,DM_Wilson_17.png,DM_Wilson,train
DM_Wilson_17__tile_r0024_c0002,DM_Wilson_17.png,DM_Wilson,train
DM_Wilson_17__tile_r0024_c0003,DM_Wilson_17.png,DM_Wilson,train
DM_Wilson_17__tile_r0025_c0000,DM_Wilson_17.png,DM_Wilson,train
DM_Wilson_17__tile_r0025_c0001,DM_Wilson_17.png,DM_Wilson,train
DM_Wilson_17__tile_r0025_c0002,DM_Wilson_17.png,DM_Wilson,train
DM_Wilson_17__tile_r0025_c0003,DM_Wilson_17.png,DM_Wilson,train
DM_Wilson_17__tile_r0026_c0000,DM_Wilson_17.png,DM_Wilson,train
DM_Wilson_17__tile_r0026_c0001,DM_Wilson_17.png,DM_Wilson,train
DM_Wilson_17__tile_r0026_c0002,DM_Wilson_17.png,DM_Wilson,train
DM_Wilson_17__tile_r0026_c0003,DM_Wilson_17.png,DM_Wilson,train
DM_Wilson_17__tile_r0027_c0000,DM_Wilson_17.png,DM_Wilson,train
DM_Wilson_17__tile_r0027_c0001,DM_Wilson_17.png,DM_Wilson,train
DM_Wilson_17__tile_r0027_c0002,DM_Wilson_17.png,DM_Wilson,train
DM_Wilson_17__tile_r0027_c0003,DM_Wilson_17.png,DM_Wilson,train
DM_Wilson_17__tile_r0028_c0000,DM_Wilson_17.png,DM_Wilson,train
DM_Wilson_17__tile_r0028_c0001,DM_Wilson_17.png,DM_Wilson,train
DM_Wilson_17__tile_r0028_c0002,DM_Wilson_17.png,DM_Wilson,train
DM_Wilson_17__tile_r0028_c0003,DM_Wilson_17.png,DM_Wilson,train
DM_Wilson_17__tile_r0029_c0000,DM_Wilson_17.png,DM_Wilson,train
DM_Wilson_17__tile_r0029_c0001,DM_Wilson_17.png,DM_Wilson,train
DM_Wilson_17__tile_r0029_c0002,DM_Wilson_17.png,DM_Wilson,train
DM_Wilson_17__tile_r0029_c0003,DM_Wilson_17.png,DM_Wilson,train
DM_Wilson_17__tile_r0030_c0000,DM_Wilson_17.png,DM_Wilson,train
DM_Wilson_17__tile_r0030_c0001,DM_Wilson_17.png,DM_Wilson,train
DM_Wilson_17__tile_r0030_c0002,DM_Wilson_17.png,DM_Wilson,train
DM_Wilson_17__tile_r0030_c0003,DM_Wilson_17.png,DM_Wilson,train
DM_Wilson_17__tile_r0031_c0000,DM_Wilson_17.png,DM_Wilson,train
DM_Wilson_17__tile_r0031_c0001,DM_Wilson_17.png,DM_Wilson,train
DM_Wilson_17__tile_r0031_c0002,DM_Wilson_17.png,DM_Wilson,train
DM_Wilson_17__tile_r0031_c0003,DM_Wilson_17.png,DM_Wilson,train
DM_Wilson_17__tile_r0032_c0000,DM_Wilson_17.png,DM_Wilson,train
DM_Wilson_17__tile_r0032_c0001,DM_Wilson_17.png,DM_Wilson,train
DM_Wilson_17__tile_r0032_c0002,DM_Wilson_17.png,DM_Wilson,train
DM_Wilson_17__tile_r0032_c0003,DM_Wilson_17.png,DM_Wilson,train
DM_Wilson_17__tile_r0033_c0000,DM_Wilson_17.png,DM_Wilson,train
DM_Wilson_17__tile_r0033_c0001,DM_Wilson_17.png,DM_Wilson,train
DM_Wilson_17__tile_r0033_c0002,DM_Wilson_17.png,DM_Wilson,train
DM_Wilson_17__tile_r0033_c0003,DM_Wilson_17.png,DM_Wilson,train
DM_Wilson_17__tile_r0034_c0000,DM_Wilson_17.png,DM_Wilson,train
DM_Wilson_17__tile_r0034_c0001,DM_Wilson_17.png,DM_Wilson,train
DM_Wilson_17__tile_r0034_c0002,DM_Wilson_17.png,DM_Wilson,train
DM_Wilson_17__tile_r0034_c0003,DM_Wilson_17.png,DM_Wilson,train
DM_Wilson_17__tile_r0035_c0000,DM_Wilson_17.png,DM_Wilson,train
DM_Wilson_17__tile_r0035_c0001,DM_Wilson_17.png,DM_Wilson,train
DM_Wilson_17__tile_r0035_c0002,DM_Wilson_17.png,DM_Wilson,train
DM_Wilson_17__tile_r0035_c0003,DM_Wilson_17.png,DM_Wilson,train
DM_Wilson_18__tile_r0000_c0000,DM_Wilson_18.png,DM_Wilson,train
DM_Wilson_18__tile_r0000_c0001,DM_Wilson_18.png,DM_Wilson,train
DM_Wilson_18__tile_r0000_c0002,DM_Wilson_18.png,DM_Wilson,train
DM_Wilson_18__tile_r0000_c0003,DM_Wilson_18.png,DM_Wilson,train
DM_Wilson_19__tile_r0000_c0000,DM_Wilson_19.png,DM_Wilson,train
DM_Wilson_19__tile_r0000_c0001,DM_Wilson_19.png,DM_Wilson,train
DM_Wilson_19__tile_r0000_c0002,DM_Wilson_19.png,DM_Wilson,train
DM_Wilson_19__tile_r0000_c0003,DM_Wilson_19.png,DM_Wilson,train
DM_Wilson_19__tile_r0001_c0000,DM_Wilson_19.png,DM_Wilson,train
DM_Wilson_19__tile_r0001_c0001,DM_Wilson_19.png,DM_Wilson,train
DM_Wilson_19__tile_r0001_c0002,DM_Wilson_19.png,DM_Wilson,train
DM_Wilson_19__tile_r0001_c0003,DM_Wilson_19.png,DM_Wilson,train
DM_Wilson_19__tile_r0002_c0000,DM_Wilson_19.png,DM_Wilson,train
DM_Wilson_19__tile_r0002_c0001,DM_Wilson_19.png,DM_Wilson,train
DM_Wilson_19__tile_r0002_c0002,DM_Wilson_19.png,DM_Wilson,train
DM_Wilson_19__tile_r0002_c0003,DM_Wilson_19.png,DM_Wilson,train
DM_Wilson_19__tile_r0003_c0000,DM_Wilson_19.png,DM_Wilson,train
DM_Wilson_19__tile_r0003_c0001,DM_Wilson_19.png,DM_Wilson,train
DM_Wilson_19__tile_r0003_c0002,DM_Wilson_19.png,DM_Wilson,train
DM_Wilson_19__tile_r0003_c0003,DM_Wilson_19.png,DM_Wilson,train
DM_Wilson_19__tile_r0004_c0000,DM_Wilson_19.png,DM_Wilson,train
DM_Wilson_19__tile_r0004_c0001,DM_Wilson_19.png,DM_Wilson,train
DM_Wilson_19__tile_r0004_c0002,DM_Wilson_19.png,DM_Wilson,train
DM_Wilson_19__tile_r0004_c0003,DM_Wilson_19.png,DM_Wilson,train
DM_Wilson_19__tile_r0005_c0000,DM_Wilson_19.png,DM_Wilson,train
DM_Wilson_19__tile_r0005_c0001,DM_Wilson_19.png,DM_Wilson,train
DM_Wilson_19__tile_r0005_c0002,DM_Wilson_19.png,DM_Wilson,train
DM_Wilson_19__tile_r0005_c0003,DM_Wilson_19.png,DM_Wilson,train
DM_Wilson_19__tile_r0006_c0000,DM_Wilson_19.png,DM_Wilson,train
DM_Wilson_19__tile_r0006_c0001,DM_Wilson_19.png,DM_Wilson,train
DM_Wilson_19__tile_r0006_c0002,DM_Wilson_19.png,DM_Wilson,train
DM_Wilson_19__tile_r0006_c0003,DM_Wilson_19.png,DM_Wilson,train
DM_Wilson_19__tile_r0007_c0000,DM_Wilson_19.png,DM_Wilson,train
DM_Wilson_19__tile_r0007_c0001,DM_Wilson_19.png,DM_Wilson,train
DM_Wilson_19__tile_r0007_c0002,DM_Wilson_19.png,DM_Wilson,train
DM_Wilson_19__tile_r0007_c0003,DM_Wilson_19.png,DM_Wilson,train
DM_Wilson_19__tile_r0008_c0000,DM_Wilson_19.png,DM_Wilson,train
DM_Wilson_19__tile_r0008_c0001,DM_Wilson_19.png,DM_Wilson,train
DM_Wilson_19__tile_r0008_c0002,DM_Wilson_19.png,DM_Wilson,train
DM_Wilson_19__tile_r0008_c0003,DM_Wilson_19.png,DM_Wilson,train
DM_Wilson_19__tile_r0009_c0000,DM_Wilson_19.png,DM_Wilson,train
DM_Wilson_19__tile_r0009_c0001,DM_Wilson_19.png,DM_Wilson,train
DM_Wilson_19__tile_r0009_c0002,DM_Wilson_19.png,DM_Wilson,train
DM_Wilson_19__tile_r0009_c0003,DM_Wilson_19.png,DM_Wilson,train
DM_Wilson_19__tile_r0010_c0000,DM_Wilson_19.png,DM_Wilson,train
DM_Wilson_19__tile_r0010_c0001,DM_Wilson_19.png,DM_Wilson,train
DM_Wilson_19__tile_r0010_c0002,DM_Wilson_19.png,DM_Wilson,train
DM_Wilson_19__tile_r0010_c0003,DM_Wilson_19.png,DM_Wilson,train
DM_Wilson_19__tile_r0011_c0000,DM_Wilson_19.png,DM_Wilson,train
DM_Wilson_19__tile_r0011_c0001,DM_Wilson_19.png,DM_Wilson,train
DM_Wilson_19__tile_r0011_c0002,DM_Wilson_19.png,DM_Wilson,train
DM_Wilson_19__tile_r0011_c0003,DM_Wilson_19.png,DM_Wilson,train
DM_Wilson_19__tile_r0012_c0000,DM_Wilson_19.png,DM_Wilson,train
DM_Wilson_19__tile_r0012_c0001,DM_Wilson_19.png,DM_Wilson,train
DM_Wilson_19__tile_r0012_c0002,DM_Wilson_19.png,DM_Wilson,train
DM_Wilson_19__tile_r0012_c0003,DM_Wilson_19.png,DM_Wilson,train
DM_Wilson_19__tile_r0013_c0000,DM_Wilson_19.png,DM_Wilson,train
DM_Wilson_19__tile_r0013_c0001,DM_Wilson_19.png,DM_Wilson,train
DM_Wilson_19__tile_r0013_c0002,DM_Wilson_19.png,DM_Wilson,train
DM_Wilson_19__tile_r0013_c0003,DM_Wilson_19.png,DM_Wilson,train
DM_Wilson_19__tile_r0014_c0000,DM_Wilson_19.png,DM_Wilson,train
DM_Wilson_19__tile_r0014_c0001,DM_Wilson_19.png,DM_Wilson,train
DM_Wilson_19__tile_r0014_c0002,DM_Wilson_19.png,DM_Wilson,train
DM_Wilson_19__tile_r0014_c0003,DM_Wilson_19.png,DM_Wilson,train
DM_Wilson_19__tile_r0015_c0000,DM_Wilson_19.png,DM_Wilson,train
DM_Wilson_19__tile_r0015_c0001,DM_Wilson_19.png,DM_Wilson,train
DM_Wilson_19__tile_r0015_c0002,DM_Wilson_19.png,DM_Wilson,train
DM_Wilson_19__tile_r0015_c0003,DM_Wilson_19.png,DM_Wilson,train
DM_Wilson_19__tile_r0016_c0000,DM_Wilson_19.png,DM_Wilson,train
DM_Wilson_19__tile_r0016_c0001,DM_Wilson_19.png,DM_Wilson,train
DM_Wilson_19__tile_r0016_c0002,DM_Wilson_19.png,DM_Wilson,train
DM_Wilson_19__tile_r0016_c0003,DM_Wilson_19.png,DM_Wilson,train
DM_Wilson_19__tile_r0017_c0000,DM_Wilson_19.png,DM_Wilson,train
DM_Wilson_19__tile_r0017_c0001,DM_Wilson_19.png,DM_Wilson,train
DM_Wilson_19__tile_r0017_c0002,DM_Wilson_19.png,DM_Wilson,train
DM_Wilson_19__tile_r0017_c0003,DM_Wilson_19.png,DM_Wilson,train
DM_Wilson_19__tile_r0018_c0000,DM_Wilson_19.png,DM_Wilson,train
DM_Wilson_19__tile_r0018_c0001,DM_Wilson_19.png,DM_Wilson,train
DM_Wilson_19__tile_r0018_c0002,DM_Wilson_19.png,DM_Wilson,train
DM_Wilson_19__tile_r0018_c0003,DM_Wilson_19.png,DM_Wilson,train
DM_Wilson_19__tile_r0019_c0000,DM_Wilson_19.png,DM_Wilson,train
DM_Wilson_19__tile_r0019_c0001,DM_Wilson_19.png,DM_Wilson,train
DM_Wilson_19__tile_r0019_c0002,DM_Wilson_19.png,DM_Wilson,train
DM_Wilson_19__tile_r0019_c0003,DM_Wilson_19.png,DM_Wilson,train
DM_Wilson_19__tile_r0020_c0000,DM_Wilson_19.png,DM_Wilson,train
DM_Wilson_19__tile_r0020_c0001,DM_Wilson_19.png,DM_Wilson,train
DM_Wilson_19__tile_r0020_c0002,DM_Wilson_19.png,DM_Wilson,train
DM_Wilson_19__tile_r0020_c0003,DM_Wilson_19.png,DM_Wilson,train
DM_Wilson_19__tile_r0021_c0000,DM_Wilson_19.png,DM_Wilson,train
DM_Wilson_19__tile_r0021_c0001,DM_Wilson_19.png,DM_Wilson,train
DM_Wilson_19__tile_r0021_c0002,DM_Wilson_19.png,DM_Wilson,train
DM_Wilson_19__tile_r0021_c0003,DM_Wilson_19.png,DM_Wilson,train
DM_Wilson_19__tile_r0022_c0000,DM_Wilson_19.png,DM_Wilson,train
DM_Wilson_19__tile_r0022_c0001,DM_Wilson_19.png,DM_Wilson,train
DM_Wilson_19__tile_r0022_c0002,DM_Wilson_19.png,DM_Wilson,train
DM_Wilson_19__tile_r0022_c0003,DM_Wilson_19.png,DM_Wilson,train
DM_Wilson_19__tile_r0023_c0000,DM_Wilson_19.png,DM_Wilson,train
DM_Wilson_19__tile_r0023_c0001,DM_Wilson_19.png,DM_Wilson,train
DM_Wilson_19__tile_r0023_c0002,DM_Wilson_19.png,DM_Wilson,train
DM_Wilson_19__tile_r0023_c0003,DM_Wilson_19.png,DM_Wilson,train
DM_Wilson_19__tile_r0024_c0000,DM_Wilson_19.png,DM_Wilson,train
DM_Wilson_19__tile_r0024_c0001,DM_Wilson_19.png,DM_Wilson,train
DM_Wilson_19__tile_r0024_c0002,DM_Wilson_19.png,DM_Wilson,train
DM_Wilson_19__tile_r0024_c0003,DM_Wilson_19.png,DM_Wilson,train
DM_Wilson_19__tile_r0025_c0000,DM_Wilson_19.png,DM_Wilson,train
DM_Wilson_19__tile_r0025_c0001,DM_Wilson_19.png,DM_Wilson,train
DM_Wilson_19__tile_r0025_c0002,DM_Wilson_19.png,DM_Wilson,train
DM_Wilson_19__tile_r0025_c0003,DM_Wilson_19.png,DM_Wilson,train
DM_Wilson_19__tile_r0026_c0000,DM_Wilson_19.png,DM_Wilson,train
DM_Wilson_19__tile_r0026_c0001,DM_Wilson_19.png,DM_Wilson,train
DM_Wilson_19__tile_r0026_c0002,DM_Wilson_19.png,DM_Wilson,train
DM_Wilson_19__tile_r0026_c0003,DM_Wilson_19.png,DM_Wilson,train
DM_Wilson_19__tile_r0027_c0000,DM_Wilson_19.png,DM_Wilson,train
DM_Wilson_19__tile_r0027_c0001,DM_Wilson_19.png,DM_Wilson,train
DM_Wilson_19__tile_r0027_c0002,DM_Wilson_19.png,DM_Wilson,train
DM_Wilson_19__tile_r0027_c0003,DM_Wilson_19.png,DM_Wilson,train
DM_Wilson_19__tile_r0028_c0000,DM_Wilson_19.png,DM_Wilson,train
DM_Wilson_19__tile_r0028_c0001,DM_Wilson_19.png,DM_Wilson,train
DM_Wilson_19__tile_r0028_c0002,DM_Wilson_19.png,DM_Wilson,train
DM_Wilson_19__tile_r0028_c0003,DM_Wilson_19.png,DM_Wilson,train
DM_Wilson_19__tile_r0029_c0000,DM_Wilson_19.png,DM_Wilson,train
DM_Wilson_19__tile_r0029_c0001,DM_Wilson_19.png,DM_Wilson,train
DM_Wilson_19__tile_r0029_c0002,DM_Wilson_19.png,DM_Wilson,train
DM_Wilson_19__tile_r0029_c0003,DM_Wilson_19.png,DM_Wilson,train
DM_Wilson_19__tile_r0030_c0000,DM_Wilson_19.png,DM_Wilson,train
DM_Wilson_19__tile_r0030_c0001,DM_Wilson_19.png,DM_Wilson,train
DM_Wilson_19__tile_r0030_c0002,DM_Wilson_19.png,DM_Wilson,train
DM_Wilson_19__tile_r0030_c0003,DM_Wilson_19.png,DM_Wilson,train
DM_Wilson_19__tile_r0031_c0000,DM_Wilson_19.png,DM_Wilson,train
DM_Wilson_19__tile_r0031_c0001,DM_Wilson_19.png,DM_Wilson,train
DM_Wilson_19__tile_r0031_c0002,DM_Wilson_19.png,DM_Wilson,train
DM_Wilson_19__tile_r0031_c0003,DM_Wilson_19.png,DM_Wilson,train
DM_Wilson_19__tile_r0032_c0000,DM_Wilson_19.png,DM_Wilson,train
DM_Wilson_19__tile_r0032_c0001,DM_Wilson_19.png,DM_Wilson,train
DM_Wilson_19__tile_r0032_c0002,DM_Wilson_19.png,DM_Wilson,train
DM_Wilson_19__tile_r0032_c0003,DM_Wilson_19.png,DM_Wilson,train
DM_Wilson_19__tile_r0033_c0000,DM_Wilson_19.png,DM_Wilson,train
DM_Wilson_19__tile_r0033_c0001,DM_Wilson_19.png,DM_Wilson,train
DM_Wilson_19__tile_r0033_c0002,DM_Wilson_19.png,DM_Wilson,train
DM_Wilson_19__tile_r0033_c0003,DM_Wilson_19.png,DM_Wilson,train
DM_Wilson_19__tile_r0034_c0000,DM_Wilson_19.png,DM_Wilson,train
DM_Wilson_19__tile_r0034_c0001,DM_Wilson_19.png,DM_Wilson,train
DM_Wilson_19__tile_r0034_c0002,DM_Wilson_19.png,DM_Wilson,train
DM_Wilson_19__tile_r0034_c0003,DM_Wilson_19.png,DM_Wilson,train
DM_Wilson_19__tile_r0035_c0000,DM_Wilson_19.png,DM_Wilson,train
DM_Wilson_19__tile_r0035_c0001,DM_Wilson_19.png,DM_Wilson,train
DM_Wilson_19__tile_r0035_c0002,DM_Wilson_19.png,DM_Wilson,train
DM_Wilson_19__tile_r0035_c0003,DM_Wilson_19.png,DM_Wilson,train
DM_Wilson_20__tile_r0000_c0000,DM_Wilson_20.png,DM_Wilson,train
DM_Wilson_20__tile_r0000_c0001,DM_Wilson_20.png,DM_Wilson,train
DM_Wilson_20__tile_r0000_c0002,DM_Wilson_20.png,DM_Wilson,train
DM_Wilson_20__tile_r0000_c0003,DM_Wilson_20.png,DM_Wilson,train
DM_Wilson_20__tile_r0001_c0000,DM_Wilson_20.png,DM_Wilson,train
DM_Wilson_20__tile_r0001_c0001,DM_Wilson_20.png,DM_Wilson,train
DM_Wilson_20__tile_r0001_c0002,DM_Wilson_20.png,DM_Wilson,train
DM_Wilson_20__tile_r0001_c0003,DM_Wilson_20.png,DM_Wilson,train
DM_Wilson_20__tile_r0002_c0000,DM_Wilson_20.png,DM_Wilson,train
DM_Wilson_20__tile_r0002_c0001,DM_Wilson_20.png,DM_Wilson,train
DM_Wilson_20__tile_r0002_c0002,DM_Wilson_20.png,DM_Wilson,train
DM_Wilson_20__tile_r0002_c0003,DM_Wilson_20.png,DM_Wilson,train
DM_Wilson_20__tile_r0003_c0000,DM_Wilson_20.png,DM_Wilson,train
DM_Wilson_20__tile_r0003_c0001,DM_Wilson_20.png,DM_Wilson,train
DM_Wilson_20__tile_r0003_c0002,DM_Wilson_20.png,DM_Wilson,train
DM_Wilson_20__tile_r0003_c0003,DM_Wilson_20.png,DM_Wilson,train
DM_Wilson_20__tile_r0004_c0000,DM_Wilson_20.png,DM_Wilson,train
DM_Wilson_20__tile_r0004_c0001,DM_Wilson_20.png,DM_Wilson,train
DM_Wilson_20__tile_r0004_c0002,DM_Wilson_20.png,DM_Wilson,train
DM_Wilson_20__tile_r0004_c0003,DM_Wilson_20.png,DM_Wilson,train
DM_Wilson_20__tile_r0005_c0000,DM_Wilson_20.png,DM_Wilson,train
DM_Wilson_20__tile_r0005_c0001,DM_Wilson_20.png,DM_Wilson,train
DM_Wilson_20__tile_r0005_c0002,DM_Wilson_20.png,DM_Wilson,train
DM_Wilson_20__tile_r0005_c0003,DM_Wilson_20.png,DM_Wilson,train
DM_Wilson_20__tile_r0006_c0000,DM_Wilson_20.png,DM_Wilson,train
DM_Wilson_20__tile_r0006_c0001,DM_Wilson_20.png,DM_Wilson,train
DM_Wilson_20__tile_r0006_c0002,DM_Wilson_20.png,DM_Wilson,train
DM_Wilson_20__tile_r0006_c0003,DM_Wilson_20.png,DM_Wilson,train
DM_Wilson_20__tile_r0007_c0000,DM_Wilson_20.png,DM_Wilson,train
DM_Wilson_20__tile_r0007_c0001,DM_Wilson_20.png,DM_Wilson,train
DM_Wilson_20__tile_r0007_c0002,DM_Wilson_20.png,DM_Wilson,train
DM_Wilson_20__tile_r0007_c0003,DM_Wilson_20.png,DM_Wilson,train
DM_Wilson_20__tile_r0008_c0000,DM_Wilson_20.png,DM_Wilson,train
DM_Wilson_20__tile_r0008_c0001,DM_Wilson_20.png,DM_Wilson,train
DM_Wilson_20__tile_r0008_c0002,DM_Wilson_20.png,DM_Wilson,train
DM_Wilson_20__tile_r0008_c0003,DM_Wilson_20.png,DM_Wilson,train
DM_Wilson_20__tile_r0009_c0000,DM_Wilson_20.png,DM_Wilson,train
DM_Wilson_20__tile_r0009_c0001,DM_Wilson_20.png,DM_Wilson,train
DM_Wilson_20__tile_r0009_c0002,DM_Wilson_20.png,DM_Wilson,train
DM_Wilson_20__tile_r0009_c0003,DM_Wilson_20.png,DM_Wilson,train
DM_Wilson_20__tile_r0010_c0000,DM_Wilson_20.png,DM_Wilson,train
DM_Wilson_20__tile_r0010_c0001,DM_Wilson_20.png,DM_Wilson,train
DM_Wilson_20__tile_r0010_c0002,DM_Wilson_20.png,DM_Wilson,train
DM_Wilson_20__tile_r0010_c0003,DM_Wilson_20.png,DM_Wilson,train
DM_Wilson_20__tile_r0011_c0000,DM_Wilson_20.png,DM_Wilson,train
DM_Wilson_20__tile_r0011_c0001,DM_Wilson_20.png,DM_Wilson,train
DM_Wilson_20__tile_r0011_c0002,DM_Wilson_20.png,DM_Wilson,train
DM_Wilson_20__tile_r0011_c0003,DM_Wilson_20.png,DM_Wilson,train
DM_Wilson_20__tile_r0012_c0000,DM_Wilson_20.png,DM_Wilson,train
DM_Wilson_20__tile_r0012_c0001,DM_Wilson_20.png,DM_Wilson,train
DM_Wilson_20__tile_r0012_c0002,DM_Wilson_20.png,DM_Wilson,train
DM_Wilson_20__tile_r0012_c0003,DM_Wilson_20.png,DM_Wilson,train
DM_Wilson_20__tile_r0013_c0000,DM_Wilson_20.png,DM_Wilson,train
DM_Wilson_20__tile_r0013_c0001,DM_Wilson_20.png,DM_Wilson,train
DM_Wilson_20__tile_r0013_c0002,DM_Wilson_20.png,DM_Wilson,train
DM_Wilson_20__tile_r0013_c0003,DM_Wilson_20.png,DM_Wilson,train
DM_Wilson_20__tile_r0014_c0000,DM_Wilson_20.png,DM_Wilson,train
DM_Wilson_20__tile_r0014_c0001,DM_Wilson_20.png,DM_Wilson,train
DM_Wilson_20__tile_r0014_c0002,DM_Wilson_20.png,DM_Wilson,train
DM_Wilson_20__tile_r0014_c0003,DM_Wilson_20.png,DM_Wilson,train
DM_Wilson_20__tile_r0015_c0000,DM_Wilson_20.png,DM_Wilson,train
DM_Wilson_20__tile_r0015_c0001,DM_Wilson_20.png,DM_Wilson,train
DM_Wilson_20__tile_r0015_c0002,DM_Wilson_20.png,DM_Wilson,train
DM_Wilson_20__tile_r0015_c0003,DM_Wilson_20.png,DM_Wilson,train
DM_Wilson_20__tile_r0016_c0000,DM_Wilson_20.png,DM_Wilson,train
DM_Wilson_20__tile_r0016_c0001,DM_Wilson_20.png,DM_Wilson,train
DM_Wilson_20__tile_r0016_c0002,DM_Wilson_20.png,DM_Wilson,train
DM_Wilson_20__tile_r0016_c0003,DM_Wilson_20.png,DM_Wilson,train
DM_Wilson_20__tile_r0017_c0000,DM_Wilson_20.png,DM_Wilson,train
DM_Wilson_20__tile_r0017_c0001,DM_Wilson_20.png,DM_Wilson,train
DM_Wilson_20__tile_r0017_c0002,DM_Wilson_20.png,DM_Wilson,train
DM_Wilson_20__tile_r0017_c0003,DM_Wilson_20.png,DM_Wilson,train
DM_Wilson_20__tile_r0018_c0000,DM_Wilson_20.png,DM_Wilson,train
DM_Wilson_20__tile_r0018_c0001,DM_Wilson_20.png,DM_Wilson,train
DM_Wilson_20__tile_r0018_c0002,DM_Wilson_20.png,DM_Wilson,train
DM_Wilson_20__tile_r0018_c0003,DM_Wilson_20.png,DM_Wilson,train
DM_Wilson_20__tile_r0019_c0000,DM_Wilson_20.png,DM_Wilson,train
DM_Wilson_20__tile_r0019_c0001,DM_Wilson_20.png,DM_Wilson,train
DM_Wilson_20__tile_r0019_c0002,DM_Wilson_20.png,DM_Wilson,train
DM_Wilson_20__tile_r0019_c0003,DM_Wilson_20.png,DM_Wilson,train
DM_Wilson_20__tile_r0020_c0000,DM_Wilson_20.png,DM_Wilson,train
DM_Wilson_20__tile_r0020_c0001,DM_Wilson_20.png,DM_Wilson,train
DM_Wilson_20__tile_r0020_c0002,DM_Wilson_20.png,DM_Wilson,train
DM_Wilson_20__tile_r0020_c0003,DM_Wilson_20.png,DM_Wilson,train
DM_Wilson_20__tile_r0021_c0000,DM_Wilson_20.png,DM_Wilson,train
DM_Wilson_20__tile_r0021_c0001,DM_Wilson_20.png,DM_Wilson,train
DM_Wilson_20__tile_r0021_c0002,DM_Wilson_20.png,DM_Wilson,train
DM_Wilson_20__tile_r0021_c0003,DM_Wilson_20.png,DM_Wilson,train
DM_Wilson_20__tile_r0022_c0000,DM_Wilson_20.png,DM_Wilson,train
DM_Wilson_20__tile_r0022_c0001,DM_Wilson_20.png,DM_Wilson,train
DM_Wilson_20__tile_r0022_c0002,DM_Wilson_20.png,DM_Wilson,train
DM_Wilson_20__tile_r0022_c0003,DM_Wilson_20.png,DM_Wilson,train
DM_Wilson_20__tile_r0023_c0000,DM_Wilson_20.png,DM_Wilson,train
DM_Wilson_20__tile_r0023_c0001,DM_Wilson_20.png,DM_Wilson,train
DM_Wilson_20__tile_r0023_c0002,DM_Wilson_20.png,DM_Wilson,train
DM_Wilson_20__tile_r0023_c0003,DM_Wilson_20.png,DM_Wilson,train
DM_Wilson_20__tile_r0024_c0000,DM_Wilson_20.png,DM_Wilson,train
DM_Wilson_20__tile_r0024_c0001,DM_Wilson_20.png,DM_Wilson,train
DM_Wilson_20__tile_r0024_c0002,DM_Wilson_20.png,DM_Wilson,train
DM_Wilson_20__tile_r0024_c0003,DM_Wilson_20.png,DM_Wilson,train
DM_Wilson_20__tile_r0025_c0000,DM_Wilson_20.png,DM_Wilson,train
DM_Wilson_20__tile_r0025_c0001,DM_Wilson_20.png,DM_Wilson,train
DM_Wilson_20__tile_r0025_c0002,DM_Wilson_20.png,DM_Wilson,train
DM_Wilson_20__tile_r0025_c0003,DM_Wilson_20.png,DM_Wilson,train
DM_Wilson_20__tile_r0026_c0000,DM_Wilson_20.png,DM_Wilson,train
DM_Wilson_20__tile_r0026_c0001,DM_Wilson_20.png,DM_Wilson,train
DM_Wilson_20__tile_r0026_c0002,DM_Wilson_20.png,DM_Wilson,train
DM_Wilson_20__tile_r0026_c0003,DM_Wilson_20.png,DM_Wilson,train
DM_Wilson_20__tile_r0027_c0000,DM_Wilson_20.png,DM_Wilson,train
DM_Wilson_20__tile_r0027_c0001,DM_Wilson_20.png,DM_Wilson,train
DM_Wilson_20__tile_r0027_c0002,DM_Wilson_20.png,DM_Wilson,train
DM_Wilson_20__tile_r0027_c0003,DM_Wilson_20.png,DM_Wilson,train
DM_Wilson_20__tile_r0028_c0000,DM_Wilson_20.png,DM_Wilson,train
DM_Wilson_20__tile_r0028_c0001,DM_Wilson_20.png,DM_Wilson,train
DM_Wilson_20__tile_r0028_c0002,DM_Wilson_20.png,DM_Wilson,train
DM_Wilson_20__tile_r0028_c0003,DM_Wilson_20.png,DM_Wilson,train
DM_Wilson_20__tile_r0029_c0000,DM_Wilson_20.png,DM_Wilson,train
DM_Wilson_20__tile_r0029_c0001,DM_Wilson_20.png,DM_Wilson,train
DM_Wilson_20__tile_r0029_c0002,DM_Wilson_20.png,DM_Wilson,train
DM_Wilson_20__tile_r0029_c0003,DM_Wilson_20.png,DM_Wilson,train
DM_Wilson_20__tile_r0030_c0000,DM_Wilson_20.png,DM_Wilson,train
DM_Wilson_20__tile_r0030_c0001,DM_Wilson_20.png,DM_Wilson,train
DM_Wilson_20__tile_r0030_c0002,DM_Wilson_20.png,DM_Wilson,train
DM_Wilson_20__tile_r0030_c0003,DM_Wilson_20.png,DM_Wilson,train
DM_Wilson_20__tile_r0031_c0000,DM_Wilson_20.png,DM_Wilson,train
DM_Wilson_20__tile_r0031_c0001,DM_Wilson_20.png,DM_Wilson,train
DM_Wilson_20__tile_r0031_c0002,DM_Wilson_20.png,DM_Wilson,train
DM_Wilson_20__tile_r0031_c0003,DM_Wilson_20.png,DM_Wilson,train
DM_Wilson_20__tile_r0032_c0000,DM_Wilson_20.png,DM_Wilson,train
DM_Wilson_20__tile_r0032_c0001,DM_Wilson_20.png,DM_Wilson,train
DM_Wilson_20__tile_r0032_c0002,DM_Wilson_20.png,DM_Wilson,train
DM_Wilson_20__tile_r0032_c0003,DM_Wilson_20.png,DM_Wilson,train
DM_Wilson_20__tile_r0033_c0000,DM_Wilson_20.png,DM_Wilson,train
DM_Wilson_20__tile_r0033_c0001,DM_Wilson_20.png,DM_Wilson,train
DM_Wilson_20__tile_r0033_c0002,DM_Wilson_20.png,DM_Wilson,train
DM_Wilson_20__tile_r0033_c0003,DM_Wilson_20.png,DM_Wilson,train
DM_Wilson_20__tile_r0034_c0000,DM_Wilson_20.png,DM_Wilson,train
DM_Wilson_20__tile_r0034_c0001,DM_Wilson_20.png,DM_Wilson,train
DM_Wilson_20__tile_r0034_c0002,DM_Wilson_20.png,DM_Wilson,train
DM_Wilson_20__tile_r0034_c0003,DM_Wilson_20.png,DM_Wilson,train
DM_Wilson_20__tile_r0035_c0000,DM_Wilson_20.png,DM_Wilson,train
DM_Wilson_20__tile_r0035_c0001,DM_Wilson_20.png,DM_Wilson,train
DM_Wilson_20__tile_r0035_c0002,DM_Wilson_20.png,DM_Wilson,train
DM_Wilson_20__tile_r0035_c0003,DM_Wilson_20.png,DM_Wilson,train
DM_Wilson_21__tile_r0000_c0000,DM_Wilson_21.png,DM_Wilson,train
DM_Wilson_21__tile_r0000_c0001,DM_Wilson_21.png,DM_Wilson,train
DM_Wilson_21__tile_r0000_c0002,DM_Wilson_21.png,DM_Wilson,train
DM_Wilson_21__tile_r0000_c0003,DM_Wilson_21.png,DM_Wilson,train
DM_Wilson_21__tile_r0001_c0000,DM_Wilson_21.png,DM_Wilson,train
DM_Wilson_21__tile_r0001_c0001,DM_Wilson_21.png,DM_Wilson,train
DM_Wilson_21__tile_r0001_c0002,DM_Wilson_21.png,DM_Wilson,train
DM_Wilson_21__tile_r0001_c0003,DM_Wilson_21.png,DM_Wilson,train
DM_Wilson_21__tile_r0002_c0000,DM_Wilson_21.png,DM_Wilson,train
DM_Wilson_21__tile_r0002_c0001,DM_Wilson_21.png,DM_Wilson,train
DM_Wilson_21__tile_r0002_c0002,DM_Wilson_21.png,DM_Wilson,train
DM_Wilson_21__tile_r0002_c0003,DM_Wilson_21.png,DM_Wilson,train
DM_Wilson_21__tile_r0003_c0000,DM_Wilson_21.png,DM_Wilson,train
DM_Wilson_21__tile_r0003_c0001,DM_Wilson_21.png,DM_Wilson,train
DM_Wilson_21__tile_r0003_c0002,DM_Wilson_21.png,DM_Wilson,train
DM_Wilson_21__tile_r0003_c0003,DM_Wilson_21.png,DM_Wilson,train
DM_Wilson_21__tile_r0004_c0000,DM_Wilson_21.png,DM_Wilson,train
DM_Wilson_21__tile_r0004_c0001,DM_Wilson_21.png,DM_Wilson,train
DM_Wilson_21__tile_r0004_c0002,DM_Wilson_21.png,DM_Wilson,train
DM_Wilson_21__tile_r0004_c0003,DM_Wilson_21.png,DM_Wilson,train
DM_Wilson_21__tile_r0005_c0000,DM_Wilson_21.png,DM_Wilson,train
DM_Wilson_21__tile_r0005_c0001,DM_Wilson_21.png,DM_Wilson,train
DM_Wilson_21__tile_r0005_c0002,DM_Wilson_21.png,DM_Wilson,train
DM_Wilson_21__tile_r0005_c0003,DM_Wilson_21.png,DM_Wilson,train
DM_Wilson_21__tile_r0006_c0000,DM_Wilson_21.png,DM_Wilson,train
DM_Wilson_21__tile_r0006_c0001,DM_Wilson_21.png,DM_Wilson,train
DM_Wilson_21__tile_r0006_c0002,DM_Wilson_21.png,DM_Wilson,train
DM_Wilson_21__tile_r0006_c0003,DM_Wilson_21.png,DM_Wilson,train
DM_Wilson_21__tile_r0007_c0000,DM_Wilson_21.png,DM_Wilson,train
DM_Wilson_21__tile_r0007_c0001,DM_Wilson_21.png,DM_Wilson,train
DM_Wilson_21__tile_r0007_c0002,DM_Wilson_21.png,DM_Wilson,train
DM_Wilson_21__tile_r0007_c0003,DM_Wilson_21.png,DM_Wilson,train
DM_Wilson_21__tile_r0008_c0000,DM_Wilson_21.png,DM_Wilson,train
DM_Wilson_21__tile_r0008_c0001,DM_Wilson_21.png,DM_Wilson,train
DM_Wilson_21__tile_r0008_c0002,DM_Wilson_21.png,DM_Wilson,train
DM_Wilson_21__tile_r0008_c0003,DM_Wilson_21.png,DM_Wilson,train
DM_Wilson_21__tile_r0009_c0000,DM_Wilson_21.png,DM_Wilson,train
DM_Wilson_21__tile_r0009_c0001,DM_Wilson_21.png,DM_Wilson,train
DM_Wilson_21__tile_r0009_c0002,DM_Wilson_21.png,DM_Wilson,train
DM_Wilson_21__tile_r0009_c0003,DM_Wilson_21.png,DM_Wilson,train
DM_Wilson_21__tile_r0010_c0000,DM_Wilson_21.png,DM_Wilson,train
DM_Wilson_21__tile_r0010_c0001,DM_Wilson_21.png,DM_Wilson,train
DM_Wilson_21__tile_r0010_c0002,DM_Wilson_21.png,DM_Wilson,train
DM_Wilson_21__tile_r0010_c0003,DM_Wilson_21.png,DM_Wilson,train
DM_Wilson_21__tile_r0011_c0000,DM_Wilson_21.png,DM_Wilson,train
DM_Wilson_21__tile_r0011_c0001,DM_Wilson_21.png,DM_Wilson,train
DM_Wilson_21__tile_r0011_c0002,DM_Wilson_21.png,DM_Wilson,train
DM_Wilson_21__tile_r0011_c0003,DM_Wilson_21.png,DM_Wilson,train
DM_Wilson_21__tile_r0012_c0000,DM_Wilson_21.png,DM_Wilson,train
DM_Wilson_21__tile_r0012_c0001,DM_Wilson_21.png,DM_Wilson,train
DM_Wilson_21__tile_r0012_c0002,DM_Wilson_21.png,DM_Wilson,train
DM_Wilson_21__tile_r0012_c0003,DM_Wilson_21.png,DM_Wilson,train
DM_Wilson_21__tile_r0013_c0000,DM_Wilson_21.png,DM_Wilson,train
DM_Wilson_21__tile_r0013_c0001,DM_Wilson_21.png,DM_Wilson,train
DM_Wilson_21__tile_r0013_c0002,DM_Wilson_21.png,DM_Wilson,train
DM_Wilson_21__tile_r0013_c0003,DM_Wilson_21.png,DM_Wilson,train
DM_Wilson_21__tile_r0014_c0000,DM_Wilson_21.png,DM_Wilson,train
DM_Wilson_21__tile_r0014_c0001,DM_Wilson_21.png,DM_Wilson,train
DM_Wilson_21__tile_r0014_c0002,DM_Wilson_21.png,DM_Wilson,train
DM_Wilson_21__tile_r0014_c0003,DM_Wilson_21.png,DM_Wilson,train
DM_Wilson_21__tile_r0015_c0000,DM_Wilson_21.png,DM_Wilson,train
DM_Wilson_21__tile_r0015_c0001,DM_Wilson_21.png,DM_Wilson,train
DM_Wilson_21__tile_r0015_c0002,DM_Wilson_21.png,DM_Wilson,train
DM_Wilson_21__tile_r0015_c0003,DM_Wilson_21.png,DM_Wilson,train
DM_Wilson_21__tile_r0016_c0000,DM_Wilson_21.png,DM_Wilson,train
DM_Wilson_21__tile_r0016_c0001,DM_Wilson_21.png,DM_Wilson,train
DM_Wilson_21__tile_r0016_c0002,DM_Wilson_21.png,DM_Wilson,train
DM_Wilson_21__tile_r0016_c0003,DM_Wilson_21.png,DM_Wilson,train
DM_Wilson_21__tile_r0017_c0000,DM_Wilson_21.png,DM_Wilson,train
DM_Wilson_21__tile_r0017_c0001,DM_Wilson_21.png,DM_Wilson,train
DM_Wilson_21__tile_r0017_c0002,DM_Wilson_21.png,DM_Wilson,train
DM_Wilson_21__tile_r0017_c0003,DM_Wilson_21.png,DM_Wilson,train
DM_Wilson_21__tile_r0018_c0000,DM_Wilson_21.png,DM_Wilson,train
DM_Wilson_21__tile_r0018_c0001,DM_Wilson_21.png,DM_Wilson,train
DM_Wilson_21__tile_r0018_c0002,DM_Wilson_21.png,DM_Wilson,train
DM_Wilson_21__tile_r0018_c0003,DM_Wilson_21.png,DM_Wilson,train
DM_Wilson_21__tile_r0019_c0000,DM_Wilson_21.png,DM_Wilson,train
DM_Wilson_21__tile_r0019_c0001,DM_Wilson_21.png,DM_Wilson,train
DM_Wilson_21__tile_r0019_c0002,DM_Wilson_21.png,DM_Wilson,train
DM_Wilson_21__tile_r0019_c0003,DM_Wilson_21.png,DM_Wilson,train
DM_Wilson_21__tile_r0020_c0000,DM_Wilson_21.png,DM_Wilson,train
DM_Wilson_21__tile_r0020_c0001,DM_Wilson_21.png,DM_Wilson,train
DM_Wilson_21__tile_r0020_c0002,DM_Wilson_21.png,DM_Wilson,train
DM_Wilson_21__tile_r0020_c0003,DM_Wilson_21.png,DM_Wilson,train
DM_Wilson_21__tile_r0021_c0000,DM_Wilson_21.png,DM_Wilson,train
DM_Wilson_21__tile_r0021_c0001,DM_Wilson_21.png,DM_Wilson,train
DM_Wilson_21__tile_r0021_c0002,DM_Wilson_21.png,DM_Wilson,train
DM_Wilson_21__tile_r0021_c0003,DM_Wilson_21.png,DM_Wilson,train
DM_Wilson_21__tile_r0022_c0000,DM_Wilson_21.png,DM_Wilson,train
DM_Wilson_21__tile_r0022_c0001,DM_Wilson_21.png,DM_Wilson,train
DM_Wilson_21__tile_r0022_c0002,DM_Wilson_21.png,DM_Wilson,train
DM_Wilson_21__tile_r0022_c0003,DM_Wilson_21.png,DM_Wilson,train
DM_Wilson_21__tile_r0023_c0000,DM_Wilson_21.png,DM_Wilson,train
DM_Wilson_21__tile_r0023_c0001,DM_Wilson_21.png,DM_Wilson,train
DM_Wilson_21__tile_r0023_c0002,DM_Wilson_21.png,DM_Wilson,train
DM_Wilson_21__tile_r0023_c0003,DM_Wilson_21.png,DM_Wilson,train
DM_Wilson_21__tile_r0024_c0000,DM_Wilson_21.png,DM_Wilson,train
DM_Wilson_21__tile_r0024_c0001,DM_Wilson_21.png,DM_Wilson,train
DM_Wilson_21__tile_r0024_c0002,DM_Wilson_21.png,DM_Wilson,train
DM_Wilson_21__tile_r0024_c0003,DM_Wilson_21.png,DM_Wilson,train
DM_Wilson_21__tile_r0025_c0000,DM_Wilson_21.png,DM_Wilson,train
DM_Wilson_21__tile_r0025_c0001,DM_Wilson_21.png,DM_Wilson,train
DM_Wilson_21__tile_r0025_c0002,DM_Wilson_21.png,DM_Wilson,train
DM_Wilson_21__tile_r0025_c0003,DM_Wilson_21.png,DM_Wilson,train
DM_Wilson_21__tile_r0026_c0000,DM_Wilson_21.png,DM_Wilson,train
DM_Wilson_21__tile_r0026_c0001,DM_Wilson_21.png,DM_Wilson,train
DM_Wilson_21__tile_r0026_c0002,DM_Wilson_21.png,DM_Wilson,train
DM_Wilson_21__tile_r0026_c0003,DM_Wilson_21.png,DM_Wilson,train
DM_Wilson_21__tile_r0027_c0000,DM_Wilson_21.png,DM_Wilson,train
DM_Wilson_21__tile_r0027_c0001,DM_Wilson_21.png,DM_Wilson,train
DM_Wilson_21__tile_r0027_c0002,DM_Wilson_21.png,DM_Wilson,train
DM_Wilson_21__tile_r0027_c0003,DM_Wilson_21.png,DM_Wilson,train
DM_Wilson_21__tile_r0028_c0000,DM_Wilson_21.png,DM_Wilson,train
DM_Wilson_21__tile_r0028_c0001,DM_Wilson_21.png,DM_Wilson,train
DM_Wilson_21__tile_r0028_c0002,DM_Wilson_21.png,DM_Wilson,train
DM_Wilson_21__tile_r0028_c0003,DM_Wilson_21.png,DM_Wilson,train
DM_Wilson_21__tile_r0029_c0000,DM_Wilson_21.png,DM_Wilson,train
DM_Wilson_21__tile_r0029_c0001,DM_Wilson_21.png,DM_Wilson,train
DM_Wilson_21__tile_r0029_c0002,DM_Wilson_21.png,DM_Wilson,train
DM_Wilson_21__tile_r0029_c0003,DM_Wilson_21.png,DM_Wilson,train
DM_Wilson_21__tile_r0030_c0000,DM_Wilson_21.png,DM_Wilson,train
DM_Wilson_21__tile_r0030_c0001,DM_Wilson_21.png,DM_Wilson,train
DM_Wilson_21__tile_r0030_c0002,DM_Wilson_21.png,DM_Wilson,train
DM_Wilson_21__tile_r0030_c0003,DM_Wilson_21.png,DM_Wilson,train
DM_Wilson_21__tile_r0031_c0000,DM_Wilson_21.png,DM_Wilson,train
DM_Wilson_21__tile_r0031_c0001,DM_Wilson_21.png,DM_Wilson,train
DM_Wilson_21__tile_r0031_c0002,DM_Wilson_21.png,DM_Wilson,train
DM_Wilson_21__tile_r0031_c0003,DM_Wilson_21.png,DM_Wilson,train
DM_Wilson_21__tile_r0032_c0000,DM_Wilson_21.png,DM_Wilson,train
DM_Wilson_21__tile_r0032_c0001,DM_Wilson_21.png,DM_Wilson,train
DM_Wilson_21__tile_r0032_c0002,DM_Wilson_21.png,DM_Wilson,train
DM_Wilson_21__tile_r0032_c0003,DM_Wilson_21.png,DM_Wilson,train
DM_Wilson_21__tile_r0033_c0000,DM_Wilson_21.png,DM_Wilson,train
DM_Wilson_21__tile_r0033_c0001,DM_Wilson_21.png,DM_Wilson,train
DM_Wilson_21__tile_r0033_c0002,DM_Wilson_21.png,DM_Wilson,train
DM_Wilson_21__tile_r0033_c0003,DM_Wilson_21.png,DM_Wilson,train
DM_Wilson_21__tile_r0034_c0000,DM_Wilson_21.png,DM_Wilson,train
DM_Wilson_21__tile_r0034_c0001,DM_Wilson_21.png,DM_Wilson,train
DM_Wilson_21__tile_r0034_c0002,DM_Wilson_21.png,DM_Wilson,train
DM_Wilson_21__tile_r0034_c0003,DM_Wilson_21.png,DM_Wilson,train
DM_Wilson_21__tile_r0035_c0000,DM_Wilson_21.png,DM_Wilson,train
DM_Wilson_21__tile_r0035_c0001,DM_Wilson_21.png,DM_Wilson,train
DM_Wilson_21__tile_r0035_c0002,DM_Wilson_21.png,DM_Wilson,train
DM_Wilson_21__tile_r0035_c0003,DM_Wilson_21.png,DM_Wilson,train
DM_Wilson_22__tile_r0000_c0000,DM_Wilson_22.png,DM_Wilson,train
DM_Wilson_22__tile_r0000_c0001,DM_Wilson_22.png,DM_Wilson,train
DM_Wilson_22__tile_r0000_c0002,DM_Wilson_22.png,DM_Wilson,train
DM_Wilson_22__tile_r0000_c0003,DM_Wilson_22.png,DM_Wilson,train
DM_Wilson_22__tile_r0001_c0000,DM_Wilson_22.png,DM_Wilson,train
DM_Wilson_22__tile_r0001_c0001,DM_Wilson_22.png,DM_Wilson,train
DM_Wilson_22__tile_r0001_c0002,DM_Wilson_22.png,DM_Wilson,train
DM_Wilson_22__tile_r0001_c0003,DM_Wilson_22.png,DM_Wilson,train
DM_Wilson_22__tile_r0002_c0000,DM_Wilson_22.png,DM_Wilson,train
DM_Wilson_22__tile_r0002_c0001,DM_Wilson_22.png,DM_Wilson,train
DM_Wilson_22__tile_r0002_c0002,DM_Wilson_22.png,DM_Wilson,train
DM_Wilson_22__tile_r0002_c0003,DM_Wilson_22.png,DM_Wilson,train
DM_Wilson_22__tile_r0003_c0000,DM_Wilson_22.png,DM_Wilson,train
DM_Wilson_22__tile_r0003_c0001,DM_Wilson_22.png,DM_Wilson,train
DM_Wilson_22__tile_r0003_c0002,DM_Wilson_22.png,DM_Wilson,train
DM_Wilson_22__tile_r0003_c0003,DM_Wilson_22.png,DM_Wilson,train
DM_Wilson_22__tile_r0004_c0000,DM_Wilson_22.png,DM_Wilson,train
DM_Wilson_22__tile_r0004_c0001,DM_Wilson_22.png,DM_Wilson,train
DM_Wilson_22__tile_r0004_c0002,DM_Wilson_22.png,DM_Wilson,train
DM_Wilson_22__tile_r0004_c0003,DM_Wilson_22.png,DM_Wilson,train
DM_Wilson_22__tile_r0005_c0000,DM_Wilson_22.png,DM_Wilson,train
DM_Wilson_22__tile_r0005_c0001,DM_Wilson_22.png,DM_Wilson,train
DM_Wilson_22__tile_r0005_c0002,DM_Wilson_22.png,DM_Wilson,train
DM_Wilson_22__tile_r0005_c0003,DM_Wilson_22.png,DM_Wilson,train
DM_Wilson_22__tile_r0006_c0000,DM_Wilson_22.png,DM_Wilson,train
DM_Wilson_22__tile_r0006_c0001,DM_Wilson_22.png,DM_Wilson,train
DM_Wilson_22__tile_r0006_c0002,DM_Wilson_22.png,DM_Wilson,train
DM_Wilson_22__tile_r0006_c0003,DM_Wilson_22.png,DM_Wilson,train
DM_Wilson_22__tile_r0007_c0000,DM_Wilson_22.png,DM_Wilson,train
DM_Wilson_22__tile_r0007_c0001,DM_Wilson_22.png,DM_Wilson,train
DM_Wilson_22__tile_r0007_c0002,DM_Wilson_22.png,DM_Wilson,train
DM_Wilson_22__tile_r0007_c0003,DM_Wilson_22.png,DM_Wilson,train
DM_Wilson_22__tile_r0008_c0000,DM_Wilson_22.png,DM_Wilson,train
DM_Wilson_22__tile_r0008_c0001,DM_Wilson_22.png,DM_Wilson,train
DM_Wilson_22__tile_r0008_c0002,DM_Wilson_22.png,DM_Wilson,train
DM_Wilson_22__tile_r0008_c0003,DM_Wilson_22.png,DM_Wilson,train
DM_Wilson_22__tile_r0009_c0000,DM_Wilson_22.png,DM_Wilson,train
DM_Wilson_22__tile_r0009_c0001,DM_Wilson_22.png,DM_Wilson,train
DM_Wilson_22__tile_r0009_c0002,DM_Wilson_22.png,DM_Wilson,train
DM_Wilson_22__tile_r0009_c0003,DM_Wilson_22.png,DM_Wilson,train
DM_Wilson_22__tile_r0010_c0000,DM_Wilson_22.png,DM_Wilson,train
DM_Wilson_22__tile_r0010_c0001,DM_Wilson_22.png,DM_Wilson,train
DM_Wilson_22__tile_r0010_c0002,DM_Wilson_22.png,DM_Wilson,train
DM_Wilson_22__tile_r0010_c0003,DM_Wilson_22.png,DM_Wilson,train
DM_Wilson_22__tile_r0011_c0000,DM_Wilson_22.png,DM_Wilson,train
DM_Wilson_22__tile_r0011_c0001,DM_Wilson_22.png,DM_Wilson,train
DM_Wilson_22__tile_r0011_c0002,DM_Wilson_22.png,DM_Wilson,train
DM_Wilson_22__tile_r0011_c0003,DM_Wilson_22.png,DM_Wilson,train
DM_Wilson_22__tile_r0012_c0000,DM_Wilson_22.png,DM_Wilson,train
DM_Wilson_22__tile_r0012_c0001,DM_Wilson_22.png,DM_Wilson,train
DM_Wilson_22__tile_r0012_c0002,DM_Wilson_22.png,DM_Wilson,train
DM_Wilson_22__tile_r0012_c0003,DM_Wilson_22.png,DM_Wilson,train
DM_Wilson_22__tile_r0013_c0000,DM_Wilson_22.png,DM_Wilson,train
DM_Wilson_22__tile_r0013_c0001,DM_Wilson_22.png,DM_Wilson,train
DM_Wilson_22__tile_r0013_c0002,DM_Wilson_22.png,DM_Wilson,train
DM_Wilson_22__tile_r0013_c0003,DM_Wilson_22.png,DM_Wilson,train
DM_Wilson_22__tile_r0014_c0000,DM_Wilson_22.png,DM_Wilson,train
DM_Wilson_22__tile_r0014_c0001,DM_Wilson_22.png,DM_Wilson,train
DM_Wilson_22__tile_r0014_c0002,DM_Wilson_22.png,DM_Wilson,train
DM_Wilson_22__tile_r0014_c0003,DM_Wilson_22.png,DM_Wilson,train
DM_Wilson_22__tile_r0015_c0000,DM_Wilson_22.png,DM_Wilson,train
DM_Wilson_22__tile_r0015_c0001,DM_Wilson_22.png,DM_Wilson,train
DM_Wilson_22__tile_r0015_c0002,DM_Wilson_22.png,DM_Wilson,train
DM_Wilson_22__tile_r0015_c0003,DM_Wilson_22.png,DM_Wilson,train
DM_Wilson_22__tile_r0016_c0000,DM_Wilson_22.png,DM_Wilson,train
DM_Wilson_22__tile_r0016_c0001,DM_Wilson_22.png,DM_Wilson,train
DM_Wilson_22__tile_r0016_c0002,DM_Wilson_22.png,DM_Wilson,train
DM_Wilson_22__tile_r0016_c0003,DM_Wilson_22.png,DM_Wilson,train
DM_Wilson_22__tile_r0017_c0000,DM_Wilson_22.png,DM_Wilson,train
DM_Wilson_22__tile_r0017_c0001,DM_Wilson_22.png,DM_Wilson,train
DM_Wilson_22__tile_r0017_c0002,DM_Wilson_22.png,DM_Wilson,train
DM_Wilson_22__tile_r0017_c0003,DM_Wilson_22.png,DM_Wilson,train
DM_Wilson_22__tile_r0018_c0000,DM_Wilson_22.png,DM_Wilson,train
DM_Wilson_22__tile_r0018_c0001,DM_Wilson_22.png,DM_Wilson,train
DM_Wilson_22__tile_r0018_c0002,DM_Wilson_22.png,DM_Wilson,train
DM_Wilson_22__tile_r0018_c0003,DM_Wilson_22.png,DM_Wilson,train
DM_Wilson_22__tile_r0019_c0000,DM_Wilson_22.png,DM_Wilson,train
DM_Wilson_22__tile_r0019_c0001,DM_Wilson_22.png,DM_Wilson,train
DM_Wilson_22__tile_r0019_c0002,DM_Wilson_22.png,DM_Wilson,train
DM_Wilson_22__tile_r0019_c0003,DM_Wilson_22.png,DM_Wilson,train
DM_Wilson_22__tile_r0020_c0000,DM_Wilson_22.png,DM_Wilson,train
DM_Wilson_22__tile_r0020_c0001,DM_Wilson_22.png,DM_Wilson,train
DM_Wilson_22__tile_r0020_c0002,DM_Wilson_22.png,DM_Wilson,train
DM_Wilson_22__tile_r0020_c0003,DM_Wilson_22.png,DM_Wilson,train
DM_Wilson_22__tile_r0021_c0000,DM_Wilson_22.png,DM_Wilson,train
DM_Wilson_22__tile_r0021_c0001,DM_Wilson_22.png,DM_Wilson,train
DM_Wilson_22__tile_r0021_c0002,DM_Wilson_22.png,DM_Wilson,train
DM_Wilson_22__tile_r0021_c0003,DM_Wilson_22.png,DM_Wilson,train
DM_Wilson_22__tile_r0022_c0000,DM_Wilson_22.png,DM_Wilson,train
DM_Wilson_22__tile_r0022_c0001,DM_Wilson_22.png,DM_Wilson,train
DM_Wilson_22__tile_r0022_c0002,DM_Wilson_22.png,DM_Wilson,train
DM_Wilson_22__tile_r0022_c0003,DM_Wilson_22.png,DM_Wilson,train
DM_Wilson_22__tile_r0023_c0000,DM_Wilson_22.png,DM_Wilson,train
DM_Wilson_22__tile_r0023_c0001,DM_Wilson_22.png,DM_Wilson,train
DM_Wilson_22__tile_r0023_c0002,DM_Wilson_22.png,DM_Wilson,train
DM_Wilson_22__tile_r0023_c0003,DM_Wilson_22.png,DM_Wilson,train
DM_Wilson_22__tile_r0024_c0000,DM_Wilson_22.png,DM_Wilson,train
DM_Wilson_22__tile_r0024_c0001,DM_Wilson_22.png,DM_Wilson,train
DM_Wilson_22__tile_r0024_c0002,DM_Wilson_22.png,DM_Wilson,train
DM_Wilson_22__tile_r0024_c0003,DM_Wilson_22.png,DM_Wilson,train
DM_Wilson_22__tile_r0025_c0000,DM_Wilson_22.png,DM_Wilson,train
DM_Wilson_22__tile_r0025_c0001,DM_Wilson_22.png,DM_Wilson,train
DM_Wilson_22__tile_r0025_c0002,DM_Wilson_22.png,DM_Wilson,train
DM_Wilson_22__tile_r0025_c0003,DM_Wilson_22.png,DM_Wilson,train
DM_Wilson_22__tile_r0026_c0000,DM_Wilson_22.png,DM_Wilson,train
DM_Wilson_22__tile_r0026_c0001,DM_Wilson_22.png,DM_Wilson,train
DM_Wilson_22__tile_r0026_c0002,DM_Wilson_22.png,DM_Wilson,train
DM_Wilson_22__tile_r0026_c0003,DM_Wilson_22.png,DM_Wilson,train
DM_Wilson_22__tile_r0027_c0000,DM_Wilson_22.png,DM_Wilson,train
DM_Wilson_22__tile_r0027_c0001,DM_Wilson_22.png,DM_Wilson,train
DM_Wilson_22__tile_r0027_c0002,DM_Wilson_22.png,DM_Wilson,train
DM_Wilson_22__tile_r0027_c0003,DM_Wilson_22.png,DM_Wilson,train
DM_Wilson_22__tile_r0028_c0000,DM_Wilson_22.png,DM_Wilson,train
DM_Wilson_22__tile_r0028_c0001,DM_Wilson_22.png,DM_Wilson,train
DM_Wilson_22__tile_r0028_c0002,DM_Wilson_22.png,DM_Wilson,train
DM_Wilson_22__tile_r0028_c0003,DM_Wilson_22.png,DM_Wilson,train
DM_Wilson_22__tile_r0029_c0000,DM_Wilson_22.png,DM_Wilson,train
DM_Wilson_22__tile_r0029_c0001,DM_Wilson_22.png,DM_Wilson,train
DM_Wilson_22__tile_r0029_c0002,DM_Wilson_22.png,DM_Wilson,train
DM_Wilson_22__tile_r0029_c0003,DM_Wilson_22.png,DM_Wilson,train
DM_Wilson_22__tile_r0030_c0000,DM_Wilson_22.png,DM_Wilson,train
DM_Wilson_22__tile_r0030_c0001,DM_Wilson_22.png,DM_Wilson,train
DM_Wilson_22__tile_r0030_c0002,DM_Wilson_22.png,DM_Wilson,train
DM_Wilson_22__tile_r0030_c0003,DM_Wilson_22.png,DM_Wilson,train
DM_Wilson_22__tile_r0031_c0000,DM_Wilson_22.png,DM_Wilson,train
DM_Wilson_22__tile_r0031_c0001,DM_Wilson_22.png,DM_Wilson,train
DM_Wilson_22__tile_r0031_c0002,DM_Wilson_22.png,DM_Wilson,train
DM_Wilson_22__tile_r0031_c0003,DM_Wilson_22.png,DM_Wilson,train
DM_Wilson_22__tile_r0032_c0000,DM_Wilson_22.png,DM_Wilson,train
DM_Wilson_22__tile_r0032_c0001,DM_Wilson_22.png,DM_Wilson,train
DM_Wilson_22__tile_r0032_c0002,DM_Wilson_22.png,DM_Wilson,train
DM_Wilson_22__tile_r0032_c0003,DM_Wilson_22.png,DM_Wilson,train
DM_Wilson_22__tile_r0033_c0000,DM_Wilson_22.png,DM_Wilson,train
DM_Wilson_22__tile_r0033_c0001,DM_Wilson_22.png,DM_Wilson,train
DM_Wilson_22__tile_r0033_c0002,DM_Wilson_22.png,DM_Wilson,train
DM_Wilson_22__tile_r0033_c0003,DM_Wilson_22.png,DM_Wilson,train
DM_Wilson_22__tile_r0034_c0000,DM_Wilson_22.png,DM_Wilson,train
DM_Wilson_22__tile_r0034_c0001,DM_Wilson_22.png,DM_Wilson,train
DM_Wilson_22__tile_r0034_c0002,DM_Wilson_22.png,DM_Wilson,train
DM_Wilson_22__tile_r0034_c0003,DM_Wilson_22.png,DM_Wilson,train
DM_Wilson_22__tile_r0035_c0000,DM_Wilson_22.png,DM_Wilson,train
DM_Wilson_22__tile_r0035_c0001,DM_Wilson_22.png,DM_Wilson,train
DM_Wilson_22__tile_r0035_c0002,DM_Wilson_22.png,DM_Wilson,train
DM_Wilson_22__tile_r0035_c0003,DM_Wilson_22.png,DM_Wilson,train
DR_Hanna_01__tile_r0000_c0000,DR_Hanna_01.png,DR_Hanna,test
DR_Hanna_01__tile_r0000_c0001,DR_Hanna_01.png,DR_Hanna,test
DR_Hanna_01__tile_r0000_c0002,DR_Hanna_01.png,DR_Hanna,test
DR_Hanna_01__tile_r0000_c0003,DR_Hanna_01.png,DR_Hanna,test
DR_Hanna_01__tile_r0001_c0000,DR_Hanna_01.png,DR_Hanna,test
DR_Hanna_01__tile_r0001_c0001,DR_Hanna_01.png,DR_Hanna,test
DR_Hanna_01__tile_r0001_c0002,DR_Hanna_01.png,DR_Hanna,test
DR_Hanna_01__tile_r0001_c0003,DR_Hanna_01.png,DR_Hanna,test
DR_Hanna_01__tile_r0002_c0000,DR_Hanna_01.png,DR_Hanna,test
DR_Hanna_01__tile_r0002_c0001,DR_Hanna_01.png,DR_Hanna,test
DR_Hanna_01__tile_r0002_c0002,DR_Hanna_01.png,DR_Hanna,test
DR_Hanna_01__tile_r0002_c0003,DR_Hanna_01.png,DR_Hanna,test
DR_Hanna_01__tile_r0003_c0000,DR_Hanna_01.png,DR_Hanna,test
DR_Hanna_01__tile_r0003_c0001,DR_Hanna_01.png,DR_Hanna,test
DR_Hanna_01__tile_r0003_c0002,DR_Hanna_01.png,DR_Hanna,test
DR_Hanna_01__tile_r0003_c0003,DR_Hanna_01.png,DR_Hanna,test
DR_Hanna_01__tile_r0004_c0000,DR_Hanna_01.png,DR_Hanna,test
DR_Hanna_01__tile_r0004_c0001,DR_Hanna_01.png,DR_Hanna,test
DR_Hanna_01__tile_r0004_c0002,DR_Hanna_01.png,DR_Hanna,test
DR_Hanna_01__tile_r0004_c0003,DR_Hanna_01.png,DR_Hanna,test
DR_Hanna_02__tile_r0000_c0000,DR_Hanna_02.png,DR_Hanna,test
DR_Hanna_02__tile_r0000_c0001,DR_Hanna_02.png,DR_Hanna,test
DR_Hanna_02__tile_r0000_c0002,DR_Hanna_02.png,DR_Hanna,test
DR_Hanna_02__tile_r0000_c0003,DR_Hanna_02.png,DR_Hanna,test
DR_Hanna_02__tile_r0001_c0000,DR_Hanna_02.png,DR_Hanna,test
DR_Hanna_02__tile_r0001_c0001,DR_Hanna_02.png,DR_Hanna,test
DR_Hanna_02__tile_r0001_c0002,DR_Hanna_02.png,DR_Hanna,test
DR_Hanna_02__tile_r0001_c0003,DR_Hanna_02.png,DR_Hanna,test
DR_Hanna_02__tile_r0002_c0000,DR_Hanna_02.png,DR_Hanna,test
DR_Hanna_02__tile_r0002_c0001,DR_Hanna_02.png,DR_Hanna,test
DR_Hanna_02__tile_r0002_c0002,DR_Hanna_02.png,DR_Hanna,test
DR_Hanna_02__tile_r0002_c0003,DR_Hanna_02.png,DR_Hanna,test
DR_Hanna_02__tile_r0003_c0000,DR_Hanna_02.png,DR_Hanna,test
DR_Hanna_02__tile_r0003_c0001,DR_Hanna_02.png,DR_Hanna,test
DR_Hanna_02__tile_r0003_c0002,DR_Hanna_02.png,DR_Hanna,test
DR_Hanna_02__tile_r0003_c0003,DR_Hanna_02.png,DR_Hanna,test
DR_Hanna_02__tile_r0004_c0000,DR_Hanna_02.png,DR_Hanna,test
DR_Hanna_02__tile_r0004_c0001,DR_Hanna_02.png,DR_Hanna,test
DR_Hanna_02__tile_r0004_c0002,DR_Hanna_02.png,DR_Hanna,test
DR_Hanna_02__tile_r0004_c0003,DR_Hanna_02.png,DR_Hanna,test
DR_Hanna_03__tile_r0000_c0000,DR_Hanna_03.png,DR_Hanna,test
DR_Hanna_03__tile_r0000_c0001,DR_Hanna_03.png,DR_Hanna,test
DR_Hanna_03__tile_r0000_c0002,DR_Hanna_03.png,DR_Hanna,test
DR_Hanna_03__tile_r0000_c0003,DR_Hanna_03.png,DR_Hanna,test
DR_Hanna_03__tile_r0001_c0000,DR_Hanna_03.png,DR_Hanna,test
DR_Hanna_03__tile_r0001_c0001,DR_Hanna_03.png,DR_Hanna,test
DR_Hanna_03__tile_r0001_c0002,DR_Hanna_03.png,DR_Hanna,test
DR_Hanna_03__tile_r0001_c0003,DR_Hanna_03.png,DR_Hanna,test
DR_Hanna_03__tile_r0002_c0000,DR_Hanna_03.png,DR_Hanna,test
DR_Hanna_03__tile_r0002_c0001,DR_Hanna_03.png,DR_Hanna,test
DR_Hanna_03__tile_r0002_c0002,DR_Hanna_03.png,DR_Hanna,test
DR_Hanna_03__tile_r0002_c0003,DR_Hanna_03.png,DR_Hanna,test
DR_Hanna_03__tile_r0003_c0000,DR_Hanna_03.png,DR_Hanna,test
DR_Hanna_03__tile_r0003_c0001,DR_Hanna_03.png,DR_Hanna,test
DR_Hanna_03__tile_r0003_c0002,DR_Hanna_03.png,DR_Hanna,test
DR_Hanna_03__tile_r0003_c0003,DR_Hanna_03.png,DR_Hanna,test
DR_Hanna_03__tile_r0004_c0000,DR_Hanna_03.png,DR_Hanna,test
DR_Hanna_03__tile_r0004_c0001,DR_Hanna_03.png,DR_Hanna,test
DR_Hanna_03__tile_r0004_c0002,DR_Hanna_03.png,DR_Hanna,test
DR_Hanna_03__tile_r0004_c0003,DR_Hanna_03.png,DR_Hanna,test
DR_Hanna_04__tile_r0000_c0000,DR_Hanna_04.png,DR_Hanna,test
DR_Hanna_04__tile_r0000_c0001,DR_Hanna_04.png,DR_Hanna,test
DR_Hanna_04__tile_r0000_c0002,DR_Hanna_04.png,DR_Hanna,test
DR_Hanna_04__tile_r0000_c0003,DR_Hanna_04.png,DR_Hanna,test
DR_Hanna_04__tile_r0001_c0000,DR_Hanna_04.png,DR_Hanna,test
DR_Hanna_04__tile_r0001_c0001,DR_Hanna_04.png,DR_Hanna,test
DR_Hanna_04__tile_r0001_c0002,DR_Hanna_04.png,DR_Hanna,test
DR_Hanna_04__tile_r0001_c0003,DR_Hanna_04.png,DR_Hanna,test
DR_Hanna_04__tile_r0002_c0000,DR_Hanna_04.png,DR_Hanna,test
DR_Hanna_04__tile_r0002_c0001,DR_Hanna_04.png,DR_Hanna,test
DR_Hanna_04__tile_r0002_c0002,DR_Hanna_04.png,DR_Hanna,test
DR_Hanna_04__tile_r0002_c0003,DR_Hanna_04.png,DR_Hanna,test
DR_Hanna_04__tile_r0003_c0000,DR_Hanna_04.png,DR_Hanna,test
DR_Hanna_04__tile_r0003_c0001,DR_Hanna_04.png,DR_Hanna,test
DR_Hanna_04__tile_r0003_c0002,DR_Hanna_04.png,DR_Hanna,test
DR_Hanna_04__tile_r0003_c0003,DR_Hanna_04.png,DR_Hanna,test
DR_Hanna_04__tile_r0004_c0000,DR_Hanna_04.png,DR_Hanna,test
DR_Hanna_04__tile_r0004_c0001,DR_Hanna_04.png,DR_Hanna,test
DR_Hanna_04__tile_r0004_c0002,DR_Hanna_04.png,DR_Hanna,test
DR_Hanna_04__tile_r0004_c0003,DR_Hanna_04.png,DR_Hanna,test
DR_Hanna_05__tile_r0000_c0000,DR_Hanna_05.png,DR_Hanna,test
DR_Hanna_05__tile_r0000_c0001,DR_Hanna_05.png,DR_Hanna,test
DR_Hanna_05__tile_r0000_c0002,DR_Hanna_05.png,DR_Hanna,test
DR_Hanna_05__tile_r0000_c0003,DR_Hanna_05.png,DR_Hanna,test
DR_Hanna_05__tile_r0001_c0000,DR_Hanna_05.png,DR_Hanna,test
DR_Hanna_05__tile_r0001_c0001,DR_Hanna_05.png,DR_Hanna,test
DR_Hanna_05__tile_r0001_c0002,DR_Hanna_05.png,DR_Hanna,test
DR_Hanna_05__tile_r0001_c0003,DR_Hanna_05.png,DR_Hanna,test
DR_Hanna_05__tile_r0002_c0000,DR_Hanna_05.png,DR_Hanna,test
DR_Hanna_05__tile_r0002_c0001,DR_Hanna_05.png,DR_Hanna,test
DR_Hanna_05__tile_r0002_c0002,DR_Hanna_05.png,DR_Hanna,test
DR_Hanna_05__tile_r0002_c0003,DR_Hanna_05.png,DR_Hanna,test
DR_Hanna_05__tile_r0003_c0000,DR_Hanna_05.png,DR_Hanna,test
DR_Hanna_05__tile_r0003_c0001,DR_Hanna_05.png,DR_Hanna,test
DR_Hanna_05__tile_r0003_c0002,DR_Hanna_05.png,DR_Hanna,test
DR_Hanna_05__tile_r0003_c0003,DR_Hanna_05.png,DR_Hanna,test
DR_Hanna_05__tile_r0004_c0000,DR_Hanna_05.png,DR_Hanna,test
DR_Hanna_05__tile_r0004_c0001,DR_Hanna_05.png,DR_Hanna,test
DR_Hanna_05__tile_r0004_c0002,DR_Hanna_05.png,DR_Hanna,test
DR_Hanna_05__tile_r0004_c0003,DR_Hanna_05.png,DR_Hanna,test
EB_Allen_01__tile_r0000_c0000,EB_Allen_01.png,EB_Allen,train
EB_Allen_01__tile_r0000_c0001,EB_Allen_01.png,EB_Allen,train
EB_Allen_01__tile_r0000_c0002,EB_Allen_01.png,EB_Allen,train
EB_Allen_01__tile_r0000_c0003,EB_Allen_01.png,EB_Allen,train
EB_Allen_01__tile_r0001_c0000,EB_Allen_01.png,EB_Allen,train
EB_Allen_01__tile_r0001_c0001,EB_Allen_01.png,EB_Allen,train
EB_Allen_01__tile_r0001_c0002,EB_Allen_01.png,EB_Allen,train
EB_Allen_01__tile_r0001_c0003,EB_Allen_01.png,EB_Allen,train
EB_Allen_01__tile_r0002_c0000,EB_Allen_01.png,EB_Allen,train
EB_Allen_01__tile_r0002_c0001,EB_Allen_01.png,EB_Allen,train
EB_Allen_01__tile_r0002_c0002,EB_Allen_01.png,EB_Allen,train
EB_Allen_01__tile_r0002_c0003,EB_Allen_01.png,EB_Allen,train
EB_Allen_01__tile_r0003_c0000,EB_Allen_01.png,EB_Allen,train
EB_Allen_01__tile_r0003_c0001,EB_Allen_01.png,EB_Allen,train
EB_Allen_01__tile_r0003_c0002,EB_Allen_01.png,EB_Allen,train
EB_Allen_01__tile_r0003_c0003,EB_Allen_01.png,EB_Allen,train
EB_Allen_02__tile_r0000_c0000,EB_Allen_02.png,EB_Allen,train
EB_Allen_02__tile_r0000_c0001,EB_Allen_02.png,EB_Allen,train
EB_Allen_02__tile_r0000_c0002,EB_Allen_02.png,EB_Allen,train
EB_Allen_02__tile_r0000_c0003,EB_Allen_02.png,EB_Allen,train
EB_Allen_02__tile_r0001_c0000,EB_Allen_02.png,EB_Allen,train
EB_Allen_02__tile_r0001_c0001,EB_Allen_02.png,EB_Allen,train
EB_Allen_02__tile_r0001_c0002,EB_Allen_02.png,EB_Allen,train
EB_Allen_02__tile_r0001_c0003,EB_Allen_02.png,EB_Allen,train
EB_Allen_02__tile_r0002_c0000,EB_Allen_02.png,EB_Allen,train
EB_Allen_02__tile_r0002_c0001,EB_Allen_02.png,EB_Allen,train
EB_Allen_02__tile_r0002_c0002,EB_Allen_02.png,EB_Allen,train
EB_Allen_02__tile_r0002_c0003,EB_Allen_02.png,EB_Allen,train
EB_Allen_02__tile_r0003_c0000,EB_Allen_02.png,EB_Allen,train
EB_Allen_02__tile_r0003_c0001,EB_Allen_02.png,EB_Allen,train
EB_Allen_02__tile_r0003_c0002,EB_Allen_02.png,EB_Allen,train
EB_Allen_02__tile_r0003_c0003,EB_Allen_02.png,EB_Allen,train
EB_Allen_03__tile_r0000_c0000,EB_Allen_03.png,EB_Allen,train
EB_Allen_03__tile_r0000_c0001,EB_Allen_03.png,EB_Allen,train
EB_Allen_03__tile_r0000_c0002,EB_Allen_03.png,EB_Allen,train
EB_Allen_03__tile_r0000_c0003,EB_Allen_03.png,EB_Allen,train
EB_Allen_03__tile_r0001_c0000,EB_Allen_03.png,EB_Allen,train
EB_Allen_03__tile_r0001_c0001,EB_Allen_03.png,EB_Allen,train
EB_Allen_03__tile_r0001_c0002,EB_Allen_03.png,EB_Allen,train
EB_Allen_03__tile_r0001_c0003,EB_Allen_03.png,EB_Allen,train
EB_Allen_03__tile_r0002_c0000,EB_Allen_03.png,EB_Allen,train
EB_Allen_03__tile_r0002_c0001,EB_Allen_03.png,EB_Allen,train
EB_Allen_03__tile_r0002_c0002,EB_Allen_03.png,EB_Allen,train
EB_Allen_03__tile_r0002_c0003,EB_Allen_03.png,EB_Allen,train
EB_Allen_03__tile_r0003_c0000,EB_Allen_03.png,EB_Allen,train
EB_Allen_03__tile_r0003_c0001,EB_Allen_03.png,EB_Allen,train
EB_Allen_03__tile_r0003_c0002,EB_Allen_03.png,EB_Allen,train
EB_Allen_03__tile_r0003_c0003,EB_Allen_03.png,EB_Allen,train
EB_Allen_04__tile_r0000_c0000,EB_Allen_04.png,EB_Allen,train
EB_Allen_04__tile_r0000_c0001,EB_Allen_04.png,EB_Allen,train
EB_Allen_04__tile_r0000_c0002,EB_Allen_04.png,EB_Allen,train
EB_Allen_04__tile_r0000_c0003,EB_Allen_04.png,EB_Allen,train
EB_Allen_04__tile_r0001_c0000,EB_Allen_04.png,EB_Allen,train
EB_Allen_04__tile_r0001_c0001,EB_Allen_04.png,EB_Allen,train
EB_Allen_04__tile_r0001_c0002,EB_Allen_04.png,EB_Allen,train
EB_Allen_04__tile_r0001_c0003,EB_Allen_04.png,EB_Allen,train
EB_Allen_04__tile_r0002_c0000,EB_Allen_04.png,EB_Allen,train
EB_Allen_04__tile_r0002_c0001,EB_Allen_04.png,EB_Allen,train
EB_Allen_04__tile_r0002_c0002,EB_Allen_04.png,EB_Allen,train
EB_Allen_04__tile_r0002_c0003,EB_Allen_04.png,EB_Allen,train
EB_Allen_04__tile_r0003_c0000,EB_Allen_04.png,EB_Allen,train
EB_Allen_04__tile_r0003_c0001,EB_Allen_04.png,EB_Allen,train
EB_Allen_04__tile_r0003_c0002,EB_Allen_04.png,EB_Allen,train
EB_Allen_04__tile_r0003_c0003,EB_Allen_04.png,EB_Allen,train
EB_Allen_05__tile_r0000_c0000,EB_Allen_05.png,EB_Allen,train
EB_Allen_05__tile_r0000_c0001,EB_Allen_05.png,EB_Allen,train
EB_Allen_05__tile_r0000_c0002,EB_Allen_05.png,EB_Allen,train
EB_Allen_05__tile_r0000_c0003,EB_Allen_05.png,EB_Allen,train
EB_Allen_05__tile_r0001_c0000,EB_Allen_05.png,EB_Allen,train
EB_Allen_05__tile_r0001_c0001,EB_Allen_05.png,EB_Allen,train
EB_Allen_05__tile_r0001_c0002,EB_Allen_05.png,EB_Allen,train
EB_Allen_05__tile_r0001_c0003,EB_Allen_05.png,EB_Allen,train
EB_Allen_05__tile_r0002_c0000,EB_Allen_05.png,EB_Allen,train
EB_Allen_05__tile_r0002_c0001,EB_Allen_05.png,EB_Allen,train
EB_Allen_05__tile_r0002_c0002,EB_Allen_05.png,EB_Allen,train
EB_Allen_05__tile_r0002_c0003,EB_Allen_05.png,EB_Allen,train
EB_Allen_05__tile_r0003_c0000,EB_Allen_05.png,EB_Allen,train
EB_Allen_05__tile_r0003_c0001,EB_Allen_05.png,EB_Allen,train
EB_Allen_05__tile_r0003_c0002,EB_Allen_05.png,EB_Allen,train
EB_Allen_05__tile_r0003_c0003,EB_Allen_05.png,EB_Allen,train
EB_Allen_06__tile_r0000_c0000,EB_Allen_06.png,EB_Allen,train
EB_Allen_06__tile_r0000_c0001,EB_Allen_06.png,EB_Allen,train
EB_Allen_06__tile_r0000_c0002,EB_Allen_06.png,EB_Allen,train
EB_Allen_06__tile_r0000_c0003,EB_Allen_06.png,EB_Allen,train
EB_Allen_06__tile_r0001_c0000,EB_Allen_06.png,EB_Allen,train
EB_Allen_06__tile_r0001_c0001,EB_Allen_06.png,EB_Allen,train
EB_Allen_06__tile_r0001_c0002,EB_Allen_06.png,EB_Allen,train
EB_Allen_06__tile_r0001_c0003,EB_Allen_06.png,EB_Allen,train
EB_Allen_06__tile_r0002_c0000,EB_Allen_06.png,EB_Allen,train
EB_Allen_06__tile_r0002_c0001,EB_Allen_06.png,EB_Allen,train
EB_Allen_06__tile_r0002_c0002,EB_Allen_06.png,EB_Allen,train
EB_Allen_06__tile_r0002_c0003,EB_Allen_06.png,EB_Allen,train
EB_Allen_06__tile_r0003_c0000,EB_Allen_06.png,EB_Allen,train
EB_Allen_06__tile_r0003_c0001,EB_Allen_06.png,EB_Allen,train
EB_Allen_06__tile_r0003_c0002,EB_Allen_06.png,EB_Allen,train
EB_Allen_06__tile_r0003_c0003,EB_Allen_06.png,EB_Allen,train
EB_Allen_07__tile_r0000_c0000,EB_Allen_07.png,EB_Allen,train
EB_Allen_07__tile_r0000_c0001,EB_Allen_07.png,EB_Allen,train
EB_Allen_07__tile_r0000_c0002,EB_Allen_07.png,EB_Allen,train
EB_Allen_07__tile_r0000_c0003,EB_Allen_07.png,EB_Allen,train
EB_Allen_07__tile_r0001_c0000,EB_Allen_07.png,EB_Allen,train
EB_Allen_07__tile_r0001_c0001,EB_Allen_07.png,EB_Allen,train
EB_Allen_07__tile_r0001_c0002,EB_Allen_07.png,EB_Allen,train
EB_Allen_07__tile_r0001_c0003,EB_Allen_07.png,EB_Allen,train
EB_Allen_07__tile_r0002_c0000,EB_Allen_07.png,EB_Allen,train
EB_Allen_07__tile_r0002_c0001,EB_Allen_07.png,EB_Allen,train
EB_Allen_07__tile_r0002_c0002,EB_Allen_07.png,EB_Allen,train
EB_Allen_07__tile_r0002_c0003,EB_Allen_07.png,EB_Allen,train
EB_Allen_07__tile_r0003_c0000,EB_Allen_07.png,EB_Allen,train
EB_Allen_07__tile_r0003_c0001,EB_Allen_07.png,EB_Allen,train
EB_Allen_07__tile_r0003_c0002,EB_Allen_07.png,EB_Allen,train
EB_Allen_07__tile_r0003_c0003,EB_Allen_07.png,EB_Allen,train
EB_Allen_08__tile_r0000_c0000,EB_Allen_08.png,EB_Allen,train
EB_Allen_08__tile_r0000_c0001,EB_Allen_08.png,EB_Allen,train
EB_Allen_08__tile_r0000_c0002,EB_Allen_08.png,EB_Allen,train
EB_Allen_08__tile_r0000_c0003,EB_Allen_08.png,EB_Allen,train
EB_Allen_08__tile_r0001_c0000,EB_Allen_08.png,EB_Allen,train
EB_Allen_08__tile_r0001_c0001,EB_Allen_08.png,EB_Allen,train
EB_Allen_08__tile_r0001_c0002,EB_Allen_08.png,EB_Allen,train
EB_Allen_08__tile_r0001_c0003,EB_Allen_08.png,EB_Allen,train
EB_Allen_08__tile_r0002_c0000,EB_Allen_08.png,EB_Allen,train
EB_Allen_08__tile_r0002_c0001,EB_Allen_08.png,EB_Allen,train
EB_Allen_08__tile_r0002_c0002,EB_Allen_08.png,EB_Allen,train
EB_Allen_08__tile_r0002_c0003,EB_Allen_08.png,EB_Allen,train
EB_Allen_08__tile_r0003_c0000,EB_Allen_08.png,EB_Allen,train
EB_Allen_08__tile_r0003_c0001,EB_Allen_08.png,EB_Allen,train
EB_Allen_08__tile_r0003_c0002,EB_Allen_08.png,EB_Allen,train
EB_Allen_08__tile_r0003_c0003,EB_Allen_08.png,EB_Allen,train
EB_Allen_09__tile_r0000_c0000,EB_Allen_09.png,EB_Allen,train
EB_Allen_09__tile_r0000_c0001,EB_Allen_09.png,EB_Allen,train
EB_Allen_09__tile_r0000_c0002,EB_Allen_09.png,EB_Allen,train
EB_Allen_09__tile_r0000_c0003,EB_Allen_09.png,EB_Allen,train
EB_Allen_09__tile_r0001_c0000,EB_Allen_09.png,EB_Allen,train
EB_Allen_09__tile_r0001_c0001,EB_Allen_09.png,EB_Allen,train
EB_Allen_09__tile_r0001_c0002,EB_Allen_09.png,EB_Allen,train
EB_Allen_09__tile_r0001_c0003,EB_Allen_09.png,EB_Allen,train
EB_Allen_09__tile_r0002_c0000,EB_Allen_09.png,EB_Allen,train
EB_Allen_09__tile_r0002_c0001,EB_Allen_09.png,EB_Allen,train
EB_Allen_09__tile_r0002_c0002,EB_Allen_09.png,EB_Allen,train
EB_Allen_09__tile_r0002_c0003,EB_Allen_09.png,EB_Allen,train
EB_Allen_09__tile_r0003_c0000,EB_Allen_09.png,EB_Allen,train
EB_Allen_09__tile_r0003_c0001,EB_Allen_09.png,EB_Allen,train
EB_Allen_09__tile_r0003_c0002,EB_Allen_09.png,EB_Allen,train
EB_Allen_09__tile_r0003_c0003,EB_Allen_09.png,EB_Allen,train
EB_Allen_10__tile_r0000_c0000,EB_Allen_10.png,EB_Allen,train
EB_Allen_10__tile_r0000_c0001,EB_Allen_10.png,EB_Allen,train
EB_Allen_10__tile_r0000_c0002,EB_Allen_10.png,EB_Allen,train
EB_Allen_10__tile_r0000_c0003,EB_Allen_10.png,EB_Allen,train
EB_Allen_10__tile_r0001_c0000,EB_Allen_10.png,EB_Allen,train
EB_Allen_10__tile_r0001_c0001,EB_Allen_10.png,EB_Allen,train
EB_Allen_10__tile_r0001_c0002,EB_Allen_10.png,EB_Allen,train
EB_Allen_10__tile_r0001_c0003,EB_Allen_10.png,EB_Allen,train
EB_Allen_10__tile_r0002_c0000,EB_Allen_10.png,EB_Allen,train
EB_Allen_10__tile_r0002_c0001,EB_Allen_10.png,EB_Allen,train
EB_Allen_10__tile_r0002_c0002,EB_Allen_10.png,EB_Allen,train
EB_Allen_10__tile_r0002_c0003,EB_Allen_10.png,EB_Allen,train
EB_Allen_10__tile_r0003_c0000,EB_Allen_10.png,EB_Allen,train
EB_Allen_10__tile_r0003_c0001,EB_Allen_10.png,EB_Allen,train
EB_Allen_10__tile_r0003_c0002,EB_Allen_10.png,EB_Allen,train
EB_Allen_10__tile_r0003_c0003,EB_Allen_10.png,EB_Allen,train
EB_Allen_11__tile_r0000_c0000,EB_Allen_11.png,EB_Allen,train
EB_Allen_11__tile_r0000_c0001,EB_Allen_11.png,EB_Allen,train
EB_Allen_11__tile_r0000_c0002,EB_Allen_11.png,EB_Allen,train
EB_Allen_11__tile_r0000_c0003,EB_Allen_11.png,EB_Allen,train
EB_Allen_11__tile_r0001_c0000,EB_Allen_11.png,EB_Allen,train
EB_Allen_11__tile_r0001_c0001,EB_Allen_11.png,EB_Allen,train
EB_Allen_11__tile_r0001_c0002,EB_Allen_11.png,EB_Allen,train
EB_Allen_11__tile_r0001_c0003,EB_Allen_11.png,EB_Allen,train
EB_Allen_11__tile_r0002_c0000,EB_Allen_11.png,EB_Allen,train
EB_Allen_11__tile_r0002_c0001,EB_Allen_11.png,EB_Allen,train
EB_Allen_11__tile_r0002_c0002,EB_Allen_11.png,EB_Allen,train
EB_Allen_11__tile_r0002_c0003,EB_Allen_11.png,EB_Allen,train
EB_Allen_11__tile_r0003_c0000,EB_Allen_11.png,EB_Allen,train
EB_Allen_11__tile_r0003_c0001,EB_Allen_11.png,EB_Allen,train
EB_Allen_11__tile_r0003_c0002,EB_Allen_11.png,EB_Allen,train
EB_Allen_11__tile_r0003_c0003,EB_Allen_11.png,EB_Allen,train
EB_Allen_12__tile_r0000_c0000,EB_Allen_12.png,EB_Allen,train
EB_Allen_12__tile_r0000_c0001,EB_Allen_12.png,EB_Allen,train
EB_Allen_12__tile_r0000_c0002,EB_Allen_12.png,EB_Allen,train
EB_Allen_12__tile_r0000_c0003,EB_Allen_12.png,EB_Allen,train
EB_Allen_12__tile_r0001_c0000,EB_Allen_12.png,EB_Allen,train
EB_Allen_12__tile_r0001_c0001,EB_Allen_12.png,EB_Allen,train
EB_Allen_12__tile_r0001_c0002,EB_Allen_12.png,EB_Allen,train
EB_Allen_12__tile_r0001_c0003,EB_Allen_12.png,EB_Allen,train
EB_Allen_12__tile_r0002_c0000,EB_Allen_12.png,EB_Allen,train
EB_Allen_12__tile_r0002_c0001,EB_Allen_12.png,EB_Allen,train
EB_Allen_12__tile_r0002_c0002,EB_Allen_12.png,EB_Allen,train
EB_Allen_12__tile_r0002_c0003,EB_Allen_12.png,EB_Allen,train
EB_Allen_12__tile_r0003_c0000,EB_Allen_12.png,EB_Allen,train
EB_Allen_12__tile_r0003_c0001,EB_Allen_12.png,EB_Allen,train
EB_Allen_12__tile_r0003_c0002,EB_Allen_12.png,EB_Allen,train
EB_Allen_12__tile_r0003_c0003,EB_Allen_12.png,EB_Allen,train
EB_Allen_13__tile_r0000_c0000,EB_Allen_13.png,EB_Allen,train
EB_Allen_13__tile_r0000_c0001,EB_Allen_13.png,EB_Allen,train
EB_Allen_13__tile_r0000_c0002,EB_Allen_13.png,EB_Allen,train
EB_Allen_13__tile_r0000_c0003,EB_Allen_13.png,EB_Allen,train
EB_Allen_13__tile_r0001_c0000,EB_Allen_13.png,EB_Allen,train
EB_Allen_13__tile_r0001_c0001,EB_Allen_13.png,EB_Allen,train
EB_Allen_13__tile_r0001_c0002,EB_Allen_13.png,EB_Allen,train
EB_Allen_13__tile_r0001_c0003,EB_Allen_13.png,EB_Allen,train
EB_Allen_13__tile_r0002_c0000,EB_Allen_13.png,EB_Allen,train
EB_Allen_13__tile_r0002_c0001,EB_Allen_13.png,EB_Allen,train
EB_Allen_13__tile_r0002_c0002,EB_Allen_13.png,EB_Allen,train
EB_Allen_13__tile_r0002_c0003,EB_Allen_13.png,EB_Allen,train
EB_Allen_13__tile_r0003_c0000,EB_Allen_13.png,EB_Allen,train
EB_Allen_13__tile_r0003_c0001,EB_Allen_13.png,EB_Allen,train
EB_Allen_13__tile_r0003_c0002,EB_Allen_13.png,EB_Allen,train
EB_Allen_13__tile_r0003_c0003,EB_Allen_13.png,EB_Allen,train
EB_Allen_14__tile_r0000_c0000,EB_Allen_14.png,EB_Allen,train
EB_Allen_14__tile_r0000_c0001,EB_Allen_14.png,EB_Allen,train
EB_Allen_14__tile_r0000_c0002,EB_Allen_14.png,EB_Allen,train
EB_Allen_14__tile_r0000_c0003,EB_Allen_14.png,EB_Allen,train
EB_Allen_14__tile_r0001_c0000,EB_Allen_14.png,EB_Allen,train
EB_Allen_14__tile_r0001_c0001,EB_Allen_14.png,EB_Allen,train
EB_Allen_14__tile_r0001_c0002,EB_Allen_14.png,EB_Allen,train
EB_Allen_14__tile_r0001_c0003,EB_Allen_14.png,EB_Allen,train
EB_Allen_14__tile_r0002_c0000,EB_Allen_14.png,EB_Allen,train
EB_Allen_14__tile_r0002_c0001,EB_Allen_14.png,EB_Allen,train
EB_Allen_14__tile_r0002_c0002,EB_Allen_14.png,EB_Allen,train
EB_Allen_14__tile_r0002_c0003,EB_Allen_14.png,EB_Allen,train
EB_Allen_14__tile_r0003_c0000,EB_Allen_14.png,EB_Allen,train
EB_Allen_14__tile_r0003_c0001,EB_Allen_14.png,EB_Allen,train
EB_Allen_14__tile_r0003_c0002,EB_Allen_14.png,EB_Allen,train
EB_Allen_14__tile_r0003_c0003,EB_Allen_14.png,EB_Allen,train
EB_Allen_15__tile_r0000_c0000,EB_Allen_15.png,EB_Allen,train
EB_Allen_15__tile_r0000_c0001,EB_Allen_15.png,EB_Allen,train
EB_Allen_15__tile_r0000_c0002,EB_Allen_15.png,EB_Allen,train
EB_Allen_15__tile_r0000_c0003,EB_Allen_15.png,EB_Allen,train
EB_Allen_15__tile_r0001_c0000,EB_Allen_15.png,EB_Allen,train
EB_Allen_15__tile_r0001_c0001,EB_Allen_15.png,EB_Allen,train
EB_Allen_15__tile_r0001_c0002,EB_Allen_15.png,EB_Allen,train
EB_Allen_15__tile_r0001_c0003,EB_Allen_15.png,EB_Allen,train
EB_Allen_15__tile_r0002_c0000,EB_Allen_15.png,EB_Allen,train
EB_Allen_15__tile_r0002_c0001,EB_Allen_15.png,EB_Allen,train
EB_Allen_15__tile_r0002_c0002,EB_Allen_15.png,EB_Allen,train
EB_Allen_15__tile_r0002_c0003,EB_Allen_15.png,EB_Allen,train
EB_Allen_15__tile_r0003_c0000,EB_Allen_15.png,EB_Allen,train
EB_Allen_15__tile_r0003_c0001,EB_Allen_15.png,EB_Allen,train
EB_Allen_15__tile_r0003_c0002,EB_Allen_15.png,EB_Allen,train
EB_Allen_15__tile_r0003_c0003,EB_Allen_15.png,EB_Allen,train
EB_Allen_16__tile_r0000_c0000,EB_Allen_16.png,EB_Allen,train
EB_Allen_16__tile_r0000_c0001,EB_Allen_16.png,EB_Allen,train
EB_Allen_16__tile_r0000_c0002,EB_Allen_16.png,EB_Allen,train
EB_Allen_16__tile_r0000_c0003,EB_Allen_16.png,EB_Allen,train
EB_Allen_16__tile_r0001_c0000,EB_Allen_16.png,EB_Allen,train
EB_Allen_16__tile_r0001_c0001,EB_Allen_16.png,EB_Allen,train
EB_Allen_16__tile_r0001_c0002,EB_Allen_16.png,EB_Allen,train
EB_Allen_16__tile_r0001_c0003,EB_Allen_16.png,EB_Allen,train
EB_Allen_16__tile_r0002_c0000,EB_Allen_16.png,EB_Allen,train
EB_Allen_16__tile_r0002_c0001,EB_Allen_16.png,EB_Allen,train
EB_Allen_16__tile_r0002_c0002,EB_Allen_16.png,EB_Allen,train
EB_Allen_16__tile_r0002_c0003,EB_Allen_16.png,EB_Allen,train
EB_Allen_16__tile_r0003_c0000,EB_Allen_16.png,EB_Allen,train
EB_Allen_16__tile_r0003_c0001,EB_Allen_16.png,EB_Allen,train
EB_Allen_16__tile_r0003_c0002,EB_Allen_16.png,EB_Allen,train
EB_Allen_16__tile_r0003_c0003,EB_Allen_16.png,EB_Allen,train
EB_Allen_17__tile_r0000_c0000,EB_Allen_17.png,EB_Allen,train
EB_Allen_17__tile_r0000_c0001,EB_Allen_17.png,EB_Allen,train
EB_Allen_17__tile_r0000_c0002,EB_Allen_17.png,EB_Allen,train
EB_Allen_17__tile_r0000_c0003,EB_Allen_17.png,EB_Allen,train
EB_Allen_17__tile_r0001_c0000,EB_Allen_17.png,EB_Allen,train
EB_Allen_17__tile_r0001_c0001,EB_Allen_17.png,EB_Allen,train
EB_Allen_17__tile_r0001_c0002,EB_Allen_17.png,EB_Allen,train
EB_Allen_17__tile_r0001_c0003,EB_Allen_17.png,EB_Allen,train
EB_Allen_17__tile_r0002_c0000,EB_Allen_17.png,EB_Allen,train
EB_Allen_17__tile_r0002_c0001,EB_Allen_17.png,EB_Allen,train
EB_Allen_17__tile_r0002_c0002,EB_Allen_17.png,EB_Allen,train
EB_Allen_17__tile_r0002_c0003,EB_Allen_17.png,EB_Allen,train
EB_Allen_17__tile_r0003_c0000,EB_Allen_17.png,EB_Allen,train
EB_Allen_17__tile_r0003_c0001,EB_Allen_17.png,EB_Allen,train
EB_Allen_17__tile_r0003_c0002,EB_Allen_17.png,EB_Allen,train
EB_Allen_17__tile_r0003_c0003,EB_Allen_17.png,EB_Allen,train
EB_Allen_18__tile_r0000_c0000,EB_Allen_18.png,EB_Allen,train
EB_Allen_18__tile_r0000_c0001,EB_Allen_18.png,EB_Allen,train
EB_Allen_18__tile_r0000_c0002,EB_Allen_18.png,EB_Allen,train
EB_Allen_18__tile_r0000_c0003,EB_Allen_18.png,EB_Allen,train
EB_Allen_18__tile_r0001_c0000,EB_Allen_18.png,EB_Allen,train
EB_Allen_18__tile_r0001_c0001,EB_Allen_18.png,EB_Allen,train
EB_Allen_18__tile_r0001_c0002,EB_Allen_18.png,EB_Allen,train
EB_Allen_18__tile_r0001_c0003,EB_Allen_18.png,EB_Allen,train
EB_Allen_18__tile_r0002_c0000,EB_Allen_18.png,EB_Allen,train
EB_Allen_18__tile_r0002_c0001,EB_Allen_18.png,EB_Allen,train
EB_Allen_18__tile_r0002_c0002,EB_Allen_18.png,EB_Allen,train
EB_Allen_18__tile_r0002_c0003,EB_Allen_18.png,EB_Allen,train
EB_Allen_18__tile_r0003_c0000,EB_Allen_18.png,EB_Allen,train
EB_Allen_18__tile_r0003_c0001,EB_Allen_18.png,EB_Allen,train
EB_Allen_18__tile_r0003_c0002,EB_Allen_18.png,EB_Allen,train
EB_Allen_18__tile_r0003_c0003,EB_Allen_18.png,EB_Allen,train
EB_Allen_19__tile_r0000_c0000,EB_Allen_19.png,EB_Allen,train
EB_Allen_19__tile_r0000_c0001,EB_Allen_19.png,EB_Allen,train
EB_Allen_19__tile_r0000_c0002,EB_Allen_19.png,EB_Allen,train
EB_Allen_19__tile_r0000_c0003,EB_Allen_19.png,EB_Allen,train
EB_Allen_19__tile_r0001_c0000,EB_Allen_19.png,EB_Allen,train
EB_Allen_19__tile_r0001_c0001,EB_Allen_19.png,EB_Allen,train
EB_Allen_19__tile_r0001_c0002,EB_Allen_19.png,EB_Allen,train
EB_Allen_19__tile_r0001_c0003,EB_Allen_19.png,EB_Allen,train
EB_Allen_19__tile_r0002_c0000,EB_Allen_19.png,EB_Allen,train
EB_Allen_19__tile_r0002_c0001,EB_Allen_19.png,EB_Allen,train
EB_Allen_19__tile_r0002_c0002,EB_Allen_19.png,EB_Allen,train
EB_Allen_19__tile_r0002_c0003,EB_Allen_19.png,EB_Allen,train
EB_Allen_19__tile_r0003_c0000,EB_Allen_19.png,EB_Allen,train
EB_Allen_19__tile_r0003_c0001,EB_Allen_19.png,EB_Allen,train
EB_Allen_19__tile_r0003_c0002,EB_Allen_19.png,EB_Allen,train
EB_Allen_19__tile_r0003_c0003,EB_Allen_19.png,EB_Allen,train
EB_Allen_20__tile_r0000_c0000,EB_Allen_20.png,EB_Allen,train
EB_Allen_20__tile_r0000_c0001,EB_Allen_20.png,EB_Allen,train
EB_Allen_20__tile_r0000_c0002,EB_Allen_20.png,EB_Allen,train
EB_Allen_20__tile_r0000_c0003,EB_Allen_20.png,EB_Allen,train
EB_Allen_20__tile_r0001_c0000,EB_Allen_20.png,EB_Allen,train
EB_Allen_20__tile_r0001_c0001,EB_Allen_20.png,EB_Allen,train
EB_Allen_20__tile_r0001_c0002,EB_Allen_20.png,EB_Allen,train
EB_Allen_20__tile_r0001_c0003,EB_Allen_20.png,EB_Allen,train
EB_Allen_20__tile_r0002_c0000,EB_Allen_20.png,EB_Allen,train
EB_Allen_20__tile_r0002_c0001,EB_Allen_20.png,EB_Allen,train
EB_Allen_20__tile_r0002_c0002,EB_Allen_20.png,EB_Allen,train
EB_Allen_20__tile_r0002_c0003,EB_Allen_20.png,EB_Allen,train
EB_Allen_20__tile_r0003_c0000,EB_Allen_20.png,EB_Allen,train
EB_Allen_20__tile_r0003_c0001,EB_Allen_20.png,EB_Allen,train
EB_Allen_20__tile_r0003_c0002,EB_Allen_20.png,EB_Allen,train
EB_Allen_20__tile_r0003_c0003,EB_Allen_20.png,EB_Allen,train
EB_Allen_21__tile_r0000_c0000,EB_Allen_21.png,EB_Allen,train
EB_Allen_21__tile_r0000_c0001,EB_Allen_21.png,EB_Allen,train
EB_Allen_21__tile_r0000_c0002,EB_Allen_21.png,EB_Allen,train
EB_Allen_21__tile_r0000_c0003,EB_Allen_21.png,EB_Allen,train
EB_Allen_21__tile_r0001_c0000,EB_Allen_21.png,EB_Allen,train
EB_Allen_21__tile_r0001_c0001,EB_Allen_21.png,EB_Allen,train
EB_Allen_21__tile_r0001_c0002,EB_Allen_21.png,EB_Allen,train
EB_Allen_21__tile_r0001_c0003,EB_Allen_21.png,EB_Allen,train
EB_Allen_21__tile_r0002_c0000,EB_Allen_21.png,EB_Allen,train
EB_Allen_21__tile_r0002_c0001,EB_Allen_21.png,EB_Allen,train
EB_Allen_21__tile_r0002_c0002,EB_Allen_21.png,EB_Allen,train
EB_Allen_21__tile_r0002_c0003,EB_Allen_21.png,EB_Allen,train
EB_Allen_21__tile_r0003_c0000,EB_Allen_21.png,EB_Allen,train
EB_Allen_21__tile_r0003_c0001,EB_Allen_21.png,EB_Allen,train
EB_Allen_21__tile_r0003_c0002,EB_Allen_21.png,EB_Allen,train
EB_Allen_21__tile_r0003_c0003,EB_Allen_21.png,EB_Allen,train
EB_Allen_22__tile_r0000_c0000,EB_Allen_22.png,EB_Allen,train
EB_Allen_22__tile_r0000_c0001,EB_Allen_22.png,EB_Allen,train
EB_Allen_22__tile_r0000_c0002,EB_Allen_22.png,EB_Allen,train
EB_Allen_22__tile_r0000_c0003,EB_Allen_22.png,EB_Allen,train
EB_Allen_22__tile_r0001_c0000,EB_Allen_22.png,EB_Allen,train
EB_Allen_22__tile_r0001_c0001,EB_Allen_22.png,EB_Allen,train
EB_Allen_22__tile_r0001_c0002,EB_Allen_22.png,EB_Allen,train
EB_Allen_22__tile_r0001_c0003,EB_Allen_22.png,EB_Allen,train
EB_Allen_22__tile_r0002_c0000,EB_Allen_22.png,EB_Allen,train
EB_Allen_22__tile_r0002_c0001,EB_Allen_22.png,EB_Allen,train
EB_Allen_22__tile_r0002_c0002,EB_Allen_22.png,EB_Allen,train
EB_Allen_22__tile_r0002_c0003,EB_Allen_22.png,EB_Allen,train
EB_Allen_22__tile_r0003_c0000,EB_Allen_22.png,EB_Allen,train
EB_Allen_22__tile_r0003_c0001,EB_Allen_22.png,EB_Allen,train
EB_Allen_22__tile_r0003_c0002,EB_Allen_22.png,EB_Allen,train
EB_Allen_22__tile_r0003_c0003,EB_Allen_22.png,EB_Allen,train
EB_Allen_23__tile_r0000_c0000,EB_Allen_23.png,EB_Allen,train
EB_Allen_23__tile_r0000_c0001,EB_Allen_23.png,EB_Allen,train
EB_Allen_23__tile_r0000_c0002,EB_Allen_23.png,EB_Allen,train
EB_Allen_23__tile_r0000_c0003,EB_Allen_23.png,EB_Allen,train
EB_Allen_23__tile_r0001_c0000,EB_Allen_23.png,EB_Allen,train
EB_Allen_23__tile_r0001_c0001,EB_Allen_23.png,EB_Allen,train
EB_Allen_23__tile_r0001_c0002,EB_Allen_23.png,EB_Allen,train
EB_Allen_23__tile_r0001_c0003,EB_Allen_23.png,EB_Allen,train
EB_Allen_23__tile_r0002_c0000,EB_Allen_23.png,EB_Allen,train
EB_Allen_23__tile_r0002_c0001,EB_Allen_23.png,EB_Allen,train
EB_Allen_23__tile_r0002_c0002,EB_Allen_23.png,EB_Allen,train
EB_Allen_23__tile_r0002_c0003,EB_Allen_23.png,EB_Allen,train
EB_Allen_23__tile_r0003_c0000,EB_Allen_23.png,EB_Allen,train
EB_Allen_23__tile_r0003_c0001,EB_Allen_23.png,EB_Allen,train
EB_Allen_23__tile_r0003_c0002,EB_Allen_23.png,EB_Allen,train
EB_Allen_23__tile_r0003_c0003,EB_Allen_23.png,EB_Allen,train
EB_Allen_24__tile_r0000_c0000,EB_Allen_24.png,EB_Allen,train
EB_Allen_24__tile_r0000_c0001,EB_Allen_24.png,EB_Allen,train
EB_Allen_24__tile_r0000_c0002,EB_Allen_24.png,EB_Allen,train
EB_Allen_24__tile_r0000_c0003,EB_Allen_24.png,EB_Allen,train
EB_Allen_24__tile_r0001_c0000,EB_Allen_24.png,EB_Allen,train
EB_Allen_24__tile_r0001_c0001,EB_Allen_24.png,EB_Allen,train
EB_Allen_24__tile_r0001_c0002,EB_Allen_24.png,EB_Allen,train
EB_Allen_24__tile_r0001_c0003,EB_Allen_24.png,EB_Allen,train
EB_Allen_24__tile_r0002_c0000,EB_Allen_24.png,EB_Allen,train
EB_Allen_24__tile_r0002_c0001,EB_Allen_24.png,EB_Allen,train
EB_Allen_24__tile_r0002_c0002,EB_Allen_24.png,EB_Allen,train
EB_Allen_24__tile_r0002_c0003,EB_Allen_24.png,EB_Allen,train
EB_Allen_24__tile_r0003_c0000,EB_Allen_24.png,EB_Allen,train
EB_Allen_24__tile_r0003_c0001,EB_Allen_24.png,EB_Allen,train
EB_Allen_24__tile_r0003_c0002,EB_Allen_24.png,EB_Allen,train
EB_Allen_24__tile_r0003_c0003,EB_Allen_24.png,EB_Allen,train
Egyptian_01__tile_r0000_c0000,Egyptian_01.png,Egyptian,train
Egyptian_01__tile_r0000_c0001,Egyptian_01.png,Egyptian,train
Egyptian_01__tile_r0000_c0002,Egyptian_01.png,Egyptian,train
Egyptian_01__tile_r0000_c0003,Egyptian_01.png,Egyptian,train
Egyptian_01__tile_r0001_c0000,Egyptian_01.png,Egyptian,train
Egyptian_01__tile_r0001_c0001,Egyptian_01.png,Egyptian,train
Egyptian_01__tile_r0001_c0002,Egyptian_01.png,Egyptian,train
Egyptian_01__tile_r0001_c0003,Egyptian_01.png,Egyptian,train
Egyptian_01__tile_r0002_c0000,Egyptian_01.png,Egyptian,train
Egyptian_01__tile_r0002_c0001,Egyptian_01.png,Egyptian,train
Egyptian_01__tile_r0002_c0002,Egyptian_01.png,Egyptian,train
Egyptian_01__tile_r0002_c0003,Egyptian_01.png,Egyptian,train
Egyptian_01__tile_r0003_c0000,Egyptian_01.png,Egyptian,train
Egyptian_01__tile_r0003_c0001,Egyptian_01.png,Egyptian,train
Egyptian_01__tile_r0003_c0002,Egyptian_01.png,Egyptian,train
Egyptian_01__tile_r0003_c0003,Egyptian_01.png,Egyptian,train
Egyptian_01__tile_r0004_c0000,Egyptian_01.png,Egyptian,train
Egyptian_01__tile_r0004_c0001,Egyptian_01.png,Egyptian,train
Egyptian_01__tile_r0004_c0002,Egyptian_01.png,Egyptian,train
Egyptian_01__tile_r0004_c0003,Egyptian_01.png,Egyptian,train
Egyptian_02__tile_r0000_c0000,Egyptian_02.png,Egyptian,train
Egyptian_02__tile_r0000_c0001,Egyptian_02.png,Egyptian,train
Egyptian_02__tile_r0000_c0002,Egyptian_02.png,Egyptian,train
Egyptian_02__tile_r0000_c0003,Egyptian_02.png,Egyptian,train
Egyptian_02__tile_r0001_c0000,Egyptian_02.png,Egyptian,train
Egyptian_02__tile_r0001_c0001,Egyptian_02.png,Egyptian,train
Egyptian_02__tile_r0001_c0002,Egyptian_02.png,Egyptian,train
Egyptian_02__tile_r0001_c0003,Egyptian_02.png,Egyptian,train
Egyptian_02__tile_r0002_c0000,Egyptian_02.png,Egyptian,train
Egyptian_02__tile_r0002_c0001,Egyptian_02.png,Egyptian,train
Egyptian_02__tile_r0002_c0002,Egyptian_02.png,Egyptian,train
Egyptian_02__tile_r0002_c0003,Egyptian_02.png,Egyptian,train
Egyptian_02__tile_r0003_c0000,Egyptian_02.png,Egyptian,train
Egyptian_02__tile_r0003_c0001,Egyptian_02.png,Egyptian,train
Egyptian_02__tile_r0003_c0002,Egyptian_02.png,Egyptian,train
Egyptian_02__tile_r0003_c0003,Egyptian_02.png,Egyptian,train
Egyptian_02__tile_r0004_c0000,Egyptian_02.png,Egyptian,train
Egyptian_02__tile_r0004_c0001,Egyptian_02.png,Egyptian,train
Egyptian_02__tile_r0004_c0002,Egyptian_02.png,Egyptian,train
Egyptian_02__tile_r0004_c0003,Egyptian_02.png,Egyptian,train
Egyptian_03__tile_r0000_c0000,Egyptian_03.png,Egyptian,train
Egyptian_03__tile_r0000_c0001,Egyptian_03.png,Egyptian,train
Egyptian_03__tile_r0000_c0002,Egyptian_03.png,Egyptian,train
Egyptian_03__tile_r0000_c0003,Egyptian_03.png,Egyptian,train
Egyptian_03__tile_r0001_c0000,Egyptian_03.png,Egyptian,train
Egyptian_03__tile_r0001_c0001,Egyptian_03.png,Egyptian,train
Egyptian_03__tile_r0001_c0002,Egyptian_03.png,Egyptian,train
Egyptian_03__tile_r0001_c0003,Egyptian_03.png,Egyptian,train
Egyptian_03__tile_r0002_c0000,Egyptian_03.png,Egyptian,train
Egyptian_03__tile_r0002_c0001,Egyptian_03.png,Egyptian,train
Egyptian_03__tile_r0002_c0002,Egyptian_03.png,Egyptian,train
Egyptian_03__tile_r0002_c0003,Egyptian_03.png,Egyptian,train
Egyptian_03__tile_r0003_c0000,Egyptian_03.png,Egyptian,train
Egyptian_03__tile_r0003_c0001,Egyptian_03.png,Egyptian,train
Egyptian_03__tile_r0003_c0002,Egyptian_03.png,Egyptian,train
Egyptian_03__tile_r0003_c0003,Egyptian_03.png,Egyptian,train
Egyptian_03__tile_r0004_c0000,Egyptian_03.png,Egyptian,train
Egyptian_03__tile_r0004_c0001,Egyptian_03.png,Egyptian,train
Egyptian_03__tile_r0004_c0002,Egyptian_03.png,Egyptian,train
Egyptian_03__tile_r0004_c0003,Egyptian_03.png,Egyptian,train
Egyptian_04__tile_r0000_c0000,Egyptian_04.png,Egyptian,train
Egyptian_04__tile_r0000_c0001,Egyptian_04.png,Egyptian,train
Egyptian_04__tile_r0000_c0002,Egyptian_04.png,Egyptian,train
Egyptian_04__tile_r0000_c0003,Egyptian_04.png,Egyptian,train
Egyptian_04__tile_r0001_c0000,Egyptian_04.png,Egyptian,train
Egyptian_04__tile_r0001_c0001,Egyptian_04.png,Egyptian,train
Egyptian_04__tile_r0001_c0002,Egyptian_04.png,Egyptian,train
Egyptian_04__tile_r0001_c0003,Egyptian_04.png,Egyptian,train
Egyptian_04__tile_r0002_c0000,Egyptian_04.png,Egyptian,train
Egyptian_04__tile_r0002_c0001,Egyptian_04.png,Egyptian,train
Egyptian_04__tile_r0002_c0002,Egyptian_04.png,Egyptian,train
Egyptian_04__tile_r0002_c0003,Egyptian_04.png,Egyptian,train
Egyptian_04__tile_r0003_c0000,Egyptian_04.png,Egyptian,train
Egyptian_04__tile_r0003_c0001,Egyptian_04.png,Egyptian,train
Egyptian_04__tile_r0003_c0002,Egyptian_04.png,Egyptian,train
Egyptian_04__tile_r0003_c0003,Egyptian_04.png,Egyptian,train
Egyptian_04__tile_r0004_c0000,Egyptian_04.png,Egyptian,train
Egyptian_04__tile_r0004_c0001,Egyptian_04.png,Egyptian,train
Egyptian_04__tile_r0004_c0002,Egyptian_04.png,Egyptian,train
Egyptian_04__tile_r0004_c0003,Egyptian_04.png,Egyptian,train
Egyptian_05__tile_r0000_c0000,Egyptian_05.png,Egyptian,train
Egyptian_05__tile_r0000_c0001,Egyptian_05.png,Egyptian,train
Egyptian_05__tile_r0000_c0002,Egyptian_05.png,Egyptian,train
Egyptian_05__tile_r0000_c0003,Egyptian_05.png,Egyptian,train
Egyptian_05__tile_r0001_c0000,Egyptian_05.png,Egyptian,train
Egyptian_05__tile_r0001_c0001,Egyptian_05.png,Egyptian,train
Egyptian_05__tile_r0001_c0002,Egyptian_05.png,Egyptian,train
Egyptian_05__tile_r0001_c0003,Egyptian_05.png,Egyptian,train
Egyptian_05__tile_r0002_c0000,Egyptian_05.png,Egyptian,train
Egyptian_05__tile_r0002_c0001,Egyptian_05.png,Egyptian,train
Egyptian_05__tile_r0002_c0002,Egyptian_05.png,Egyptian,train
Egyptian_05__tile_r0002_c0003,Egyptian_05.png,Egyptian,train
Egyptian_05__tile_r0003_c0000,Egyptian_05.png,Egyptian,train
Egyptian_05__tile_r0003_c0001,Egyptian_05.png,Egyptian,train
Egyptian_05__tile_r0003_c0002,Egyptian_05.png,Egyptian,train
Egyptian_05__tile_r0003_c0003,Egyptian_05.png,Egyptian,train
Egyptian_05__tile_r0004_c0000,Egyptian_05.png,Egyptian,train
Egyptian_05__tile_r0004_c0001,Egyptian_05.png,Egyptian,train
Egyptian_05__tile_r0004_c0002,Egyptian_05.png,Egyptian,train
Egyptian_05__tile_r0004_c0003,Egyptian_05.png,Egyptian,train
Egyptian_06__tile_r0000_c0000,Egyptian_06.png,Egyptian,train
Egyptian_06__tile_r0000_c0001,Egyptian_06.png,Egyptian,train
Egyptian_06__tile_r0000_c0002,Egyptian_06.png,Egyptian,train
Egyptian_06__tile_r0000_c0003,Egyptian_06.png,Egyptian,train
Egyptian_06__tile_r0001_c0000,Egyptian_06.png,Egyptian,train
Egyptian_06__tile_r0001_c0001,Egyptian_06.png,Egyptian,train
Egyptian_06__tile_r0001_c0002,Egyptian_06.png,Egyptian,train
Egyptian_06__tile_r0001_c0003,Egyptian_06.png,Egyptian,train
Egyptian_06__tile_r0002_c0000,Egyptian_06.png,Egyptian,train
Egyptian_06__tile_r0002_c0001,Egyptian_06.png,Egyptian,train
Egyptian_06__tile_r0002_c0002,Egyptian_06.png,Egyptian,train
Egyptian_06__tile_r0002_c0003,Egyptian_06.png,Egyptian,train
Egyptian_06__tile_r0003_c0000,Egyptian_06.png,Egyptian,train
Egyptian_06__tile_r0003_c0001,Egyptian_06.png,Egyptian,train
Egyptian_06__tile_r0003_c0002,Egyptian_06.png,Egyptian,train
Egyptian_06__tile_r0003_c0003,Egyptian_06.png,Egyptian,train
Egyptian_06__tile_r0004_c0000,Egyptian_06.png,Egyptian,train
Egyptian_06__tile_r0004_c0001,Egyptian_06.png,Egyptian,train
Egyptian_06__tile_r0004_c0002,Egyptian_06.png,Egyptian,train
Egyptian_06__tile_r0004_c0003,Egyptian_06.png,Egyptian,train
Egyptian_07__tile_r0000_c0000,Egyptian_07.png,Egyptian,train
Egyptian_07__tile_r0000_c0001,Egyptian_07.png,Egyptian,train
Egyptian_07__tile_r0000_c0002,Egyptian_07.png,Egyptian,train
Egyptian_07__tile_r0000_c0003,Egyptian_07.png,Egyptian,train
Egyptian_07__tile_r0001_c0000,Egyptian_07.png,Egyptian,train
Egyptian_07__tile_r0001_c0001,Egyptian_07.png,Egyptian,train
Egyptian_07__tile_r0001_c0002,Egyptian_07.png,Egyptian,train
Egyptian_07__tile_r0001_c0003,Egyptian_07.png,Egyptian,train
Egyptian_07__tile_r0002_c0000,Egyptian_07.png,Egyptian,train
Egyptian_07__tile_r0002_c0001,Egyptian_07.png,Egyptian,train
Egyptian_07__tile_r0002_c0002,Egyptian_07.png,Egyptian,train
Egyptian_07__tile_r0002_c0003,Egyptian_07.png,Egyptian,train
Egyptian_07__tile_r0003_c0000,Egyptian_07.png,Egyptian,train
Egyptian_07__tile_r0003_c0001,Egyptian_07.png,Egyptian,train
Egyptian_07__tile_r0003_c0002,Egyptian_07.png,Egyptian,train
Egyptian_07__tile_r0003_c0003,Egyptian_07.png,Egyptian,train
Egyptian_07__tile_r0004_c0000,Egyptian_07.png,Egyptian,train
Egyptian_07__tile_r0004_c0001,Egyptian_07.png,Egyptian,train
Egyptian_07__tile_r0004_c0002,Egyptian_07.png,Egyptian,train
Egyptian_07__tile_r0004_c0003,Egyptian_07.png,Egyptian,train
Egyptian_08__tile_r0000_c0000,Egyptian_08.png,Egyptian,train
Egyptian_08__tile_r0000_c0001,Egyptian_08.png,Egyptian,train
Egyptian_08__tile_r0000_c0002,Egyptian_08.png,Egyptian,train
Egyptian_08__tile_r0000_c0003,Egyptian_08.png,Egyptian,train
Egyptian_08__tile_r0001_c0000,Egyptian_08.png,Egyptian,train
Egyptian_08__tile_r0001_c0001,Egyptian_08.png,Egyptian,train
Egyptian_08__tile_r0001_c0002,Egyptian_08.png,Egyptian,train
Egyptian_08__tile_r0001_c0003,Egyptian_08.png,Egyptian,train
Egyptian_08__tile_r0002_c0000,Egyptian_08.png,Egyptian,train
Egyptian_08__tile_r0002_c0001,Egyptian_08.png,Egyptian,train
Egyptian_08__tile_r0002_c0002,Egyptian_08.png,Egyptian,train
Egyptian_08__tile_r0002_c0003,Egyptian_08.png,Egyptian,train
Egyptian_09__tile_r0000_c0000,Egyptian_09.png,Egyptian,train
Egyptian_09__tile_r0000_c0001,Egyptian_09.png,Egyptian,train
Egyptian_09__tile_r0000_c0002,Egyptian_09.png,Egyptian,train
Egyptian_09__tile_r0000_c0003,Egyptian_09.png,Egyptian,train
Egyptian_09__tile_r0001_c0000,Egyptian_09.png,Egyptian,train
Egyptian_09__tile_r0001_c0001,Egyptian_09.png,Egyptian,train
Egyptian_09__tile_r0001_c0002,Egyptian_09.png,Egyptian,train
Egyptian_09__tile_r0001_c0003,Egyptian_09.png,Egyptian,train
Egyptian_09__tile_r0002_c0000,Egyptian_09.png,Egyptian,train
Egyptian_09__tile_r0002_c0001,Egyptian_09.png,Egyptian,train
Egyptian_09__tile_r0002_c0002,Egyptian_09.png,Egyptian,train
Egyptian_09__tile_r0002_c0003,Egyptian_09.png,Egyptian,train
Egyptian_10__tile_r0000_c0000,Egyptian_10.png,Egyptian,train
Egyptian_10__tile_r0000_c0001,Egyptian_10.png,Egyptian,train
Egyptian_10__tile_r0000_c0002,Egyptian_10.png,Egyptian,train
Egyptian_10__tile_r0000_c0003,Egyptian_10.png,Egyptian,train
Egyptian_10__tile_r0001_c0000,Egyptian_10.png,Egyptian,train
Egyptian_10__tile_r0001_c0001,Egyptian_10.png,Egyptian,train
Egyptian_10__tile_r0001_c0002,Egyptian_10.png,Egyptian,train
Egyptian_10__tile_r0001_c0003,Egyptian_10.png,Egyptian,train
Egyptian_10__tile_r0002_c0000,Egyptian_10.png,Egyptian,train
Egyptian_10__tile_r0002_c0001,Egyptian_10.png,Egyptian,train
Egyptian_10__tile_r0002_c0002,Egyptian_10.png,Egyptian,train
Egyptian_10__tile_r0002_c0003,Egyptian_10.png,Egyptian,train
Egyptian_11__tile_r0000_c0000,Egyptian_11.png,Egyptian,train
Egyptian_11__tile_r0000_c0001,Egyptian_11.png,Egyptian,train
Egyptian_11__tile_r0000_c0002,Egyptian_11.png,Egyptian,train
Egyptian_11__tile_r0000_c0003,Egyptian_11.png,Egyptian,train
Egyptian_11__tile_r0001_c0000,Egyptian_11.png,Egyptian,train
Egyptian_11__tile_r0001_c0001,Egyptian_11.png,Egyptian,train
Egyptian_11__tile_r0001_c0002,Egyptian_11.png,Egyptian,train
Egyptian_11__tile_r0001_c0003,Egyptian_11.png,Egyptian,train
Egyptian_11__tile_r0002_c0000,Egyptian_11.png,Egyptian,train
Egyptian_11__tile_r0002_c0001,Egyptian_11.png,Egyptian,train
Egyptian_11__tile_r0002_c0002,Egyptian_11.png,Egyptian,train
Egyptian_11__tile_r0002_c0003,Egyptian_11.png,Egyptian,train
Egyptian_12__tile_r0000_c0000,Egyptian_12.png,Egyptian,train
Egyptian_12__tile_r0000_c0001,Egyptian_12.png,Egyptian,train
Egyptian_12__tile_r0000_c0002,Egyptian_12.png,Egyptian,train
Egyptian_12__tile_r0000_c0003,Egyptian_12.png,Egyptian,train
Egyptian_12__tile_r0001_c0000,Egyptian_12.png,Egyptian,train
Egyptian_12__tile_r0001_c0001,Egyptian_12.png,Egyptian,train
Egyptian_12__tile_r0001_c0002,Egyptian_12.png,Egyptian,train
Egyptian_12__tile_r0001_c0003,Egyptian_12.png,Egyptian,train
Egyptian_12__tile_r0002_c0000,Egyptian_12.png,Egyptian,train
Egyptian_12__tile_r0002_c0001,Egyptian_12.png,Egyptian,train
Egyptian_12__tile_r0002_c0002,Egyptian_12.png,Egyptian,train
Egyptian_12__tile_r0002_c0003,Egyptian_12.png,Egyptian,train
Egyptian_13__tile_r0000_c0000,Egyptian_13.png,Egyptian,train
Egyptian_13__tile_r0000_c0001,Egyptian_13.png,Egyptian,train
Egyptian_13__tile_r0000_c0002,Egyptian_13.png,Egyptian,train
Egyptian_13__tile_r0000_c0003,Egyptian_13.png,Egyptian,train
Egyptian_13__tile_r0001_c0000,Egyptian_13.png,Egyptian,train
Egyptian_13__tile_r0001_c0001,Egyptian_13.png,Egyptian,train
Egyptian_13__tile_r0001_c0002,Egyptian_13.png,Egyptian,train
Egyptian_13__tile_r0001_c0003,Egyptian_13.png,Egyptian,train
Egyptian_13__tile_r0002_c0000,Egyptian_13.png,Egyptian,train
Egyptian_13__tile_r0002_c0001,Egyptian_13.png,Egyptian,train
Egyptian_13__tile_r0002_c0002,Egyptian_13.png,Egyptian,train
Egyptian_13__tile_r0002_c0003,Egyptian_13.png,Egyptian,train
Egyptian_14__tile_r0000_c0000,Egyptian_14.png,Egyptian,train
Egyptian_14__tile_r0000_c0001,Egyptian_14.png,Egyptian,train
Egyptian_14__tile_r0000_c0002,Egyptian_14.png,Egyptian,train
Egyptian_14__tile_r0000_c0003,Egyptian_14.png,Egyptian,train
Egyptian_14__tile_r0001_c0000,Egyptian_14.png,Egyptian,train
Egyptian_14__tile_r0001_c0001,Egyptian_14.png,Egyptian,train
Egyptian_14__tile_r0001_c0002,Egyptian_14.png,Egyptian,train
Egyptian_14__tile_r0001_c0003,Egyptian_14.png,Egyptian,train
Egyptian_14__tile_r0002_c0000,Egyptian_14.png,Egyptian,train
Egyptian_14__tile_r0002_c0001,Egyptian_14.png,Egyptian,train
Egyptian_14__tile_r0002_c0002,Egyptian_14.png,Egyptian,train
Egyptian_14__tile_r0002_c0003,Egyptian_14.png,Egyptian,train
Egyptian_15__tile_r0000_c0000,Egyptian_15.png,Egyptian,train
Egyptian_15__tile_r0000_c0001,Egyptian_15.png,Egyptian,train
Egyptian_15__tile_r0000_c0002,Egyptian_15.png,Egyptian,train
Egyptian_15__tile_r0000_c0003,Egyptian_15.png,Egyptian,train
Egyptian_15__tile_r0001_c0000,Egyptian_15.png,Egyptian,train
Egyptian_15__tile_r0001_c0001,Egyptian_15.png,Egyptian,train
Egyptian_15__tile_r0001_c0002,Egyptian_15.png,Egyptian,train
Egyptian_15__tile_r0001_c0003,Egyptian_15.png,Egyptian,train
Egyptian_15__tile_r0002_c0000,Egyptian_15.png,Egyptian,train
Egyptian_15__tile_r0002_c0001,Egyptian_15.png,Egyptian,train
Egyptian_15__tile_r0002_c0002,Egyptian_15.png,Egyptian,train
Egyptian_15__tile_r0002_c0003,Egyptian_15.png,Egyptian,train
Grecian_01__tile_r0000_c0000,Grecian_01.png,Grecian,train
Grecian_01__tile_r0000_c0001,Grecian_01.png,Grecian,train
Grecian_01__tile_r0000_c0002,Grecian_01.png,Grecian,train
Grecian_01__tile_r0000_c0003,Grecian_01.png,Grecian,train
Grecian_01__tile_r0001_c0000,Grecian_01.png,Grecian,train
Grecian_01__tile_r0001_c0001,Grecian_01.png,Grecian,train
Grecian_01__tile_r0001_c0002,Grecian_01.png,Grecian,train
Grecian_01__tile_r0001_c0003,Grecian_01.png,Grecian,train
Grecian_02__tile_r0000_c0000,Grecian_02.png,Grecian,train
Grecian_02__tile_r0000_c0001,Grecian_02.png,Grecian,train
Grecian_02__tile_r0000_c0002,Grecian_02.png,Grecian,train
Grecian_02__tile_r0000_c0003,Grecian_02.png,Grecian,train
Grecian_02__tile_r0001_c0000,Grecian_02.png,Grecian,train
Grecian_02__tile_r0001_c0001,Grecian_02.png,Grecian,train
Grecian_02__tile_r0001_c0002,Grecian_02.png,Grecian,train
Grecian_02__tile_r0001_c0003,Grecian_02.png,Grecian,train
Grecian_02__tile_r0002_c0000,Grecian_02.png,Grecian,train
Grecian_02__tile_r0002_c0001,Grecian_02.png,Grecian,train
Grecian_02__tile_r0002_c0002,Grecian_02.png,Grecian,train
Grecian_02__tile_r0002_c0003,Grecian_02.png,Grecian,train
Grecian_03__tile_r0000_c0000,Grecian_03.png,Grecian,train
Grecian_03__tile_r0000_c0001,Grecian_03.png,Grecian,train
Grecian_03__tile_r0000_c0002,Grecian_03.png,Grecian,train
Grecian_03__tile_r0000_c0003,Grecian_03.png,Grecian,train
Grecian_03__tile_r0001_c0000,Grecian_03.png,Grecian,train
Grecian_03__tile_r0001_c0001,Grecian_03.png,Grecian,train
Grecian_03__tile_r0001_c0002,Grecian_03.png,Grecian,train
Grecian_03__tile_r0001_c0003,Grecian_03.png,Grecian,train
Grecian_03__tile_r0002_c0000,Grecian_03.png,Grecian,train
Grecian_03__tile_r0002_c0001,Grecian_03.png,Grecian,train
Grecian_03__tile_r0002_c0002,Grecian_03.png,Grecian,train
Grecian_03__tile_r0002_c0003,Grecian_03.png,Grecian,train
Grecian_04__tile_r0000_c0000,Grecian_04.png,Grecian,train
Grecian_04__tile_r0000_c0001,Grecian_04.png,Grecian,train
Grecian_04__tile_r0000_c0002,Grecian_04.png,Grecian,train
Grecian_04__tile_r0000_c0003,Grecian_04.png,Grecian,train
Grecian_04__tile_r0001_c0000,Grecian_04.png,Grecian,train
Grecian_04__tile_r0001_c0001,Grecian_04.png,Grecian,train
Grecian_04__tile_r0001_c0002,Grecian_04.png,Grecian,train
Grecian_04__tile_r0001_c0003,Grecian_04.png,Grecian,train
Grecian_04__tile_r0002_c0000,Grecian_04.png,Grecian,train
Grecian_04__tile_r0002_c0001,Grecian_04.png,Grecian,train
Grecian_04__tile_r0002_c0002,Grecian_04.png,Grecian,train
Grecian_04__tile_r0002_c0003,Grecian_04.png,Grecian,train
Grecian_05__tile_r0000_c0000,Grecian_05.png,Grecian,train
Grecian_05__tile_r0000_c0001,Grecian_05.png,Grecian,train
Grecian_05__tile_r0000_c0002,Grecian_05.png,Grecian,train
Grecian_05__tile_r0000_c0003,Grecian_05.png,Grecian,train
Heart_Failure_01__tile_r0000_c0000,Heart_Failure_01.png,Heart_Failure,val
Heart_Failure_01__tile_r0000_c0001,Heart_Failure_01.png,Heart_Failure,val
Heart_Failure_01__tile_r0000_c0002,Heart_Failure_01.png,Heart_Failure,val
Heart_Failure_01__tile_r0000_c0003,Heart_Failure_01.png,Heart_Failure,val
Heart_Failure_01__tile_r0001_c0000,Heart_Failure_01.png,Heart_Failure,val
Heart_Failure_01__tile_r0001_c0001,Heart_Failure_01.png,Heart_Failure,val
Heart_Failure_01__tile_r0001_c0002,Heart_Failure_01.png,Heart_Failure,val
Heart_Failure_01__tile_r0001_c0003,Heart_Failure_01.png,Heart_Failure,val
Heart_Failure_02__tile_r0000_c0000,Heart_Failure_02.png,Heart_Failure,val
Heart_Failure_02__tile_r0000_c0001,Heart_Failure_02.png,Heart_Failure,val
Heart_Failure_02__tile_r0000_c0002,Heart_Failure_02.png,Heart_Failure,val
Heart_Failure_02__tile_r0000_c0003,Heart_Failure_02.png,Heart_Failure,val
Heart_Failure_02__tile_r0001_c0000,Heart_Failure_02.png,Heart_Failure,val
Heart_Failure_02__tile_r0001_c0001,Heart_Failure_02.png,Heart_Failure,val
Heart_Failure_02__tile_r0001_c0002,Heart_Failure_02.png,Heart_Failure,val
Heart_Failure_02__tile_r0001_c0003,Heart_Failure_02.png,Heart_Failure,val
Heart_Failure_03__tile_r0000_c0000,Heart_Failure_03.png,Heart_Failure,val
Heart_Failure_03__tile_r0000_c0001,Heart_Failure_03.png,Heart_Failure,val
Heart_Failure_03__tile_r0000_c0002,Heart_Failure_03.png,Heart_Failure,val
Heart_Failure_03__tile_r0000_c0003,Heart_Failure_03.png,Heart_Failure,val
Heart_Failure_03__tile_r0001_c0000,Heart_Failure_03.png,Heart_Failure,val
Heart_Failure_03__tile_r0001_c0001,Heart_Failure_03.png,Heart_Failure,val
Heart_Failure_03__tile_r0001_c0002,Heart_Failure_03.png,Heart_Failure,val
Heart_Failure_03__tile_r0001_c0003,Heart_Failure_03.png,Heart_Failure,val
Heart_Failure_04__tile_r0000_c0000,Heart_Failure_04.png,Heart_Failure,val
Heart_Failure_04__tile_r0000_c0001,Heart_Failure_04.png,Heart_Failure,val
Heart_Failure_04__tile_r0000_c0002,Heart_Failure_04.png,Heart_Failure,val
Heart_Failure_04__tile_r0000_c0003,Heart_Failure_04.png,Heart_Failure,val
Heart_Failure_04__tile_r0001_c0000,Heart_Failure_04.png,Heart_Failure,val
Heart_Failure_04__tile_r0001_c0001,Heart_Failure_04.png,Heart_Failure,val
Heart_Failure_04__tile_r0001_c0002,Heart_Failure_04.png,Heart_Failure,val
Heart_Failure_04__tile_r0001_c0003,Heart_Failure_04.png,Heart_Failure,val
Heart_Failure_05__tile_r0000_c0000,Heart_Failure_05.png,Heart_Failure,val
Heart_Failure_05__tile_r0000_c0001,Heart_Failure_05.png,Heart_Failure,val
Heart_Failure_05__tile_r0000_c0002,Heart_Failure_05.png,Heart_Failure,val
Heart_Failure_05__tile_r0000_c0003,Heart_Failure_05.png,Heart_Failure,val
Heart_Failure_05__tile_r0001_c0000,Heart_Failure_05.png,Heart_Failure,val
Heart_Failure_05__tile_r0001_c0001,Heart_Failure_05.png,Heart_Failure,val
Heart_Failure_05__tile_r0001_c0002,Heart_Failure_05.png,Heart_Failure,val
Heart_Failure_05__tile_r0001_c0003,Heart_Failure_05.png,Heart_Failure,val
Heart_Failure_06__tile_r0000_c0000,Heart_Failure_06.png,Heart_Failure,val
Heart_Failure_06__tile_r0000_c0001,Heart_Failure_06.png,Heart_Failure,val
Heart_Failure_06__tile_r0000_c0002,Heart_Failure_06.png,Heart_Failure,val
Heart_Failure_06__tile_r0000_c0003,Heart_Failure_06.png,Heart_Failure,val
Heart_Failure_06__tile_r0001_c0000,Heart_Failure_06.png,Heart_Failure,val
Heart_Failure_06__tile_r0001_c0001,Heart_Failure_06.png,Heart_Failure,val
Heart_Failure_06__tile_r0001_c0002,Heart_Failure_06.png,Heart_Failure,val
Heart_Failure_06__tile_r0001_c0003,Heart_Failure_06.png,Heart_Failure,val
Heart_Failure_06__tile_r0002_c0000,Heart_Failure_06.png,Heart_Failure,val
Heart_Failure_06__tile_r0002_c0001,Heart_Failure_06.png,Heart_Failure,val
Heart_Failure_06__tile_r0002_c0002,Heart_Failure_06.png,Heart_Failure,val
Heart_Failure_06__tile_r0002_c0003,Heart_Failure_06.png,Heart_Failure,val
Heart_Failure_06__tile_r0003_c0000,Heart_Failure_06.png,Heart_Failure,val
Heart_Failure_06__tile_r0003_c0001,Heart_Failure_06.png,Heart_Failure,val
Heart_Failure_06__tile_r0003_c0002,Heart_Failure_06.png,Heart_Failure,val
Heart_Failure_06__tile_r0003_c0003,Heart_Failure_06.png,Heart_Failure,val
Heart_Failure_07__tile_r0000_c0000,Heart_Failure_07.png,Heart_Failure,val
Heart_Failure_07__tile_r0000_c0001,Heart_Failure_07.png,Heart_Failure,val
Heart_Failure_07__tile_r0000_c0002,Heart_Failure_07.png,Heart_Failure,val
Heart_Failure_07__tile_r0000_c0003,Heart_Failure_07.png,Heart_Failure,val
Heart_Failure_07__tile_r0001_c0000,Heart_Failure_07.png,Heart_Failure,val
Heart_Failure_07__tile_r0001_c0001,Heart_Failure_07.png,Heart_Failure,val
Heart_Failure_07__tile_r0001_c0002,Heart_Failure_07.png,Heart_Failure,val
Heart_Failure_07__tile_r0001_c0003,Heart_Failure_07.png,Heart_Failure,val
Heart_Failure_07__tile_r0002_c0000,Heart_Failure_07.png,Heart_Failure,val
Heart_Failure_07__tile_r0002_c0001,Heart_Failure_07.png,Heart_Failure,val
Heart_Failure_07__tile_r0002_c0002,Heart_Failure_07.png,Heart_Failure,val
Heart_Failure_07__tile_r0002_c0003,Heart_Failure_07.png,Heart_Failure,val
Heart_Failure_07__tile_r0003_c0000,Heart_Failure_07.png,Heart_Failure,val
Heart_Failure_07__tile_r0003_c0001,Heart_Failure_07.png,Heart_Failure,val
Heart_Failure_07__tile_r0003_c0002,Heart_Failure_07.png,Heart_Failure,val
Heart_Failure_07__tile_r0003_c0003,Heart_Failure_07.png,Heart_Failure,val
Heart_Failure_08__tile_r0000_c0000,Heart_Failure_08.png,Heart_Failure,val
Heart_Failure_08__tile_r0000_c0001,Heart_Failure_08.png,Heart_Failure,val
Heart_Failure_08__tile_r0000_c0002,Heart_Failure_08.png,Heart_Failure,val
Heart_Failure_08__tile_r0000_c0003,Heart_Failure_08.png,Heart_Failure,val
Heart_Failure_08__tile_r0001_c0000,Heart_Failure_08.png,Heart_Failure,val
Heart_Failure_08__tile_r0001_c0001,Heart_Failure_08.png,Heart_Failure,val
Heart_Failure_08__tile_r0001_c0002,Heart_Failure_08.png,Heart_Failure,val
Heart_Failure_08__tile_r0001_c0003,Heart_Failure_08.png,Heart_Failure,val
Heart_Failure_08__tile_r0002_c0000,Heart_Failure_08.png,Heart_Failure,val
Heart_Failure_08__tile_r0002_c0001,Heart_Failure_08.png,Heart_Failure,val
Heart_Failure_08__tile_r0002_c0002,Heart_Failure_08.png,Heart_Failure,val
Heart_Failure_08__tile_r0002_c0003,Heart_Failure_08.png,Heart_Failure,val
Heart_Failure_08__tile_r0003_c0000,Heart_Failure_08.png,Heart_Failure,val
Heart_Failure_08__tile_r0003_c0001,Heart_Failure_08.png,Heart_Failure,val
Heart_Failure_08__tile_r0003_c0002,Heart_Failure_08.png,Heart_Failure,val
Heart_Failure_08__tile_r0003_c0003,Heart_Failure_08.png,Heart_Failure,val
Heart_Failure_09__tile_r0000_c0000,Heart_Failure_09.png,Heart_Failure,val
Heart_Failure_09__tile_r0000_c0001,Heart_Failure_09.png,Heart_Failure,val
Heart_Failure_09__tile_r0000_c0002,Heart_Failure_09.png,Heart_Failure,val
Heart_Failure_09__tile_r0000_c0003,Heart_Failure_09.png,Heart_Failure,val
Heart_Failure_09__tile_r0001_c0000,Heart_Failure_09.png,Heart_Failure,val
Heart_Failure_09__tile_r0001_c0001,Heart_Failure_09.png,Heart_Failure,val
Heart_Failure_09__tile_r0001_c0002,Heart_Failure_09.png,Heart_Failure,val
Heart_Failure_09__tile_r0001_c0003,Heart_Failure_09.png,Heart_Failure,val
Heart_Failure_09__tile_r0002_c0000,Heart_Failure_09.png,Heart_Failure,val
Heart_Failure_09__tile_r0002_c0001,Heart_Failure_09.png,Heart_Failure,val
Heart_Failure_09__tile_r0002_c0002,Heart_Failure_09.png,Heart_Failure,val
Heart_Failure_09__tile_r0002_c0003,Heart_Failure_09.png,Heart_Failure,val
Heart_Failure_09__tile_r0003_c0000,Heart_Failure_09.png,Heart_Failure,val
Heart_Failure_09__tile_r0003_c0001,Heart_Failure_09.png,Heart_Failure,val
Heart_Failure_09__tile_r0003_c0002,Heart_Failure_09.png,Heart_Failure,val
Heart_Failure_09__tile_r0003_c0003,Heart_Failure_09.png,Heart_Failure,val
Heart_Failure_10__tile_r0000_c0000,Heart_Failure_10.png,Heart_Failure,val
Heart_Failure_10__tile_r0000_c0001,Heart_Failure_10.png,Heart_Failure,val
Heart_Failure_10__tile_r0000_c0002,Heart_Failure_10.png,Heart_Failure,val
Heart_Failure_10__tile_r0000_c0003,Heart_Failure_10.png,Heart_Failure,val
Heart_Failure_10__tile_r0001_c0000,Heart_Failure_10.png,Heart_Failure,val
Heart_Failure_10__tile_r0001_c0001,Heart_Failure_10.png,Heart_Failure,val
Heart_Failure_10__tile_r0001_c0002,Heart_Failure_10.png,Heart_Failure,val
Heart_Failure_10__tile_r0001_c0003,Heart_Failure_10.png,Heart_Failure,val
Heart_Failure_10__tile_r0002_c0000,Heart_Failure_10.png,Heart_Failure,val
Heart_Failure_10__tile_r0002_c0001,Heart_Failure_10.png,Heart_Failure,val
Heart_Failure_10__tile_r0002_c0002,Heart_Failure_10.png,Heart_Failure,val
Heart_Failure_10__tile_r0002_c0003,Heart_Failure_10.png,Heart_Failure,val
Heart_Failure_10__tile_r0003_c0000,Heart_Failure_10.png,Heart_Failure,val
Heart_Failure_10__tile_r0003_c0001,Heart_Failure_10.png,Heart_Failure,val
Heart_Failure_10__tile_r0003_c0002,Heart_Failure_10.png,Heart_Failure,val
Heart_Failure_10__tile_r0003_c0003,Heart_Failure_10.png,Heart_Failure,val
Heart_Failure_11__tile_r0000_c0000,Heart_Failure_11.png,Heart_Failure,val
Heart_Failure_11__tile_r0000_c0001,Heart_Failure_11.png,Heart_Failure,val
Heart_Failure_11__tile_r0000_c0002,Heart_Failure_11.png,Heart_Failure,val
Heart_Failure_11__tile_r0000_c0003,Heart_Failure_11.png,Heart_Failure,val
Heart_Failure_11__tile_r0001_c0000,Heart_Failure_11.png,Heart_Failure,val
Heart_Failure_11__tile_r0001_c0001,Heart_Failure_11.png,Heart_Failure,val
Heart_Failure_11__tile_r0001_c0002,Heart_Failure_11.png,Heart_Failure,val
Heart_Failure_11__tile_r0001_c0003,Heart_Failure_11.png,Heart_Failure,val
Heart_Failure_11__tile_r0002_c0000,Heart_Failure_11.png,Heart_Failure,val
Heart_Failure_11__tile_r0002_c0001,Heart_Failure_11.png,Heart_Failure,val
Heart_Failure_11__tile_r0002_c0002,Heart_Failure_11.png,Heart_Failure,val
Heart_Failure_11__tile_r0002_c0003,Heart_Failure_11.png,Heart_Failure,val
Heart_Failure_11__tile_r0003_c0000,Heart_Failure_11.png,Heart_Failure,val
Heart_Failure_11__tile_r0003_c0001,Heart_Failure_11.png,Heart_Failure,val
Heart_Failure_11__tile_r0003_c0002,Heart_Failure_11.png,Heart_Failure,val
Heart_Failure_11__tile_r0003_c0003,Heart_Failure_11.png,Heart_Failure,val
Heart_Failure_12__tile_r0000_c0000,Heart_Failure_12.png,Heart_Failure,val
Heart_Failure_12__tile_r0000_c0001,Heart_Failure_12.png,Heart_Failure,val
Heart_Failure_12__tile_r0000_c0002,Heart_Failure_12.png,Heart_Failure,val
Heart_Failure_12__tile_r0000_c0003,Heart_Failure_12.png,Heart_Failure,val
Heart_Failure_12__tile_r0001_c0000,Heart_Failure_12.png,Heart_Failure,val
Heart_Failure_12__tile_r0001_c0001,Heart_Failure_12.png,Heart_Failure,val
Heart_Failure_12__tile_r0001_c0002,Heart_Failure_12.png,Heart_Failure,val
Heart_Failure_12__tile_r0001_c0003,Heart_Failure_12.png,Heart_Failure,val
Heart_Failure_12__tile_r0002_c0000,Heart_Failure_12.png,Heart_Failure,val
Heart_Failure_12__tile_r0002_c0001,Heart_Failure_12.png,Heart_Failure,val
Heart_Failure_12__tile_r0002_c0002,Heart_Failure_12.png,Heart_Failure,val
Heart_Failure_12__tile_r0002_c0003,Heart_Failure_12.png,Heart_Failure,val
Heart_Failure_12__tile_r0003_c0000,Heart_Failure_12.png,Heart_Failure,val
Heart_Failure_12__tile_r0003_c0001,Heart_Failure_12.png,Heart_Failure,val
Heart_Failure_12__tile_r0003_c0002,Heart_Failure_12.png,Heart_Failure,val
Heart_Failure_12__tile_r0003_c0003,Heart_Failure_12.png,Heart_Failure,val
Isaac_M_Scott_01__tile_r0000_c0000,Isaac_M_Scott_01.png,Isaac_M_Scott,val
Isaac_M_Scott_01__tile_r0000_c0001,Isaac_M_Scott_01.png,Isaac_M_Scott,val
Isaac_M_Scott_01__tile_r0000_c0002,Isaac_M_Scott_01.png,Isaac_M_Scott,val
Isaac_M_Scott_01__tile_r0000_c0003,Isaac_M_Scott_01.png,Isaac_M_Scott,val
Isaac_M_Scott_01__tile_r0001_c0000,Isaac_M_Scott_01.png,Isaac_M_Scott,val
Isaac_M_Scott_01__tile_r0001_c0001,Isaac_M_Scott_01.png,Isaac_M_Scott,val
Isaac_M_Scott_01__tile_r0001_c0002,Isaac_M_Scott_01.png,Isaac_M_Scott,val
Isaac_M_Scott_01__tile_r0001_c0003,Isaac_M_Scott_01.png,Isaac_M_Scott,val
Isaac_M_Scott_01__tile_r0002_c0000,Isaac_M_Scott_01.png,Isaac_M_Scott,val
Isaac_M_Scott_01__tile_r0002_c0001,Isaac_M_Scott_01.png,Isaac_M_Scott,val
Isaac_M_Scott_01__tile_r0002_c0002,Isaac_M_Scott_01.png,Isaac_M_Scott,val
Isaac_M_Scott_01__tile_r0002_c0003,Isaac_M_Scott_01.png,Isaac_M_Scott,val
Isaac_M_Scott_01__tile_r0003_c0000,Isaac_M_Scott_01.png,Isaac_M_Scott,val
Isaac_M_Scott_01__tile_r0003_c0001,Isaac_M_Scott_01.png,Isaac_M_Scott,val
Isaac_M_Scott_01__tile_r0003_c0002,Isaac_M_Scott_01.png,Isaac_M_Scott,val
Isaac_M_Scott_01__tile_r0003_c0003,Isaac_M_Scott_01.png,Isaac_M_Scott,val
Isaac_M_Scott_01__tile_r0004_c0000,Isaac_M_Scott_01.png,Isaac_M_Scott,val
Isaac_M_Scott_01__tile_r0004_c0001,Isaac_M_Scott_01.png,Isaac_M_Scott,val
Isaac_M_Scott_01__tile_r0004_c0002,Isaac_M_Scott_01.png,Isaac_M_Scott,val
Isaac_M_Scott_01__tile_r0004_c0003,Isaac_M_Scott_01.png,Isaac_M_Scott,val
Isaac_M_Scott_02__tile_r0000_c0000,Isaac_M_Scott_02.png,Isaac_M_Scott,val
Isaac_M_Scott_02__tile_r0000_c0001,Isaac_M_Scott_02.png,Isaac_M_Scott,val
Isaac_M_Scott_02__tile_r0000_c0002,Isaac_M_Scott_02.png,Isaac_M_Scott,val
Isaac_M_Scott_02__tile_r0000_c0003,Isaac_M_Scott_02.png,Isaac_M_Scott,val
Isaac_M_Scott_02__tile_r0001_c0000,Isaac_M_Scott_02.png,Isaac_M_Scott,val
Isaac_M_Scott_02__tile_r0001_c0001,Isaac_M_Scott_02.png,Isaac_M_Scott,val
Isaac_M_Scott_02__tile_r0001_c0002,Isaac_M_Scott_02.png,Isaac_M_Scott,val
Isaac_M_Scott_02__tile_r0001_c0003,Isaac_M_Scott_02.png,Isaac_M_Scott,val
Isaac_M_Scott_02__tile_r0002_c0000,Isaac_M_Scott_02.png,Isaac_M_Scott,val
Isaac_M_Scott_02__tile_r0002_c0001,Isaac_M_Scott_02.png,Isaac_M_Scott,val
Isaac_M_Scott_02__tile_r0002_c0002,Isaac_M_Scott_02.png,Isaac_M_Scott,val
Isaac_M_Scott_02__tile_r0002_c0003,Isaac_M_Scott_02.png,Isaac_M_Scott,val
Isaac_M_Scott_02__tile_r0003_c0000,Isaac_M_Scott_02.png,Isaac_M_Scott,val
Isaac_M_Scott_02__tile_r0003_c0001,Isaac_M_Scott_02.png,Isaac_M_Scott,val
Isaac_M_Scott_02__tile_r0003_c0002,Isaac_M_Scott_02.png,Isaac_M_Scott,val
Isaac_M_Scott_02__tile_r0003_c0003,Isaac_M_Scott_02.png,Isaac_M_Scott,val
Isaac_M_Scott_02__tile_r0004_c0000,Isaac_M_Scott_02.png,Isaac_M_Scott,val
Isaac_M_Scott_02__tile_r0004_c0001,Isaac_M_Scott_02.png,Isaac_M_Scott,val
Isaac_M_Scott_02__tile_r0004_c0002,Isaac_M_Scott_02.png,Isaac_M_Scott,val
Isaac_M_Scott_02__tile_r0004_c0003,Isaac_M_Scott_02.png,Isaac_M_Scott,val
Isaac_M_Scott_03__tile_r0000_c0000,Isaac_M_Scott_03.png,Isaac_M_Scott,val
Isaac_M_Scott_03__tile_r0000_c0001,Isaac_M_Scott_03.png,Isaac_M_Scott,val
Isaac_M_Scott_03__tile_r0000_c0002,Isaac_M_Scott_03.png,Isaac_M_Scott,val
Isaac_M_Scott_03__tile_r0000_c0003,Isaac_M_Scott_03.png,Isaac_M_Scott,val
Isaac_M_Scott_03__tile_r0001_c0000,Isaac_M_Scott_03.png,Isaac_M_Scott,val
Isaac_M_Scott_03__tile_r0001_c0001,Isaac_M_Scott_03.png,Isaac_M_Scott,val
Isaac_M_Scott_03__tile_r0001_c0002,Isaac_M_Scott_03.png,Isaac_M_Scott,val
Isaac_M_Scott_03__tile_r0001_c0003,Isaac_M_Scott_03.png,Isaac_M_Scott,val
Isaac_M_Scott_03__tile_r0002_c0000,Isaac_M_Scott_03.png,Isaac_M_Scott,val
Isaac_M_Scott_03__tile_r0002_c0001,Isaac_M_Scott_03.png,Isaac_M_Scott,val
Isaac_M_Scott_03__tile_r0002_c0002,Isaac_M_Scott_03.png,Isaac_M_Scott,val
Isaac_M_Scott_03__tile_r0002_c0003,Isaac_M_Scott_03.png,Isaac_M_Scott,val
Isaac_M_Scott_03__tile_r0003_c0000,Isaac_M_Scott_03.png,Isaac_M_Scott,val
Isaac_M_Scott_03__tile_r0003_c0001,Isaac_M_Scott_03.png,Isaac_M_Scott,val
Isaac_M_Scott_03__tile_r0003_c0002,Isaac_M_Scott_03.png,Isaac_M_Scott,val
Isaac_M_Scott_03__tile_r0003_c0003,Isaac_M_Scott_03.png,Isaac_M_Scott,val
Isaac_M_Scott_03__tile_r0004_c0000,Isaac_M_Scott_03.png,Isaac_M_Scott,val
Isaac_M_Scott_03__tile_r0004_c0001,Isaac_M_Scott_03.png,Isaac_M_Scott,val
Isaac_M_Scott_03__tile_r0004_c0002,Isaac_M_Scott_03.png,Isaac_M_Scott,val
Isaac_M_Scott_03__tile_r0004_c0003,Isaac_M_Scott_03.png,Isaac_M_Scott,val
Isaac_M_Scott_04__tile_r0000_c0000,Isaac_M_Scott_04.png,Isaac_M_Scott,val
Isaac_M_Scott_04__tile_r0000_c0001,Isaac_M_Scott_04.png,Isaac_M_Scott,val
Isaac_M_Scott_04__tile_r0000_c0002,Isaac_M_Scott_04.png,Isaac_M_Scott,val
Isaac_M_Scott_04__tile_r0000_c0003,Isaac_M_Scott_04.png,Isaac_M_Scott,val
Isaac_M_Scott_04__tile_r0001_c0000,Isaac_M_Scott_04.png,Isaac_M_Scott,val
Isaac_M_Scott_04__tile_r0001_c0001,Isaac_M_Scott_04.png,Isaac_M_Scott,val
Isaac_M_Scott_04__tile_r0001_c0002,Isaac_M_Scott_04.png,Isaac_M_Scott,val
Isaac_M_Scott_04__tile_r0001_c0003,Isaac_M_Scott_04.png,Isaac_M_Scott,val
Isaac_M_Scott_04__tile_r0002_c0000,Isaac_M_Scott_04.png,Isaac_M_Scott,val
Isaac_M_Scott_04__tile_r0002_c0001,Isaac_M_Scott_04.png,Isaac_M_Scott,val
Isaac_M_Scott_04__tile_r0002_c0002,Isaac_M_Scott_04.png,Isaac_M_Scott,val
Isaac_M_Scott_04__tile_r0002_c0003,Isaac_M_Scott_04.png,Isaac_M_Scott,val
Isaac_M_Scott_04__tile_r0003_c0000,Isaac_M_Scott_04.png,Isaac_M_Scott,val
Isaac_M_Scott_04__tile_r0003_c0001,Isaac_M_Scott_04.png,Isaac_M_Scott,val
Isaac_M_Scott_04__tile_r0003_c0002,Isaac_M_Scott_04.png,Isaac_M_Scott,val
Isaac_M_Scott_04__tile_r0003_c0003,Isaac_M_Scott_04.png,Isaac_M_Scott,val
Isaac_M_Scott_04__tile_r0004_c0000,Isaac_M_Scott_04.png,Isaac_M_Scott,val
Isaac_M_Scott_04__tile_r0004_c0001,Isaac_M_Scott_04.png,Isaac_M_Scott,val
Isaac_M_Scott_04__tile_r0004_c0002,Isaac_M_Scott_04.png,Isaac_M_Scott,val
Isaac_M_Scott_04__tile_r0004_c0003,Isaac_M_Scott_04.png,Isaac_M_Scott,val
Isaac_M_Scott_05__tile_r0000_c0000,Isaac_M_Scott_05.png,Isaac_M_Scott,val
Isaac_M_Scott_05__tile_r0000_c0001,Isaac_M_Scott_05.png,Isaac_M_Scott,val
Isaac_M_Scott_05__tile_r0000_c0002,Isaac_M_Scott_05.png,Isaac_M_Scott,val
Isaac_M_Scott_05__tile_r0000_c0003,Isaac_M_Scott_05.png,Isaac_M_Scott,val
Isaac_M_Scott_05__tile_r0001_c0000,Isaac_M_Scott_05.png,Isaac_M_Scott,val
Isaac_M_Scott_05__tile_r0001_c0001,Isaac_M_Scott_05.png,Isaac_M_Scott,val
Isaac_M_Scott_05__tile_r0001_c0002,Isaac_M_Scott_05.png,Isaac_M_Scott,val
Isaac_M_Scott_05__tile_r0001_c0003,Isaac_M_Scott_05.png,Isaac_M_Scott,val
Isaac_M_Scott_05__tile_r0002_c0000,Isaac_M_Scott_05.png,Isaac_M_Scott,val
Isaac_M_Scott_05__tile_r0002_c0001,Isaac_M_Scott_05.png,Isaac_M_Scott,val
Isaac_M_Scott_05__tile_r0002_c0002,Isaac_M_Scott_05.png,Isaac_M_Scott,val
Isaac_M_Scott_05__tile_r0002_c0003,Isaac_M_Scott_05.png,Isaac_M_Scott,val
Isaac_M_Scott_06__tile_r0000_c0000,Isaac_M_Scott_06.png,Isaac_M_Scott,val
Isaac_M_Scott_06__tile_r0000_c0001,Isaac_M_Scott_06.png,Isaac_M_Scott,val
Isaac_M_Scott_06__tile_r0000_c0002,Isaac_M_Scott_06.png,Isaac_M_Scott,val
Isaac_M_Scott_06__tile_r0000_c0003,Isaac_M_Scott_06.png,Isaac_M_Scott,val
Isaac_M_Scott_06__tile_r0001_c0000,Isaac_M_Scott_06.png,Isaac_M_Scott,val
Isaac_M_Scott_06__tile_r0001_c0001,Isaac_M_Scott_06.png,Isaac_M_Scott,val
Isaac_M_Scott_06__tile_r0001_c0002,Isaac_M_Scott_06.png,Isaac_M_Scott,val
Isaac_M_Scott_06__tile_r0001_c0003,Isaac_M_Scott_06.png,Isaac_M_Scott,val
Isaac_M_Scott_06__tile_r0002_c0000,Isaac_M_Scott_06.png,Isaac_M_Scott,val
Isaac_M_Scott_06__tile_r0002_c0001,Isaac_M_Scott_06.png,Isaac_M_Scott,val
Isaac_M_Scott_06__tile_r0002_c0002,Isaac_M_Scott_06.png,Isaac_M_Scott,val
Isaac_M_Scott_06__tile_r0002_c0003,Isaac_M_Scott_06.png,Isaac_M_Scott,val
Montana_01__tile_r0000_c0000,Montana_01.png,Montana,train
Montana_01__tile_r0000_c0001,Montana_01.png,Montana,train
Montana_01__tile_r0000_c0002,Montana_01.png,Montana,train
Montana_01__tile_r0000_c0003,Montana_01.png,Montana,train
Montana_01__tile_r0001_c0000,Montana_01.png,Montana,train
Montana_01__tile_r0001_c0001,Montana_01.png,Montana,train
Montana_01__tile_r0001_c0002,Montana_01.png,Montana,train
Montana_01__tile_r0001_c0003,Montana_01.png,Montana,train
Montana_01__tile_r0002_c0000,Montana_01.png,Montana,train
Montana_01__tile_r0002_c0001,Montana_01.png,Montana,train
Montana_01__tile_r0002_c0002,Montana_01.png,Montana,train
Montana_01__tile_r0002_c0003,Montana_01.png,Montana,train
Montana_01__tile_r0003_c0000,Montana_01.png,Montana,train
Montana_01__tile_r0003_c0001,Montana_01.png,Montana,train
Montana_01__tile_r0003_c0002,Montana_01.png,Montana,train
Montana_01__tile_r0003_c0003,Montana_01.png,Montana,train
Montana_01__tile_r0004_c0000,Montana_01.png,Montana,train
Montana_01__tile_r0004_c0001,Montana_01.png,Montana,train
Montana_01__tile_r0004_c0002,Montana_01.png,Montana,train
Montana_01__tile_r0004_c0003,Montana_01.png,Montana,train
Montana_01__tile_r0005_c0000,Montana_01.png,Montana,train
Montana_01__tile_r0005_c0001,Montana_01.png,Montana,train
Montana_01__tile_r0005_c0002,Montana_01.png,Montana,train
Montana_01__tile_r0005_c0003,Montana_01.png,Montana,train
Montana_02__tile_r0000_c0000,Montana_02.png,Montana,train
Montana_02__tile_r0000_c0001,Montana_02.png,Montana,train
Montana_02__tile_r0000_c0002,Montana_02.png,Montana,train
Montana_02__tile_r0000_c0003,Montana_02.png,Montana,train
Montana_02__tile_r0001_c0000,Montana_02.png,Montana,train
Montana_02__tile_r0001_c0001,Montana_02.png,Montana,train
Montana_02__tile_r0001_c0002,Montana_02.png,Montana,train
Montana_02__tile_r0001_c0003,Montana_02.png,Montana,train
Montana_02__tile_r0002_c0000,Montana_02.png,Montana,train
Montana_02__tile_r0002_c0001,Montana_02.png,Montana,train
Montana_02__tile_r0002_c0002,Montana_02.png,Montana,train
Montana_02__tile_r0002_c0003,Montana_02.png,Montana,train
Montana_02__tile_r0003_c0000,Montana_02.png,Montana,train
Montana_02__tile_r0003_c0001,Montana_02.png,Montana,train
Montana_02__tile_r0003_c0002,Montana_02.png,Montana,train
Montana_02__tile_r0003_c0003,Montana_02.png,Montana,train
Montana_02__tile_r0004_c0000,Montana_02.png,Montana,train
Montana_02__tile_r0004_c0001,Montana_02.png,Montana,train
Montana_02__tile_r0004_c0002,Montana_02.png,Montana,train
Montana_02__tile_r0004_c0003,Montana_02.png,Montana,train
Montana_03__tile_r0000_c0000,Montana_03.png,Montana,train
Montana_03__tile_r0000_c0001,Montana_03.png,Montana,train
Montana_03__tile_r0000_c0002,Montana_03.png,Montana,train
Montana_03__tile_r0000_c0003,Montana_03.png,Montana,train
Montana_03__tile_r0001_c0000,Montana_03.png,Montana,train
Montana_03__tile_r0001_c0001,Montana_03.png,Montana,train
Montana_03__tile_r0001_c0002,Montana_03.png,Montana,train
Montana_03__tile_r0001_c0003,Montana_03.png,Montana,train
Montana_03__tile_r0002_c0000,Montana_03.png,Montana,train
Montana_03__tile_r0002_c0001,Montana_03.png,Montana,train
Montana_03__tile_r0002_c0002,Montana_03.png,Montana,train
Montana_03__tile_r0002_c0003,Montana_03.png,Montana,train
Montana_03__tile_r0003_c0000,Montana_03.png,Montana,train
Montana_03__tile_r0003_c0001,Montana_03.png,Montana,train
Montana_03__tile_r0003_c0002,Montana_03.png,Montana,train
Montana_03__tile_r0003_c0003,Montana_03.png,Montana,train
Montana_03__tile_r0004_c0000,Montana_03.png,Montana,train
Montana_03__tile_r0004_c0001,Montana_03.png,Montana,train
Montana_03__tile_r0004_c0002,Montana_03.png,Montana,train
Montana_03__tile_r0004_c0003,Montana_03.png,Montana,train
Montana_03__tile_r0005_c0000,Montana_03.png,Montana,train
Montana_03__tile_r0005_c0001,Montana_03.png,Montana,train
Montana_03__tile_r0005_c0002,Montana_03.png,Montana,train
Montana_03__tile_r0005_c0003,Montana_03.png,Montana,train
Montana_04__tile_r0000_c0000,Montana_04.png,Montana,train
Montana_04__tile_r0000_c0001,Montana_04.png,Montana,train
Montana_04__tile_r0000_c0002,Montana_04.png,Montana,train
Montana_04__tile_r0000_c0003,Montana_04.png,Montana,train
Montana_04__tile_r0001_c0000,Montana_04.png,Montana,train
Montana_04__tile_r0001_c0001,Montana_04.png,Montana,train
Montana_04__tile_r0001_c0002,Montana_04.png,Montana,train
Montana_04__tile_r0001_c0003,Montana_04.png,Montana,train
Montana_04__tile_r0002_c0000,Montana_04.png,Montana,train
Montana_04__tile_r0002_c0001,Montana_04.png,Montana,train
Montana_04__tile_r0002_c0002,Montana_04.png,Montana,train
Montana_04__tile_r0002_c0003,Montana_04.png,Montana,train
Montana_04__tile_r0003_c0000,Montana_04.png,Montana,train
Montana_04__tile_r0003_c0001,Montana_04.png,Montana,train
Montana_04__tile_r0003_c0002,Montana_04.png,Montana,train
Montana_04__tile_r0003_c0003,Montana_04.png,Montana,train
Montana_04__tile_r0004_c0000,Montana_04.png,Montana,train
Montana_04__tile_r0004_c0001,Montana_04.png,Montana,train
Montana_04__tile_r0004_c0002,Montana_04.png,Montana,train
Montana_04__tile_r0004_c0003,Montana_04.png,Montana,train
Montana_04__tile_r0005_c0000,Montana_04.png,Montana,train
Montana_04__tile_r0005_c0001,Montana_04.png,Montana,train
Montana_04__tile_r0005_c0002,Montana_04.png,Montana,train
Montana_04__tile_r0005_c0003,Montana_04.png,Montana,train
Montana_05__tile_r0000_c0000,Montana_05.png,Montana,train
Montana_05__tile_r0000_c0001,Montana_05.png,Montana,train
Montana_05__tile_r0000_c0002,Montana_05.png,Montana,train
Montana_05__tile_r0000_c0003,Montana_05.png,Montana,train
Montana_05__tile_r0001_c0000,Montana_05.png,Montana,train
Montana_05__tile_r0001_c0001,Montana_05.png,Montana,train
Montana_05__tile_r0001_c0002,Montana_05.png,Montana,train
Montana_05__tile_r0001_c0003,Montana_05.png,Montana,train
Montana_05__tile_r0002_c0000,Montana_05.png,Montana,train
Montana_05__tile_r0002_c0001,Montana_05.png,Montana,train
Montana_05__tile_r0002_c0002,Montana_05.png,Montana,train
Montana_05__tile_r0002_c0003,Montana_05.png,Montana,train
Montana_05__tile_r0003_c0000,Montana_05.png,Montana,train
Montana_05__tile_r0003_c0001,Montana_05.png,Montana,train
Montana_05__tile_r0003_c0002,Montana_05.png,Montana,train
Montana_05__tile_r0003_c0003,Montana_05.png,Montana,train
Montana_05__tile_r0004_c0000,Montana_05.png,Montana,train
Montana_05__tile_r0004_c0001,Montana_05.png,Montana,train
Montana_05__tile_r0004_c0002,Montana_05.png,Montana,train
Montana_05__tile_r0004_c0003,Montana_05.png,Montana,train
Montana_05__tile_r0005_c0000,Montana_05.png,Montana,train
Montana_05__tile_r0005_c0001,Montana_05.png,Montana,train
Montana_05__tile_r0005_c0002,Montana_05.png,Montana,train
Montana_05__tile_r0005_c0003,Montana_05.png,Montana,train
Montana_06__tile_r0000_c0000,Montana_06.png,Montana,train
Montana_06__tile_r0000_c0001,Montana_06.png,Montana,train
Montana_06__tile_r0000_c0002,Montana_06.png,Montana,train
Montana_06__tile_r0000_c0003,Montana_06.png,Montana,train
Montana_06__tile_r0001_c0000,Montana_06.png,Montana,train
Montana_06__tile_r0001_c0001,Montana_06.png,Montana,train
Montana_06__tile_r0001_c0002,Montana_06.png,Montana,train
Montana_06__tile_r0001_c0003,Montana_06.png,Montana,train
Montana_06__tile_r0002_c0000,Montana_06.png,Montana,train
Montana_06__tile_r0002_c0001,Montana_06.png,Montana,train
Montana_06__tile_r0002_c0002,Montana_06.png,Montana,train
Montana_06__tile_r0002_c0003,Montana_06.png,Montana,train
Montana_06__tile_r0003_c0000,Montana_06.png,Montana,train
Montana_06__tile_r0003_c0001,Montana_06.png,Montana,train
Montana_06__tile_r0003_c0002,Montana_06.png,Montana,train
Montana_06__tile_r0003_c0003,Montana_06.png,Montana,train
Montana_06__tile_r0004_c0000,Montana_06.png,Montana,train
Montana_06__tile_r0004_c0001,Montana_06.png,Montana,train
Montana_06__tile_r0004_c0002,Montana_06.png,Montana,train
Montana_06__tile_r0004_c0003,Montana_06.png,Montana,train
Montana_06__tile_r0005_c0000,Montana_06.png,Montana,train
Montana_06__tile_r0005_c0001,Montana_06.png,Montana,train
Montana_06__tile_r0005_c0002,Montana_06.png,Montana,train
Montana_06__tile_r0005_c0003,Montana_06.png,Montana,train
Montana_07__tile_r0000_c0000,Montana_07.png,Montana,train
Montana_07__tile_r0000_c0001,Montana_07.png,Montana,train
Montana_07__tile_r0000_c0002,Montana_07.png,Montana,train
Montana_07__tile_r0000_c0003,Montana_07.png,Montana,train
Montana_07__tile_r0001_c0000,Montana_07.png,Montana,train
Montana_07__tile_r0001_c0001,Montana_07.png,Montana,train
Montana_07__tile_r0001_c0002,Montana_07.png,Montana,train
Montana_07__tile_r0001_c0003,Montana_07.png,Montana,train
Montana_07__tile_r0002_c0000,Montana_07.png,Montana,train
Montana_07__tile_r0002_c0001,Montana_07.png,Montana,train
Montana_07__tile_r0002_c0002,Montana_07.png,Montana,train
Montana_07__tile_r0002_c0003,Montana_07.png,Montana,train
Montana_07__tile_r0003_c0000,Montana_07.png,Montana,train
Montana_07__tile_r0003_c0001,Montana_07.png,Montana,train
Montana_07__tile_r0003_c0002,Montana_07.png,Montana,train
Montana_07__tile_r0003_c0003,Montana_07.png,Montana,train
Montana_07__tile_r0004_c0000,Montana_07.png,Montana,train
Montana_07__tile_r0004_c0001,Montana_07.png,Montana,train
Montana_07__tile_r0004_c0002,Montana_07.png,Montana,train
Montana_07__tile_r0004_c0003,Montana_07.png,Montana,train
Montana_07__tile_r0005_c0000,Montana_07.png,Montana,train
Montana_07__tile_r0005_c0001,Montana_07.png,Montana,train
Montana_07__tile_r0005_c0002,Montana_07.png,Montana,train
Montana_07__tile_r0005_c0003,Montana_07.png,Montana,train
Montana_08__tile_r0000_c0000,Montana_08.png,Montana,train
Montana_08__tile_r0000_c0001,Montana_08.png,Montana,train
Montana_08__tile_r0000_c0002,Montana_08.png,Montana,train
Montana_08__tile_r0000_c0003,Montana_08.png,Montana,train
Montana_08__tile_r0001_c0000,Montana_08.png,Montana,train
Montana_08__tile_r0001_c0001,Montana_08.png,Montana,train
Montana_08__tile_r0001_c0002,Montana_08.png,Montana,train
Montana_08__tile_r0001_c0003,Montana_08.png,Montana,train
Montana_08__tile_r0002_c0000,Montana_08.png,Montana,train
Montana_08__tile_r0002_c0001,Montana_08.png,Montana,train
Montana_08__tile_r0002_c0002,Montana_08.png,Montana,train
Montana_08__tile_r0002_c0003,Montana_08.png,Montana,train
Montana_08__tile_r0003_c0000,Montana_08.png,Montana,train
Montana_08__tile_r0003_c0001,Montana_08.png,Montana,train
Montana_08__tile_r0003_c0002,Montana_08.png,Montana,train
Montana_08__tile_r0003_c0003,Montana_08.png,Montana,train
Montana_08__tile_r0004_c0000,Montana_08.png,Montana,train
Montana_08__tile_r0004_c0001,Montana_08.png,Montana,train
Montana_08__tile_r0004_c0002,Montana_08.png,Montana,train
Montana_08__tile_r0004_c0003,Montana_08.png,Montana,train
Montana_08__tile_r0005_c0000,Montana_08.png,Montana,train
Montana_08__tile_r0005_c0001,Montana_08.png,Montana,train
Montana_08__tile_r0005_c0002,Montana_08.png,Montana,train
Montana_08__tile_r0005_c0003,Montana_08.png,Montana,train
Near_Shore_01__tile_r0000_c0000,Near_Shore_01.png,Near_Shore,train
Near_Shore_01__tile_r0000_c0001,Near_Shore_01.png,Near_Shore,train
Near_Shore_01__tile_r0000_c0002,Near_Shore_01.png,Near_Shore,train
Near_Shore_01__tile_r0000_c0003,Near_Shore_01.png,Near_Shore,train
Near_Shore_01__tile_r0001_c0000,Near_Shore_01.png,Near_Shore,train
Near_Shore_01__tile_r0001_c0001,Near_Shore_01.png,Near_Shore,train
Near_Shore_01__tile_r0001_c0002,Near_Shore_01.png,Near_Shore,train
Near_Shore_01__tile_r0001_c0003,Near_Shore_01.png,Near_Shore,train
Near_Shore_01__tile_r0002_c0000,Near_Shore_01.png,Near_Shore,train
Near_Shore_01__tile_r0002_c0001,Near_Shore_01.png,Near_Shore,train
Near_Shore_01__tile_r0002_c0002,Near_Shore_01.png,Near_Shore,train
Near_Shore_01__tile_r0002_c0003,Near_Shore_01.png,Near_Shore,train
Near_Shore_01__tile_r0003_c0000,Near_Shore_01.png,Near_Shore,train
Near_Shore_01__tile_r0003_c0001,Near_Shore_01.png,Near_Shore,train
Near_Shore_01__tile_r0003_c0002,Near_Shore_01.png,Near_Shore,train
Near_Shore_01__tile_r0003_c0003,Near_Shore_01.png,Near_Shore,train
Near_Shore_01__tile_r0004_c0000,Near_Shore_01.png,Near_Shore,train
Near_Shore_01__tile_r0004_c0001,Near_Shore_01.png,Near_Shore,train
Near_Shore_01__tile_r0004_c0002,Near_Shore_01.png,Near_Shore,train
Near_Shore_01__tile_r0004_c0003,Near_Shore_01.png,Near_Shore,train
Near_Shore_01__tile_r0005_c0000,Near_Shore_01.png,Near_Shore,train
Near_Shore_01__tile_r0005_c0001,Near_Shore_01.png,Near_Shore,train
Near_Shore_01__tile_r0005_c0002,Near_Shore_01.png,Near_Shore,train
Near_Shore_01__tile_r0005_c0003,Near_Shore_01.png,Near_Shore,train
Near_Shore_01__tile_r0006_c0000,Near_Shore_01.png,Near_Shore,train
Near_Shore_01__tile_r0006_c0001,Near_Shore_01.png,Near_Shore,train
Near_Shore_01__tile_r0006_c0002,Near_Shore_01.png,Near_Shore,train
Near_Shore_01__tile_r0006_c0003,Near_Shore_01.png,Near_Shore,train
Near_Shore_01__tile_r0007_c0000,Near_Shore_01.png,Near_Shore,train
Near_Shore_01__tile_r0007_c0001,Near_Shore_01.png,Near_Shore,train
Near_Shore_01__tile_r0007_c0002,Near_Shore_01.png,Near_Shore,train
Near_Shore_01__tile_r0007_c0003,Near_Shore_01.png,Near_Shore,train
Near_Shore_01__tile_r0008_c0000,Near_Shore_01.png,Near_Shore,train
Near_Shore_01__tile_r0008_c0001,Near_Shore_01.png,Near_Shore,train
Near_Shore_01__tile_r0008_c0002,Near_Shore_01.png,Near_Shore,train
Near_Shore_01__tile_r0008_c0003,Near_Shore_01.png,Near_Shore,train
Near_Shore_01__tile_r0009_c0000,Near_Shore_01.png,Near_Shore,train
Near_Shore_01__tile_r0009_c0001,Near_Shore_01.png,Near_Shore,train
Near_Shore_01__tile_r0009_c0002,Near_Shore_01.png,Near_Shore,train
Near_Shore_01__tile_r0009_c0003,Near_Shore_01.png,Near_Shore,train
Near_Shore_01__tile_r0010_c0000,Near_Shore_01.png,Near_Shore,train
Near_Shore_01__tile_r0010_c0001,Near_Shore_01.png,Near_Shore,train
Near_Shore_01__tile_r0010_c0002,Near_Shore_01.png,Near_Shore,train
Near_Shore_01__tile_r0010_c0003,Near_Shore_01.png,Near_Shore,train
Near_Shore_01__tile_r0011_c0000,Near_Shore_01.png,Near_Shore,train
Near_Shore_01__tile_r0011_c0001,Near_Shore_01.png,Near_Shore,train
Near_Shore_01__tile_r0011_c0002,Near_Shore_01.png,Near_Shore,train
Near_Shore_01__tile_r0011_c0003,Near_Shore_01.png,Near_Shore,train
Near_Shore_01__tile_r0012_c0000,Near_Shore_01.png,Near_Shore,train
Near_Shore_01__tile_r0012_c0001,Near_Shore_01.png,Near_Shore,train
Near_Shore_01__tile_r0012_c0002,Near_Shore_01.png,Near_Shore,train
Near_Shore_01__tile_r0012_c0003,Near_Shore_01.png,Near_Shore,train
Near_Shore_01__tile_r0013_c0000,Near_Shore_01.png,Near_Shore,train
Near_Shore_01__tile_r0013_c0001,Near_Shore_01.png,Near_Shore,train
Near_Shore_01__tile_r0013_c0002,Near_Shore_01.png,Near_Shore,train
Near_Shore_01__tile_r0013_c0003,Near_Shore_01.png,Near_Shore,train
Near_Shore_01__tile_r0014_c0000,Near_Shore_01.png,Near_Shore,train
Near_Shore_01__tile_r0014_c0001,Near_Shore_01.png,Near_Shore,train
Near_Shore_01__tile_r0014_c0002,Near_Shore_01.png,Near_Shore,train
Near_Shore_01__tile_r0014_c0003,Near_Shore_01.png,Near_Shore,train
Near_Shore_01__tile_r0015_c0000,Near_Shore_01.png,Near_Shore,train
Near_Shore_01__tile_r0015_c0001,Near_Shore_01.png,Near_Shore,train
Near_Shore_01__tile_r0015_c0002,Near_Shore_01.png,Near_Shore,train
Near_Shore_01__tile_r0015_c0003,Near_Shore_01.png,Near_Shore,train
Near_Shore_01__tile_r0016_c0000,Near_Shore_01.png,Near_Shore,train
Near_Shore_01__tile_r0016_c0001,Near_Shore_01.png,Near_Shore,train
Near_Shore_01__tile_r0016_c0002,Near_Shore_01.png,Near_Shore,train
Near_Shore_01__tile_r0016_c0003,Near_Shore_01.png,Near_Shore,train
Near_Shore_01__tile_r0017_c0000,Near_Shore_01.png,Near_Shore,train
Near_Shore_01__tile_r0017_c0001,Near_Shore_01.png,Near_Shore,train
Near_Shore_01__tile_r0017_c0002,Near_Shore_01.png,Near_Shore,train
Near_Shore_01__tile_r0017_c0003,Near_Shore_01.png,Near_Shore,train
Near_Shore_01__tile_r0018_c0000,Near_Shore_01.png,Near_Shore,train
Near_Shore_01__tile_r0018_c0001,Near_Shore_01.png,Near_Shore,train
Near_Shore_01__tile_r0018_c0002,Near_Shore_01.png,Near_Shore,train
Near_Shore_01__tile_r0018_c0003,Near_Shore_01.png,Near_Shore,train
Near_Shore_02__tile_r0000_c0000,Near_Shore_02.png,Near_Shore,train
Near_Shore_02__tile_r0000_c0001,Near_Shore_02.png,Near_Shore,train
Near_Shore_02__tile_r0000_c0002,Near_Shore_02.png,Near_Shore,train
Near_Shore_02__tile_r0000_c0003,Near_Shore_02.png,Near_Shore,train
Near_Shore_02__tile_r0001_c0000,Near_Shore_02.png,Near_Shore,train
Near_Shore_02__tile_r0001_c0001,Near_Shore_02.png,Near_Shore,train
Near_Shore_02__tile_r0001_c0002,Near_Shore_02.png,Near_Shore,train
Near_Shore_02__tile_r0001_c0003,Near_Shore_02.png,Near_Shore,train
Near_Shore_02__tile_r0002_c0000,Near_Shore_02.png,Near_Shore,train
Near_Shore_02__tile_r0002_c0001,Near_Shore_02.png,Near_Shore,train
Near_Shore_02__tile_r0002_c0002,Near_Shore_02.png,Near_Shore,train
Near_Shore_02__tile_r0002_c0003,Near_Shore_02.png,Near_Shore,train
Near_Shore_02__tile_r0003_c0000,Near_Shore_02.png,Near_Shore,train
Near_Shore_02__tile_r0003_c0001,Near_Shore_02.png,Near_Shore,train
Near_Shore_02__tile_r0003_c0002,Near_Shore_02.png,Near_Shore,train
Near_Shore_02__tile_r0003_c0003,Near_Shore_02.png,Near_Shore,train
Near_Shore_02__tile_r0004_c0000,Near_Shore_02.png,Near_Shore,train
Near_Shore_02__tile_r0004_c0001,Near_Shore_02.png,Near_Shore,train
Near_Shore_02__tile_r0004_c0002,Near_Shore_02.png,Near_Shore,train
Near_Shore_02__tile_r0004_c0003,Near_Shore_02.png,Near_Shore,train
Near_Shore_02__tile_r0005_c0000,Near_Shore_02.png,Near_Shore,train
Near_Shore_02__tile_r0005_c0001,Near_Shore_02.png,Near_Shore,train
Near_Shore_02__tile_r0005_c0002,Near_Shore_02.png,Near_Shore,train
Near_Shore_02__tile_r0005_c0003,Near_Shore_02.png,Near_Shore,train
Near_Shore_02__tile_r0006_c0000,Near_Shore_02.png,Near_Shore,train
Near_Shore_02__tile_r0006_c0001,Near_Shore_02.png,Near_Shore,train
Near_Shore_02__tile_r0006_c0002,Near_Shore_02.png,Near_Shore,train
Near_Shore_02__tile_r0006_c0003,Near_Shore_02.png,Near_Shore,train
Near_Shore_02__tile_r0007_c0000,Near_Shore_02.png,Near_Shore,train
Near_Shore_02__tile_r0007_c0001,Near_Shore_02.png,Near_Shore,train
Near_Shore_02__tile_r0007_c0002,Near_Shore_02.png,Near_Shore,train
Near_Shore_02__tile_r0007_c0003,Near_Shore_02.png,Near_Shore,train
Near_Shore_02__tile_r0008_c0000,Near_Shore_02.png,Near_Shore,train
Near_Shore_02__tile_r0008_c0001,Near_Shore_02.png,Near_Shore,train
Near_Shore_02__tile_r0008_c0002,Near_Shore_02.png,Near_Shore,train
Near_Shore_02__tile_r0008_c0003,Near_Shore_02.png,Near_Shore,train
Near_Shore_02__tile_r0009_c0000,Near_Shore_02.png,Near_Shore,train
Near_Shore_02__tile_r0009_c0001,Near_Shore_02.png,Near_Shore,train
Near_Shore_02__tile_r0009_c0002,Near_Shore_02.png,Near_Shore,train
Near_Shore_02__tile_r0009_c0003,Near_Shore_02.png,Near_Shore,train
Near_Shore_02__tile_r0010_c0000,Near_Shore_02.png,Near_Shore,train
Near_Shore_02__tile_r0010_c0001,Near_Shore_02.png,Near_Shore,train
Near_Shore_02__tile_r0010_c0002,Near_Shore_02.png,Near_Shore,train
Near_Shore_02__tile_r0010_c0003,Near_Shore_02.png,Near_Shore,train
Near_Shore_02__tile_r0011_c0000,Near_Shore_02.png,Near_Shore,train
Near_Shore_02__tile_r0011_c0001,Near_Shore_02.png,Near_Shore,train
Near_Shore_02__tile_r0011_c0002,Near_Shore_02.png,Near_Shore,train
Near_Shore_02__tile_r0011_c0003,Near_Shore_02.png,Near_Shore,train
Near_Shore_02__tile_r0012_c0000,Near_Shore_02.png,Near_Shore,train
Near_Shore_02__tile_r0012_c0001,Near_Shore_02.png,Near_Shore,train
Near_Shore_02__tile_r0012_c0002,Near_Shore_02.png,Near_Shore,train
Near_Shore_02__tile_r0012_c0003,Near_Shore_02.png,Near_Shore,train
Near_Shore_02__tile_r0013_c0000,Near_Shore_02.png,Near_Shore,train
Near_Shore_02__tile_r0013_c0001,Near_Shore_02.png,Near_Shore,train
Near_Shore_02__tile_r0013_c0002,Near_Shore_02.png,Near_Shore,train
Near_Shore_02__tile_r0013_c0003,Near_Shore_02.png,Near_Shore,train
Near_Shore_02__tile_r0014_c0000,Near_Shore_02.png,Near_Shore,train
Near_Shore_02__tile_r0014_c0001,Near_Shore_02.png,Near_Shore,train
Near_Shore_02__tile_r0014_c0002,Near_Shore_02.png,Near_Shore,train
Near_Shore_02__tile_r0014_c0003,Near_Shore_02.png,Near_Shore,train
Near_Shore_02__tile_r0015_c0000,Near_Shore_02.png,Near_Shore,train
Near_Shore_02__tile_r0015_c0001,Near_Shore_02.png,Near_Shore,train
Near_Shore_02__tile_r0015_c0002,Near_Shore_02.png,Near_Shore,train
Near_Shore_02__tile_r0015_c0003,Near_Shore_02.png,Near_Shore,train
Near_Shore_02__tile_r0016_c0000,Near_Shore_02.png,Near_Shore,train
Near_Shore_02__tile_r0016_c0001,Near_Shore_02.png,Near_Shore,train
Near_Shore_02__tile_r0016_c0002,Near_Shore_02.png,Near_Shore,train
Near_Shore_02__tile_r0016_c0003,Near_Shore_02.png,Near_Shore,train
Near_Shore_02__tile_r0017_c0000,Near_Shore_02.png,Near_Shore,train
Near_Shore_02__tile_r0017_c0001,Near_Shore_02.png,Near_Shore,train
Near_Shore_02__tile_r0017_c0002,Near_Shore_02.png,Near_Shore,train
Near_Shore_02__tile_r0017_c0003,Near_Shore_02.png,Near_Shore,train
Near_Shore_02__tile_r0018_c0000,Near_Shore_02.png,Near_Shore,train
Near_Shore_02__tile_r0018_c0001,Near_Shore_02.png,Near_Shore,train
Near_Shore_02__tile_r0018_c0002,Near_Shore_02.png,Near_Shore,train
Near_Shore_02__tile_r0018_c0003,Near_Shore_02.png,Near_Shore,train
Near_Shore_03__tile_r0000_c0000,Near_Shore_03.png,Near_Shore,train
Near_Shore_03__tile_r0000_c0001,Near_Shore_03.png,Near_Shore,train
Near_Shore_03__tile_r0000_c0002,Near_Shore_03.png,Near_Shore,train
Near_Shore_03__tile_r0000_c0003,Near_Shore_03.png,Near_Shore,train
Near_Shore_03__tile_r0001_c0000,Near_Shore_03.png,Near_Shore,train
Near_Shore_03__tile_r0001_c0001,Near_Shore_03.png,Near_Shore,train
Near_Shore_03__tile_r0001_c0002,Near_Shore_03.png,Near_Shore,train
Near_Shore_03__tile_r0001_c0003,Near_Shore_03.png,Near_Shore,train
Near_Shore_03__tile_r0002_c0000,Near_Shore_03.png,Near_Shore,train
Near_Shore_03__tile_r0002_c0001,Near_Shore_03.png,Near_Shore,train
Near_Shore_03__tile_r0002_c0002,Near_Shore_03.png,Near_Shore,train
Near_Shore_03__tile_r0002_c0003,Near_Shore_03.png,Near_Shore,train
Near_Shore_03__tile_r0003_c0000,Near_Shore_03.png,Near_Shore,train
Near_Shore_03__tile_r0003_c0001,Near_Shore_03.png,Near_Shore,train
Near_Shore_03__tile_r0003_c0002,Near_Shore_03.png,Near_Shore,train
Near_Shore_03__tile_r0003_c0003,Near_Shore_03.png,Near_Shore,train
Near_Shore_03__tile_r0004_c0000,Near_Shore_03.png,Near_Shore,train
Near_Shore_03__tile_r0004_c0001,Near_Shore_03.png,Near_Shore,train
Near_Shore_03__tile_r0004_c0002,Near_Shore_03.png,Near_Shore,train
Near_Shore_03__tile_r0004_c0003,Near_Shore_03.png,Near_Shore,train
Near_Shore_03__tile_r0005_c0000,Near_Shore_03.png,Near_Shore,train
Near_Shore_03__tile_r0005_c0001,Near_Shore_03.png,Near_Shore,train
Near_Shore_03__tile_r0005_c0002,Near_Shore_03.png,Near_Shore,train
Near_Shore_03__tile_r0005_c0003,Near_Shore_03.png,Near_Shore,train
Near_Shore_03__tile_r0006_c0000,Near_Shore_03.png,Near_Shore,train
Near_Shore_03__tile_r0006_c0001,Near_Shore_03.png,Near_Shore,train
Near_Shore_03__tile_r0006_c0002,Near_Shore_03.png,Near_Shore,train
Near_Shore_03__tile_r0006_c0003,Near_Shore_03.png,Near_Shore,train
Near_Shore_03__tile_r0007_c0000,Near_Shore_03.png,Near_Shore,train
Near_Shore_03__tile_r0007_c0001,Near_Shore_03.png,Near_Shore,train
Near_Shore_03__tile_r0007_c0002,Near_Shore_03.png,Near_Shore,train
Near_Shore_03__tile_r0007_c0003,Near_Shore_03.png,Near_Shore,train
Near_Shore_03__tile_r0008_c0000,Near_Shore_03.png,Near_Shore,train
Near_Shore_03__tile_r0008_c0001,Near_Shore_03.png,Near_Shore,train
Near_Shore_03__tile_r0008_c0002,Near_Shore_03.png,Near_Shore,train
Near_Shore_03__tile_r0008_c0003,Near_Shore_03.png,Near_Shore,train
Near_Shore_03__tile_r0009_c0000,Near_Shore_03.png,Near_Shore,train
Near_Shore_03__tile_r0009_c0001,Near_Shore_03.png,Near_Shore,train
Near_Shore_03__tile_r0009_c0002,Near_Shore_03.png,Near_Shore,train
Near_Shore_03__tile_r0009_c0003,Near_Shore_03.png,Near_Shore,train
Near_Shore_03__tile_r0010_c0000,Near_Shore_03.png,Near_Shore,train
Near_Shore_03__tile_r0010_c0001,Near_Shore_03.png,Near_Shore,train
Near_Shore_03__tile_r0010_c0002,Near_Shore_03.png,Near_Shore,train
Near_Shore_03__tile_r0010_c0003,Near_Shore_03.png,Near_Shore,train
Near_Shore_03__tile_r0011_c0000,Near_Shore_03.png,Near_Shore,train
Near_Shore_03__tile_r0011_c0001,Near_Shore_03.png,Near_Shore,train
Near_Shore_03__tile_r0011_c0002,Near_Shore_03.png,Near_Shore,train
Near_Shore_03__tile_r0011_c0003,Near_Shore_03.png,Near_Shore,train
Near_Shore_03__tile_r0012_c0000,Near_Shore_03.png,Near_Shore,train
Near_Shore_03__tile_r0012_c0001,Near_Shore_03.png,Near_Shore,train
Near_Shore_03__tile_r0012_c0002,Near_Shore_03.png,Near_Shore,train
Near_Shore_03__tile_r0012_c0003,Near_Shore_03.png,Near_Shore,train
Near_Shore_03__tile_r0013_c0000,Near_Shore_03.png,Near_Shore,train
Near_Shore_03__tile_r0013_c0001,Near_Shore_03.png,Near_Shore,train
Near_Shore_03__tile_r0013_c0002,Near_Shore_03.png,Near_Shore,train
Near_Shore_03__tile_r0013_c0003,Near_Shore_03.png,Near_Shore,train
Near_Shore_03__tile_r0014_c0000,Near_Shore_03.png,Near_Shore,train
Near_Shore_03__tile_r0014_c0001,Near_Shore_03.png,Near_Shore,train
Near_Shore_03__tile_r0014_c0002,Near_Shore_03.png,Near_Shore,train
Near_Shore_03__tile_r0014_c0003,Near_Shore_03.png,Near_Shore,train
Near_Shore_03__tile_r0015_c0000,Near_Shore_03.png,Near_Shore,train
Near_Shore_03__tile_r0015_c0001,Near_Shore_03.png,Near_Shore,train
Near_Shore_03__tile_r0015_c0002,Near_Shore_03.png,Near_Shore,train
Near_Shore_03__tile_r0015_c0003,Near_Shore_03.png,Near_Shore,train
Near_Shore_03__tile_r0016_c0000,Near_Shore_03.png,Near_Shore,train
Near_Shore_03__tile_r0016_c0001,Near_Shore_03.png,Near_Shore,train
Near_Shore_03__tile_r0016_c0002,Near_Shore_03.png,Near_Shore,train
Near_Shore_03__tile_r0016_c0003,Near_Shore_03.png,Near_Shore,train
Near_Shore_03__tile_r0017_c0000,Near_Shore_03.png,Near_Shore,train
Near_Shore_03__tile_r0017_c0001,Near_Shore_03.png,Near_Shore,train
Near_Shore_03__tile_r0017_c0002,Near_Shore_03.png,Near_Shore,train
Near_Shore_03__tile_r0017_c0003,Near_Shore_03.png,Near_Shore,train
Near_Shore_04__tile_r0000_c0000,Near_Shore_04.png,Near_Shore,train
Near_Shore_04__tile_r0000_c0001,Near_Shore_04.png,Near_Shore,train
Near_Shore_04__tile_r0000_c0002,Near_Shore_04.png,Near_Shore,train
Near_Shore_04__tile_r0000_c0003,Near_Shore_04.png,Near_Shore,train
Near_Shore_04__tile_r0001_c0000,Near_Shore_04.png,Near_Shore,train
Near_Shore_04__tile_r0001_c0001,Near_Shore_04.png,Near_Shore,train
Near_Shore_04__tile_r0001_c0002,Near_Shore_04.png,Near_Shore,train
Near_Shore_04__tile_r0001_c0003,Near_Shore_04.png,Near_Shore,train
Near_Shore_04__tile_r0002_c0000,Near_Shore_04.png,Near_Shore,train
Near_Shore_04__tile_r0002_c0001,Near_Shore_04.png,Near_Shore,train
Near_Shore_04__tile_r0002_c0002,Near_Shore_04.png,Near_Shore,train
Near_Shore_04__tile_r0002_c0003,Near_Shore_04.png,Near_Shore,train
Near_Shore_04__tile_r0003_c0000,Near_Shore_04.png,Near_Shore,train
Near_Shore_04__tile_r0003_c0001,Near_Shore_04.png,Near_Shore,train
Near_Shore_04__tile_r0003_c0002,Near_Shore_04.png,Near_Shore,train
Near_Shore_04__tile_r0003_c0003,Near_Shore_04.png,Near_Shore,train
Near_Shore_04__tile_r0004_c0000,Near_Shore_04.png,Near_Shore,train
Near_Shore_04__tile_r0004_c0001,Near_Shore_04.png,Near_Shore,train
Near_Shore_04__tile_r0004_c0002,Near_Shore_04.png,Near_Shore,train
Near_Shore_04__tile_r0004_c0003,Near_Shore_04.png,Near_Shore,train
Near_Shore_04__tile_r0005_c0000,Near_Shore_04.png,Near_Shore,train
Near_Shore_04__tile_r0005_c0001,Near_Shore_04.png,Near_Shore,train
Near_Shore_04__tile_r0005_c0002,Near_Shore_04.png,Near_Shore,train
Near_Shore_04__tile_r0005_c0003,Near_Shore_04.png,Near_Shore,train
Near_Shore_04__tile_r0006_c0000,Near_Shore_04.png,Near_Shore,train
Near_Shore_04__tile_r0006_c0001,Near_Shore_04.png,Near_Shore,train
Near_Shore_04__tile_r0006_c0002,Near_Shore_04.png,Near_Shore,train
Near_Shore_04__tile_r0006_c0003,Near_Shore_04.png,Near_Shore,train
Near_Shore_04__tile_r0007_c0000,Near_Shore_04.png,Near_Shore,train
Near_Shore_04__tile_r0007_c0001,Near_Shore_04.png,Near_Shore,train
Near_Shore_04__tile_r0007_c0002,Near_Shore_04.png,Near_Shore,train
Near_Shore_04__tile_r0007_c0003,Near_Shore_04.png,Near_Shore,train
Near_Shore_04__tile_r0008_c0000,Near_Shore_04.png,Near_Shore,train
Near_Shore_04__tile_r0008_c0001,Near_Shore_04.png,Near_Shore,train
Near_Shore_04__tile_r0008_c0002,Near_Shore_04.png,Near_Shore,train
Near_Shore_04__tile_r0008_c0003,Near_Shore_04.png,Near_Shore,train
Near_Shore_04__tile_r0009_c0000,Near_Shore_04.png,Near_Shore,train
Near_Shore_04__tile_r0009_c0001,Near_Shore_04.png,Near_Shore,train
Near_Shore_04__tile_r0009_c0002,Near_Shore_04.png,Near_Shore,train
Near_Shore_04__tile_r0009_c0003,Near_Shore_04.png,Near_Shore,train
Near_Shore_04__tile_r0010_c0000,Near_Shore_04.png,Near_Shore,train
Near_Shore_04__tile_r0010_c0001,Near_Shore_04.png,Near_Shore,train
Near_Shore_04__tile_r0010_c0002,Near_Shore_04.png,Near_Shore,train
Near_Shore_04__tile_r0010_c0003,Near_Shore_04.png,Near_Shore,train
Near_Shore_04__tile_r0011_c0000,Near_Shore_04.png,Near_Shore,train
Near_Shore_04__tile_r0011_c0001,Near_Shore_04.png,Near_Shore,train
Near_Shore_04__tile_r0011_c0002,Near_Shore_04.png,Near_Shore,train
Near_Shore_04__tile_r0011_c0003,Near_Shore_04.png,Near_Shore,train
Near_Shore_04__tile_r0012_c0000,Near_Shore_04.png,Near_Shore,train
Near_Shore_04__tile_r0012_c0001,Near_Shore_04.png,Near_Shore,train
Near_Shore_04__tile_r0012_c0002,Near_Shore_04.png,Near_Shore,train
Near_Shore_04__tile_r0012_c0003,Near_Shore_04.png,Near_Shore,train
Near_Shore_04__tile_r0013_c0000,Near_Shore_04.png,Near_Shore,train
Near_Shore_04__tile_r0013_c0001,Near_Shore_04.png,Near_Shore,train
Near_Shore_04__tile_r0013_c0002,Near_Shore_04.png,Near_Shore,train
Near_Shore_04__tile_r0013_c0003,Near_Shore_04.png,Near_Shore,train
Near_Shore_04__tile_r0014_c0000,Near_Shore_04.png,Near_Shore,train
Near_Shore_04__tile_r0014_c0001,Near_Shore_04.png,Near_Shore,train
Near_Shore_04__tile_r0014_c0002,Near_Shore_04.png,Near_Shore,train
Near_Shore_04__tile_r0014_c0003,Near_Shore_04.png,Near_Shore,train
Near_Shore_04__tile_r0015_c0000,Near_Shore_04.png,Near_Shore,train
Near_Shore_04__tile_r0015_c0001,Near_Shore_04.png,Near_Shore,train
Near_Shore_04__tile_r0015_c0002,Near_Shore_04.png,Near_Shore,train
Near_Shore_04__tile_r0015_c0003,Near_Shore_04.png,Near_Shore,train
Near_Shore_04__tile_r0016_c0000,Near_Shore_04.png,Near_Shore,train
Near_Shore_04__tile_r0016_c0001,Near_Shore_04.png,Near_Shore,train
Near_Shore_04__tile_r0016_c0002,Near_Shore_04.png,Near_Shore,train
Near_Shore_04__tile_r0016_c0003,Near_Shore_04.png,Near_Shore,train
Near_Shore_04__tile_r0017_c0000,Near_Shore_04.png,Near_Shore,train
Near_Shore_04__tile_r0017_c0001,Near_Shore_04.png,Near_Shore,train
Near_Shore_04__tile_r0017_c0002,Near_Shore_04.png,Near_Shore,train
Near_Shore_04__tile_r0017_c0003,Near_Shore_04.png,Near_Shore,train
Near_Shore_04__tile_r0018_c0000,Near_Shore_04.png,Near_Shore,train
Near_Shore_04__tile_r0018_c0001,Near_Shore_04.png,Near_Shore,train
Near_Shore_04__tile_r0018_c0002,Near_Shore_04.png,Near_Shore,train
Near_Shore_04__tile_r0018_c0003,Near_Shore_04.png,Near_Shore,train
Near_Shore_05__tile_r0000_c0000,Near_Shore_05.png,Near_Shore,train
Near_Shore_05__tile_r0000_c0001,Near_Shore_05.png,Near_Shore,train
Near_Shore_05__tile_r0000_c0002,Near_Shore_05.png,Near_Shore,train
Near_Shore_05__tile_r0000_c0003,Near_Shore_05.png,Near_Shore,train
Near_Shore_05__tile_r0001_c0000,Near_Shore_05.png,Near_Shore,train
Near_Shore_05__tile_r0001_c0001,Near_Shore_05.png,Near_Shore,train
Near_Shore_05__tile_r0001_c0002,Near_Shore_05.png,Near_Shore,train
Near_Shore_05__tile_r0001_c0003,Near_Shore_05.png,Near_Shore,train
Near_Shore_05__tile_r0002_c0000,Near_Shore_05.png,Near_Shore,train
Near_Shore_05__tile_r0002_c0001,Near_Shore_05.png,Near_Shore,train
Near_Shore_05__tile_r0002_c0002,Near_Shore_05.png,Near_Shore,train
Near_Shore_05__tile_r0002_c0003,Near_Shore_05.png,Near_Shore,train
Near_Shore_05__tile_r0003_c0000,Near_Shore_05.png,Near_Shore,train
Near_Shore_05__tile_r0003_c0001,Near_Shore_05.png,Near_Shore,train
Near_Shore_05__tile_r0003_c0002,Near_Shore_05.png,Near_Shore,train
Near_Shore_05__tile_r0003_c0003,Near_Shore_05.png,Near_Shore,train
Near_Shore_05__tile_r0004_c0000,Near_Shore_05.png,Near_Shore,train
Near_Shore_05__tile_r0004_c0001,Near_Shore_05.png,Near_Shore,train
Near_Shore_05__tile_r0004_c0002,Near_Shore_05.png,Near_Shore,train
Near_Shore_05__tile_r0004_c0003,Near_Shore_05.png,Near_Shore,train
Near_Shore_05__tile_r0005_c0000,Near_Shore_05.png,Near_Shore,train
Near_Shore_05__tile_r0005_c0001,Near_Shore_05.png,Near_Shore,train
Near_Shore_05__tile_r0005_c0002,Near_Shore_05.png,Near_Shore,train
Near_Shore_05__tile_r0005_c0003,Near_Shore_05.png,Near_Shore,train
Near_Shore_05__tile_r0006_c0000,Near_Shore_05.png,Near_Shore,train
Near_Shore_05__tile_r0006_c0001,Near_Shore_05.png,Near_Shore,train
Near_Shore_05__tile_r0006_c0002,Near_Shore_05.png,Near_Shore,train
Near_Shore_05__tile_r0006_c0003,Near_Shore_05.png,Near_Shore,train
Near_Shore_05__tile_r0007_c0000,Near_Shore_05.png,Near_Shore,train
Near_Shore_05__tile_r0007_c0001,Near_Shore_05.png,Near_Shore,train
Near_Shore_05__tile_r0007_c0002,Near_Shore_05.png,Near_Shore,train
Near_Shore_05__tile_r0007_c0003,Near_Shore_05.png,Near_Shore,train
Near_Shore_05__tile_r0008_c0000,Near_Shore_05.png,Near_Shore,train
Near_Shore_05__tile_r0008_c0001,Near_Shore_05.png,Near_Shore,train
Near_Shore_05__tile_r0008_c0002,Near_Shore_05.png,Near_Shore,train
Near_Shore_05__tile_r0008_c0003,Near_Shore_05.png,Near_Shore,train
Near_Shore_05__tile_r0009_c0000,Near_Shore_05.png,Near_Shore,train
Near_Shore_05__tile_r0009_c0001,Near_Shore_05.png,Near_Shore,train
Near_Shore_05__tile_r0009_c0002,Near_Shore_05.png,Near_Shore,train
Near_Shore_05__tile_r0009_c0003,Near_Shore_05.png,Near_Shore,train
Near_Shore_05__tile_r0010_c0000,Near_Shore_05.png,Near_Shore,train
Near_Shore_05__tile_r0010_c0001,Near_Shore_05.png,Near_Shore,train
Near_Shore_05__tile_r0010_c0002,Near_Shore_05.png,Near_Shore,train
Near_Shore_05__tile_r0010_c0003,Near_Shore_05.png,Near_Shore,train
Near_Shore_05__tile_r0011_c0000,Near_Shore_05.png,Near_Shore,train
Near_Shore_05__tile_r0011_c0001,Near_Shore_05.png,Near_Shore,train
Near_Shore_05__tile_r0011_c0002,Near_Shore_05.png,Near_Shore,train
Near_Shore_05__tile_r0011_c0003,Near_Shore_05.png,Near_Shore,train
Near_Shore_05__tile_r0012_c0000,Near_Shore_05.png,Near_Shore,train
Near_Shore_05__tile_r0012_c0001,Near_Shore_05.png,Near_Shore,train
Near_Shore_05__tile_r0012_c0002,Near_Shore_05.png,Near_Shore,train
Near_Shore_05__tile_r0012_c0003,Near_Shore_05.png,Near_Shore,train
Near_Shore_05__tile_r0013_c0000,Near_Shore_05.png,Near_Shore,train
Near_Shore_05__tile_r0013_c0001,Near_Shore_05.png,Near_Shore,train
Near_Shore_05__tile_r0013_c0002,Near_Shore_05.png,Near_Shore,train
Near_Shore_05__tile_r0013_c0003,Near_Shore_05.png,Near_Shore,train
Near_Shore_05__tile_r0014_c0000,Near_Shore_05.png,Near_Shore,train
Near_Shore_05__tile_r0014_c0001,Near_Shore_05.png,Near_Shore,train
Near_Shore_05__tile_r0014_c0002,Near_Shore_05.png,Near_Shore,train
Near_Shore_05__tile_r0014_c0003,Near_Shore_05.png,Near_Shore,train
Near_Shore_05__tile_r0015_c0000,Near_Shore_05.png,Near_Shore,train
Near_Shore_05__tile_r0015_c0001,Near_Shore_05.png,Near_Shore,train
Near_Shore_05__tile_r0015_c0002,Near_Shore_05.png,Near_Shore,train
Near_Shore_05__tile_r0015_c0003,Near_Shore_05.png,Near_Shore,train
Near_Shore_05__tile_r0016_c0000,Near_Shore_05.png,Near_Shore,train
Near_Shore_05__tile_r0016_c0001,Near_Shore_05.png,Near_Shore,train
Near_Shore_05__tile_r0016_c0002,Near_Shore_05.png,Near_Shore,train
Near_Shore_05__tile_r0016_c0003,Near_Shore_05.png,Near_Shore,train
Near_Shore_05__tile_r0017_c0000,Near_Shore_05.png,Near_Shore,train
Near_Shore_05__tile_r0017_c0001,Near_Shore_05.png,Near_Shore,train
Near_Shore_05__tile_r0017_c0002,Near_Shore_05.png,Near_Shore,train
Near_Shore_05__tile_r0017_c0003,Near_Shore_05.png,Near_Shore,train
Near_Shore_06__tile_r0000_c0000,Near_Shore_06.png,Near_Shore,train
Near_Shore_06__tile_r0000_c0001,Near_Shore_06.png,Near_Shore,train
Near_Shore_06__tile_r0000_c0002,Near_Shore_06.png,Near_Shore,train
Near_Shore_06__tile_r0000_c0003,Near_Shore_06.png,Near_Shore,train
Near_Shore_06__tile_r0001_c0000,Near_Shore_06.png,Near_Shore,train
Near_Shore_06__tile_r0001_c0001,Near_Shore_06.png,Near_Shore,train
Near_Shore_06__tile_r0001_c0002,Near_Shore_06.png,Near_Shore,train
Near_Shore_06__tile_r0001_c0003,Near_Shore_06.png,Near_Shore,train
Near_Shore_06__tile_r0002_c0000,Near_Shore_06.png,Near_Shore,train
Near_Shore_06__tile_r0002_c0001,Near_Shore_06.png,Near_Shore,train
Near_Shore_06__tile_r0002_c0002,Near_Shore_06.png,Near_Shore,train
Near_Shore_06__tile_r0002_c0003,Near_Shore_06.png,Near_Shore,train
Near_Shore_06__tile_r0003_c0000,Near_Shore_06.png,Near_Shore,train
Near_Shore_06__tile_r0003_c0001,Near_Shore_06.png,Near_Shore,train
Near_Shore_06__tile_r0003_c0002,Near_Shore_06.png,Near_Shore,train
Near_Shore_06__tile_r0003_c0003,Near_Shore_06.png,Near_Shore,train
Near_Shore_06__tile_r0004_c0000,Near_Shore_06.png,Near_Shore,train
Near_Shore_06__tile_r0004_c0001,Near_Shore_06.png,Near_Shore,train
Near_Shore_06__tile_r0004_c0002,Near_Shore_06.png,Near_Shore,train
Near_Shore_06__tile_r0004_c0003,Near_Shore_06.png,Near_Shore,train
Near_Shore_06__tile_r0005_c0000,Near_Shore_06.png,Near_Shore,train
Near_Shore_06__tile_r0005_c0001,Near_Shore_06.png,Near_Shore,train
Near_Shore_06__tile_r0005_c0002,Near_Shore_06.png,Near_Shore,train
Near_Shore_06__tile_r0005_c0003,Near_Shore_06.png,Near_Shore,train
Near_Shore_06__tile_r0006_c0000,Near_Shore_06.png,Near_Shore,train
Near_Shore_06__tile_r0006_c0001,Near_Shore_06.png,Near_Shore,train
Near_Shore_06__tile_r0006_c0002,Near_Shore_06.png,Near_Shore,train
Near_Shore_06__tile_r0006_c0003,Near_Shore_06.png,Near_Shore,train
Near_Shore_06__tile_r0007_c0000,Near_Shore_06.png,Near_Shore,train
Near_Shore_06__tile_r0007_c0001,Near_Shore_06.png,Near_Shore,train
Near_Shore_06__tile_r0007_c0002,Near_Shore_06.png,Near_Shore,train
Near_Shore_06__tile_r0007_c0003,Near_Shore_06.png,Near_Shore,train
Near_Shore_06__tile_r0008_c0000,Near_Shore_06.png,Near_Shore,train
Near_Shore_06__tile_r0008_c0001,Near_Shore_06.png,Near_Shore,train
Near_Shore_06__tile_r0008_c0002,Near_Shore_06.png,Near_Shore,train
Near_Shore_06__tile_r0008_c0003,Near_Shore_06.png,Near_Shore,train
Near_Shore_06__tile_r0009_c0000,Near_Shore_06.png,Near_Shore,train
Near_Shore_06__tile_r0009_c0001,Near_Shore_06.png,Near_Shore,train
Near_Shore_06__tile_r0009_c0002,Near_Shore_06.png,Near_Shore,train
Near_Shore_06__tile_r0009_c0003,Near_Shore_06.png,Near_Shore,train
Near_Shore_06__tile_r0010_c0000,Near_Shore_06.png,Near_Shore,train
Near_Shore_06__tile_r0010_c0001,Near_Shore_06.png,Near_Shore,train
Near_Shore_06__tile_r0010_c0002,Near_Shore_06.png,Near_Shore,train
Near_Shore_06__tile_r0010_c0003,Near_Shore_06.png,Near_Shore,train
Near_Shore_06__tile_r0011_c0000,Near_Shore_06.png,Near_Shore,train
Near_Shore_06__tile_r0011_c0001,Near_Shore_06.png,Near_Shore,train
Near_Shore_06__tile_r0011_c0002,Near_Shore_06.png,Near_Shore,train
Near_Shore_06__tile_r0011_c0003,Near_Shore_06.png,Near_Shore,train
Near_Shore_06__tile_r0012_c0000,Near_Shore_06.png,Near_Shore,train
Near_Shore_06__tile_r0012_c0001,Near_Shore_06.png,Near_Shore,train
Near_Shore_06__tile_r0012_c0002,Near_Shore_06.png,Near_Shore,train
Near_Shore_06__tile_r0012_c0003,Near_Shore_06.png,Near_Shore,train
Near_Shore_06__tile_r0013_c0000,Near_Shore_06.png,Near_Shore,train
Near_Shore_06__tile_r0013_c0001,Near_Shore_06.png,Near_Shore,train
Near_Shore_06__tile_r0013_c0002,Near_Shore_06.png,Near_Shore,train
Near_Shore_06__tile_r0013_c0003,Near_Shore_06.png,Near_Shore,train
Near_Shore_06__tile_r0014_c0000,Near_Shore_06.png,Near_Shore,train
Near_Shore_06__tile_r0014_c0001,Near_Shore_06.png,Near_Shore,train
Near_Shore_06__tile_r0014_c0002,Near_Shore_06.png,Near_Shore,train
Near_Shore_06__tile_r0014_c0003,Near_Shore_06.png,Near_Shore,train
Near_Shore_06__tile_r0015_c0000,Near_Shore_06.png,Near_Shore,train
Near_Shore_06__tile_r0015_c0001,Near_Shore_06.png,Near_Shore,train
Near_Shore_06__tile_r0015_c0002,Near_Shore_06.png,Near_Shore,train
Near_Shore_06__tile_r0015_c0003,Near_Shore_06.png,Near_Shore,train
Near_Shore_06__tile_r0016_c0000,Near_Shore_06.png,Near_Shore,train
Near_Shore_06__tile_r0016_c0001,Near_Shore_06.png,Near_Shore,train
Near_Shore_06__tile_r0016_c0002,Near_Shore_06.png,Near_Shore,train
Near_Shore_06__tile_r0016_c0003,Near_Shore_06.png,Near_Shore,train
Near_Shore_06__tile_r0017_c0000,Near_Shore_06.png,Near_Shore,train
Near_Shore_06__tile_r0017_c0001,Near_Shore_06.png,Near_Shore,train
Near_Shore_06__tile_r0017_c0002,Near_Shore_06.png,Near_Shore,train
Near_Shore_06__tile_r0017_c0003,Near_Shore_06.png,Near_Shore,train
Near_Shore_06__tile_r0018_c0000,Near_Shore_06.png,Near_Shore,train
Near_Shore_06__tile_r0018_c0001,Near_Shore_06.png,Near_Shore,train
Near_Shore_06__tile_r0018_c0002,Near_Shore_06.png,Near_Shore,train
Near_Shore_06__tile_r0018_c0003,Near_Shore_06.png,Near_Shore,train
Oscar_T_Flint_01__tile_r0000_c0000,Oscar_T_Flint_01.png,Oscar_T_Flint,train
Oscar_T_Flint_01__tile_r0000_c0001,Oscar_T_Flint_01.png,Oscar_T_Flint,train
Oscar_T_Flint_01__tile_r0000_c0002,Oscar_T_Flint_01.png,Oscar_T_Flint,train
Oscar_T_Flint_01__tile_r0000_c0003,Oscar_T_Flint_01.png,Oscar_T_Flint,train
Oscar_T_Flint_01__tile_r0001_c0000,Oscar_T_Flint_01.png,Oscar_T_Flint,train
Oscar_T_Flint_01__tile_r0001_c0001,Oscar_T_Flint_01.png,Oscar_T_Flint,train
Oscar_T_Flint_01__tile_r0001_c0002,Oscar_T_Flint_01.png,Oscar_T_Flint,train
Oscar_T_Flint_01__tile_r0001_c0003,Oscar_T_Flint_01.png,Oscar_T_Flint,train
Oscar_T_Flint_01__tile_r0002_c0000,Oscar_T_Flint_01.png,Oscar_T_Flint,train
Oscar_T_Flint_01__tile_r0002_c0001,Oscar_T_Flint_01.png,Oscar_T_Flint,train
Oscar_T_Flint_01__tile_r0002_c0002,Oscar_T_Flint_01.png,Oscar_T_Flint,train
Oscar_T_Flint_01__tile_r0002_c0003,Oscar_T_Flint_01.png,Oscar_T_Flint,train
Oscar_T_Flint_01__tile_r0003_c0000,Oscar_T_Flint_01.png,Oscar_T_Flint,train
Oscar_T_Flint_01__tile_r0003_c0001,Oscar_T_Flint_01.png,Oscar_T_Flint,train
Oscar_T_Flint_01__tile_r0003_c0002,Oscar_T_Flint_01.png,Oscar_T_Flint,train
Oscar_T_Flint_01__tile_r0003_c0003,Oscar_T_Flint_01.png,Oscar_T_Flint,train
Oscar_T_Flint_01__tile_r0004_c0000,Oscar_T_Flint_01.png,Oscar_T_Flint,train
Oscar_T_Flint_01__tile_r0004_c0001,Oscar_T_Flint_01.png,Oscar_T_Flint,train
Oscar_T_Flint_01__tile_r0004_c0002,Oscar_T_Flint_01.png,Oscar_T_Flint,train
Oscar_T_Flint_01__tile_r0004_c0003,Oscar_T_Flint_01.png,Oscar_T_Flint,train
Oscar_T_Flint_01__tile_r0005_c0000,Oscar_T_Flint_01.png,Oscar_T_Flint,train
Oscar_T_Flint_01__tile_r0005_c0001,Oscar_T_Flint_01.png,Oscar_T_Flint,train
Oscar_T_Flint_01__tile_r0005_c0002,Oscar_T_Flint_01.png,Oscar_T_Flint,train
Oscar_T_Flint_01__tile_r0005_c0003,Oscar_T_Flint_01.png,Oscar_T_Flint,train
Oscar_T_Flint_01__tile_r0006_c0000,Oscar_T_Flint_01.png,Oscar_T_Flint,train
Oscar_T_Flint_01__tile_r0006_c0001,Oscar_T_Flint_01.png,Oscar_T_Flint,train
Oscar_T_Flint_01__tile_r0006_c0002,Oscar_T_Flint_01.png,Oscar_T_Flint,train
Oscar_T_Flint_01__tile_r0006_c0003,Oscar_T_Flint_01.png,Oscar_T_Flint,train
Oscar_T_Flint_01__tile_r0007_c0000,Oscar_T_Flint_01.png,Oscar_T_Flint,train
Oscar_T_Flint_01__tile_r0007_c0001,Oscar_T_Flint_01.png,Oscar_T_Flint,train
Oscar_T_Flint_01__tile_r0007_c0002,Oscar_T_Flint_01.png,Oscar_T_Flint,train
Oscar_T_Flint_01__tile_r0007_c0003,Oscar_T_Flint_01.png,Oscar_T_Flint,train
Oscar_T_Flint_02__tile_r0000_c0000,Oscar_T_Flint_02.png,Oscar_T_Flint,train
Oscar_T_Flint_02__tile_r0000_c0001,Oscar_T_Flint_02.png,Oscar_T_Flint,train
Oscar_T_Flint_02__tile_r0000_c0002,Oscar_T_Flint_02.png,Oscar_T_Flint,train
Oscar_T_Flint_02__tile_r0000_c0003,Oscar_T_Flint_02.png,Oscar_T_Flint,train
Oscar_T_Flint_02__tile_r0001_c0000,Oscar_T_Flint_02.png,Oscar_T_Flint,train
Oscar_T_Flint_02__tile_r0001_c0001,Oscar_T_Flint_02.png,Oscar_T_Flint,train
Oscar_T_Flint_02__tile_r0001_c0002,Oscar_T_Flint_02.png,Oscar_T_Flint,train
Oscar_T_Flint_02__tile_r0001_c0003,Oscar_T_Flint_02.png,Oscar_T_Flint,train
Oscar_T_Flint_02__tile_r0002_c0000,Oscar_T_Flint_02.png,Oscar_T_Flint,train
Oscar_T_Flint_02__tile_r0002_c0001,Oscar_T_Flint_02.png,Oscar_T_Flint,train
Oscar_T_Flint_02__tile_r0002_c0002,Oscar_T_Flint_02.png,Oscar_T_Flint,train
Oscar_T_Flint_02__tile_r0002_c0003,Oscar_T_Flint_02.png,Oscar_T_Flint,train
Oscar_T_Flint_02__tile_r0003_c0000,Oscar_T_Flint_02.png,Oscar_T_Flint,train
Oscar_T_Flint_02__tile_r0003_c0001,Oscar_T_Flint_02.png,Oscar_T_Flint,train
Oscar_T_Flint_02__tile_r0003_c0002,Oscar_T_Flint_02.png,Oscar_T_Flint,train
Oscar_T_Flint_02__tile_r0003_c0003,Oscar_T_Flint_02.png,Oscar_T_Flint,train
Oscar_T_Flint_02__tile_r0004_c0000,Oscar_T_Flint_02.png,Oscar_T_Flint,train
Oscar_T_Flint_02__tile_r0004_c0001,Oscar_T_Flint_02.png,Oscar_T_Flint,train
Oscar_T_Flint_02__tile_r0004_c0002,Oscar_T_Flint_02.png,Oscar_T_Flint,train
Oscar_T_Flint_02__tile_r0004_c0003,Oscar_T_Flint_02.png,Oscar_T_Flint,train
Oscar_T_Flint_02__tile_r0005_c0000,Oscar_T_Flint_02.png,Oscar_T_Flint,train
Oscar_T_Flint_02__tile_r0005_c0001,Oscar_T_Flint_02.png,Oscar_T_Flint,train
Oscar_T_Flint_02__tile_r0005_c0002,Oscar_T_Flint_02.png,Oscar_T_Flint,train
Oscar_T_Flint_02__tile_r0005_c0003,Oscar_T_Flint_02.png,Oscar_T_Flint,train
Oscar_T_Flint_02__tile_r0006_c0000,Oscar_T_Flint_02.png,Oscar_T_Flint,train
Oscar_T_Flint_02__tile_r0006_c0001,Oscar_T_Flint_02.png,Oscar_T_Flint,train
Oscar_T_Flint_02__tile_r0006_c0002,Oscar_T_Flint_02.png,Oscar_T_Flint,train
Oscar_T_Flint_02__tile_r0006_c0003,Oscar_T_Flint_02.png,Oscar_T_Flint,train
Oscar_T_Flint_03__tile_r0000_c0000,Oscar_T_Flint_03.png,Oscar_T_Flint,train
Oscar_T_Flint_03__tile_r0000_c0001,Oscar_T_Flint_03.png,Oscar_T_Flint,train
Oscar_T_Flint_03__tile_r0000_c0002,Oscar_T_Flint_03.png,Oscar_T_Flint,train
Oscar_T_Flint_03__tile_r0000_c0003,Oscar_T_Flint_03.png,Oscar_T_Flint,train
Oscar_T_Flint_03__tile_r0001_c0000,Oscar_T_Flint_03.png,Oscar_T_Flint,train
Oscar_T_Flint_03__tile_r0001_c0001,Oscar_T_Flint_03.png,Oscar_T_Flint,train
Oscar_T_Flint_03__tile_r0001_c0002,Oscar_T_Flint_03.png,Oscar_T_Flint,train
Oscar_T_Flint_03__tile_r0001_c0003,Oscar_T_Flint_03.png,Oscar_T_Flint,train
Oscar_T_Flint_03__tile_r0002_c0000,Oscar_T_Flint_03.png,Oscar_T_Flint,train
Oscar_T_Flint_03__tile_r0002_c0001,Oscar_T_Flint_03.png,Oscar_T_Flint,train
Oscar_T_Flint_03__tile_r0002_c0002,Oscar_T_Flint_03.png,Oscar_T_Flint,train
Oscar_T_Flint_03__tile_r0002_c0003,Oscar_T_Flint_03.png,Oscar_T_Flint,train
Oscar_T_Flint_03__tile_r0003_c0000,Oscar_T_Flint_03.png,Oscar_T_Flint,train
Oscar_T_Flint_03__tile_r0003_c0001,Oscar_T_Flint_03.png,Oscar_T_Flint,train
Oscar_T_Flint_03__tile_r0003_c0002,Oscar_T_Flint_03.png,Oscar_T_Flint,train
Oscar_T_Flint_03__tile_r0003_c0003,Oscar_T_Flint_03.png,Oscar_T_Flint,train
Oscar_T_Flint_03__tile_r0004_c0000,Oscar_T_Flint_03.png,Oscar_T_Flint,train
Oscar_T_Flint_03__tile_r0004_c0001,Oscar_T_Flint_03.png,Oscar_T_Flint,train
Oscar_T_Flint_03__tile_r0004_c0002,Oscar_T_Flint_03.png,Oscar_T_Flint,train
Oscar_T_Flint_03__tile_r0004_c0003,Oscar_T_Flint_03.png,Oscar_T_Flint,train
Oscar_T_Flint_03__tile_r0005_c0000,Oscar_T_Flint_03.png,Oscar_T_Flint,train
Oscar_T_Flint_03__tile_r0005_c0001,Oscar_T_Flint_03.png,Oscar_T_Flint,train
Oscar_T_Flint_03__tile_r0005_c0002,Oscar_T_Flint_03.png,Oscar_T_Flint,train
Oscar_T_Flint_03__tile_r0005_c0003,Oscar_T_Flint_03.png,Oscar_T_Flint,train
Oscar_T_Flint_03__tile_r0006_c0000,Oscar_T_Flint_03.png,Oscar_T_Flint,train
Oscar_T_Flint_03__tile_r0006_c0001,Oscar_T_Flint_03.png,Oscar_T_Flint,train
Oscar_T_Flint_03__tile_r0006_c0002,Oscar_T_Flint_03.png,Oscar_T_Flint,train
Oscar_T_Flint_03__tile_r0006_c0003,Oscar_T_Flint_03.png,Oscar_T_Flint,train
Oscar_T_Flint_03__tile_r0007_c0000,Oscar_T_Flint_03.png,Oscar_T_Flint,train
Oscar_T_Flint_03__tile_r0007_c0001,Oscar_T_Flint_03.png,Oscar_T_Flint,train
Oscar_T_Flint_03__tile_r0007_c0002,Oscar_T_Flint_03.png,Oscar_T_Flint,train
Oscar_T_Flint_03__tile_r0007_c0003,Oscar_T_Flint_03.png,Oscar_T_Flint,train
Oscar_T_Flint_04__tile_r0000_c0000,Oscar_T_Flint_04.png,Oscar_T_Flint,train
Oscar_T_Flint_04__tile_r0000_c0001,Oscar_T_Flint_04.png,Oscar_T_Flint,train
Oscar_T_Flint_04__tile_r0000_c0002,Oscar_T_Flint_04.png,Oscar_T_Flint,train
Oscar_T_Flint_04__tile_r0000_c0003,Oscar_T_Flint_04.png,Oscar_T_Flint,train
Oscar_T_Flint_04__tile_r0001_c0000,Oscar_T_Flint_04.png,Oscar_T_Flint,train
Oscar_T_Flint_04__tile_r0001_c0001,Oscar_T_Flint_04.png,Oscar_T_Flint,train
Oscar_T_Flint_04__tile_r0001_c0002,Oscar_T_Flint_04.png,Oscar_T_Flint,train
Oscar_T_Flint_04__tile_r0001_c0003,Oscar_T_Flint_04.png,Oscar_T_Flint,train
Oscar_T_Flint_04__tile_r0002_c0000,Oscar_T_Flint_04.png,Oscar_T_Flint,train
Oscar_T_Flint_04__tile_r0002_c0001,Oscar_T_Flint_04.png,Oscar_T_Flint,train
Oscar_T_Flint_04__tile_r0002_c0002,Oscar_T_Flint_04.png,Oscar_T_Flint,train
Oscar_T_Flint_04__tile_r0002_c0003,Oscar_T_Flint_04.png,Oscar_T_Flint,train
Oscar_T_Flint_04__tile_r0003_c0000,Oscar_T_Flint_04.png,Oscar_T_Flint,train
Oscar_T_Flint_04__tile_r0003_c0001,Oscar_T_Flint_04.png,Oscar_T_Flint,train
Oscar_T_Flint_04__tile_r0003_c0002,Oscar_T_Flint_04.png,Oscar_T_Flint,train
Oscar_T_Flint_04__tile_r0003_c0003,Oscar_T_Flint_04.png,Oscar_T_Flint,train
Oscar_T_Flint_04__tile_r0004_c0000,Oscar_T_Flint_04.png,Oscar_T_Flint,train
Oscar_T_Flint_04__tile_r0004_c0001,Oscar_T_Flint_04.png,Oscar_T_Flint,train
Oscar_T_Flint_04__tile_r0004_c0002,Oscar_T_Flint_04.png,Oscar_T_Flint,train
Oscar_T_Flint_04__tile_r0004_c0003,Oscar_T_Flint_04.png,Oscar_T_Flint,train
Oscar_T_Flint_04__tile_r0005_c0000,Oscar_T_Flint_04.png,Oscar_T_Flint,train
Oscar_T_Flint_04__tile_r0005_c0001,Oscar_T_Flint_04.png,Oscar_T_Flint,train
Oscar_T_Flint_04__tile_r0005_c0002,Oscar_T_Flint_04.png,Oscar_T_Flint,train
Oscar_T_Flint_04__tile_r0005_c0003,Oscar_T_Flint_04.png,Oscar_T_Flint,train
Oscar_T_Flint_04__tile_r0006_c0000,Oscar_T_Flint_04.png,Oscar_T_Flint,train
Oscar_T_Flint_04__tile_r0006_c0001,Oscar_T_Flint_04.png,Oscar_T_Flint,train
Oscar_T_Flint_04__tile_r0006_c0002,Oscar_T_Flint_04.png,Oscar_T_Flint,train
Oscar_T_Flint_04__tile_r0006_c0003,Oscar_T_Flint_04.png,Oscar_T_Flint,train
Oscar_T_Flint_04__tile_r0007_c0000,Oscar_T_Flint_04.png,Oscar_T_Flint,train
Oscar_T_Flint_04__tile_r0007_c0001,Oscar_T_Flint_04.png,Oscar_T_Flint,train
Oscar_T_Flint_04__tile_r0007_c0002,Oscar_T_Flint_04.png,Oscar_T_Flint,train
Oscar_T_Flint_04__tile_r0007_c0003,Oscar_T_Flint_04.png,Oscar_T_Flint,train
Oscar_T_Flint_05__tile_r0000_c0000,Oscar_T_Flint_05.png,Oscar_T_Flint,train
Oscar_T_Flint_05__tile_r0000_c0001,Oscar_T_Flint_05.png,Oscar_T_Flint,train
Oscar_T_Flint_05__tile_r0000_c0002,Oscar_T_Flint_05.png,Oscar_T_Flint,train
Oscar_T_Flint_05__tile_r0000_c0003,Oscar_T_Flint_05.png,Oscar_T_Flint,train
Oscar_T_Flint_05__tile_r0001_c0000,Oscar_T_Flint_05.png,Oscar_T_Flint,train
Oscar_T_Flint_05__tile_r0001_c0001,Oscar_T_Flint_05.png,Oscar_T_Flint,train
Oscar_T_Flint_05__tile_r0001_c0002,Oscar_T_Flint_05.png,Oscar_T_Flint,train
Oscar_T_Flint_05__tile_r0001_c0003,Oscar_T_Flint_05.png,Oscar_T_Flint,train
Oscar_T_Flint_05__tile_r0002_c0000,Oscar_T_Flint_05.png,Oscar_T_Flint,train
Oscar_T_Flint_05__tile_r0002_c0001,Oscar_T_Flint_05.png,Oscar_T_Flint,train
Oscar_T_Flint_05__tile_r0002_c0002,Oscar_T_Flint_05.png,Oscar_T_Flint,train
Oscar_T_Flint_05__tile_r0002_c0003,Oscar_T_Flint_05.png,Oscar_T_Flint,train
Oscar_T_Flint_05__tile_r0003_c0000,Oscar_T_Flint_05.png,Oscar_T_Flint,train
Oscar_T_Flint_05__tile_r0003_c0001,Oscar_T_Flint_05.png,Oscar_T_Flint,train
Oscar_T_Flint_05__tile_r0003_c0002,Oscar_T_Flint_05.png,Oscar_T_Flint,train
Oscar_T_Flint_05__tile_r0003_c0003,Oscar_T_Flint_05.png,Oscar_T_Flint,train
Oscar_T_Flint_05__tile_r0004_c0000,Oscar_T_Flint_05.png,Oscar_T_Flint,train
Oscar_T_Flint_05__tile_r0004_c0001,Oscar_T_Flint_05.png,Oscar_T_Flint,train
Oscar_T_Flint_05__tile_r0004_c0002,Oscar_T_Flint_05.png,Oscar_T_Flint,train
Oscar_T_Flint_05__tile_r0004_c0003,Oscar_T_Flint_05.png,Oscar_T_Flint,train
Oscar_T_Flint_05__tile_r0005_c0000,Oscar_T_Flint_05.png,Oscar_T_Flint,train
Oscar_T_Flint_05__tile_r0005_c0001,Oscar_T_Flint_05.png,Oscar_T_Flint,train
Oscar_T_Flint_05__tile_r0005_c0002,Oscar_T_Flint_05.png,Oscar_T_Flint,train
Oscar_T_Flint_05__tile_r0005_c0003,Oscar_T_Flint_05.png,Oscar_T_Flint,train
Oscar_T_Flint_05__tile_r0006_c0000,Oscar_T_Flint_05.png,Oscar_T_Flint,train
Oscar_T_Flint_05__tile_r0006_c0001,Oscar_T_Flint_05.png,Oscar_T_Flint,train
Oscar_T_Flint_05__tile_r0006_c0002,Oscar_T_Flint_05.png,Oscar_T_Flint,train
Oscar_T_Flint_05__tile_r0006_c0003,Oscar_T_Flint_05.png,Oscar_T_Flint,train
Oscar_T_Flint_05__tile_r0007_c0000,Oscar_T_Flint_05.png,Oscar_T_Flint,train
Oscar_T_Flint_05__tile_r0007_c0001,Oscar_T_Flint_05.png,Oscar_T_Flint,train
Oscar_T_Flint_05__tile_r0007_c0002,Oscar_T_Flint_05.png,Oscar_T_Flint,train
Oscar_T_Flint_05__tile_r0007_c0003,Oscar_T_Flint_05.png,Oscar_T_Flint,train
Oscar_T_Flint_06__tile_r0000_c0000,Oscar_T_Flint_06.png,Oscar_T_Flint,train
Oscar_T_Flint_06__tile_r0000_c0001,Oscar_T_Flint_06.png,Oscar_T_Flint,train
Oscar_T_Flint_06__tile_r0000_c0002,Oscar_T_Flint_06.png,Oscar_T_Flint,train
Oscar_T_Flint_06__tile_r0000_c0003,Oscar_T_Flint_06.png,Oscar_T_Flint,train
Oscar_T_Flint_06__tile_r0001_c0000,Oscar_T_Flint_06.png,Oscar_T_Flint,train
Oscar_T_Flint_06__tile_r0001_c0001,Oscar_T_Flint_06.png,Oscar_T_Flint,train
Oscar_T_Flint_06__tile_r0001_c0002,Oscar_T_Flint_06.png,Oscar_T_Flint,train
Oscar_T_Flint_06__tile_r0001_c0003,Oscar_T_Flint_06.png,Oscar_T_Flint,train
Oscar_T_Flint_06__tile_r0002_c0000,Oscar_T_Flint_06.png,Oscar_T_Flint,train
Oscar_T_Flint_06__tile_r0002_c0001,Oscar_T_Flint_06.png,Oscar_T_Flint,train
Oscar_T_Flint_06__tile_r0002_c0002,Oscar_T_Flint_06.png,Oscar_T_Flint,train
Oscar_T_Flint_06__tile_r0002_c0003,Oscar_T_Flint_06.png,Oscar_T_Flint,train
Oscar_T_Flint_06__tile_r0003_c0000,Oscar_T_Flint_06.png,Oscar_T_Flint,train
Oscar_T_Flint_06__tile_r0003_c0001,Oscar_T_Flint_06.png,Oscar_T_Flint,train
Oscar_T_Flint_06__tile_r0003_c0002,Oscar_T_Flint_06.png,Oscar_T_Flint,train
Oscar_T_Flint_06__tile_r0003_c0003,Oscar_T_Flint_06.png,Oscar_T_Flint,train
Oscar_T_Flint_06__tile_r0004_c0000,Oscar_T_Flint_06.png,Oscar_T_Flint,train
Oscar_T_Flint_06__tile_r0004_c0001,Oscar_T_Flint_06.png,Oscar_T_Flint,train
Oscar_T_Flint_06__tile_r0004_c0002,Oscar_T_Flint_06.png,Oscar_T_Flint,train
Oscar_T_Flint_06__tile_r0004_c0003,Oscar_T_Flint_06.png,Oscar_T_Flint,train
Oscar_T_Flint_06__tile_r0005_c0000,Oscar_T_Flint_06.png,Oscar_T_Flint,train
Oscar_T_Flint_06__tile_r0005_c0001,Oscar_T_Flint_06.png,Oscar_T_Flint,train
Oscar_T_Flint_06__tile_r0005_c0002,Oscar_T_Flint_06.png,Oscar_T_Flint,train
Oscar_T_Flint_06__tile_r0005_c0003,Oscar_T_Flint_06.png,Oscar_T_Flint,train
Oscar_T_Flint_06__tile_r0006_c0000,Oscar_T_Flint_06.png,Oscar_T_Flint,train
Oscar_T_Flint_06__tile_r0006_c0001,Oscar_T_Flint_06.png,Oscar_T_Flint,train
Oscar_T_Flint_06__tile_r0006_c0002,Oscar_T_Flint_06.png,Oscar_T_Flint,train
Oscar_T_Flint_06__tile_r0006_c0003,Oscar_T_Flint_06.png,Oscar_T_Flint,train
Oscar_T_Flint_06__tile_r0007_c0000,Oscar_T_Flint_06.png,Oscar_T_Flint,train
Oscar_T_Flint_06__tile_r0007_c0001,Oscar_T_Flint_06.png,Oscar_T_Flint,train
Oscar_T_Flint_06__tile_r0007_c0002,Oscar_T_Flint_06.png,Oscar_T_Flint,train
Oscar_T_Flint_06__tile_r0007_c0003,Oscar_T_Flint_06.png,Oscar_T_Flint,train
Oscar_T_Flint_07__tile_r0000_c0000,Oscar_T_Flint_07.png,Oscar_T_Flint,train
Oscar_T_Flint_07__tile_r0000_c0001,Oscar_T_Flint_07.png,Oscar_T_Flint,train
Oscar_T_Flint_07__tile_r0000_c0002,Oscar_T_Flint_07.png,Oscar_T_Flint,train
Oscar_T_Flint_07__tile_r0000_c0003,Oscar_T_Flint_07.png,Oscar_T_Flint,train
Oscar_T_Flint_07__tile_r0001_c0000,Oscar_T_Flint_07.png,Oscar_T_Flint,train
Oscar_T_Flint_07__tile_r0001_c0001,Oscar_T_Flint_07.png,Oscar_T_Flint,train
Oscar_T_Flint_07__tile_r0001_c0002,Oscar_T_Flint_07.png,Oscar_T_Flint,train
Oscar_T_Flint_07__tile_r0001_c0003,Oscar_T_Flint_07.png,Oscar_T_Flint,train
Oscar_T_Flint_07__tile_r0002_c0000,Oscar_T_Flint_07.png,Oscar_T_Flint,train
Oscar_T_Flint_07__tile_r0002_c0001,Oscar_T_Flint_07.png,Oscar_T_Flint,train
Oscar_T_Flint_07__tile_r0002_c0002,Oscar_T_Flint_07.png,Oscar_T_Flint,train
Oscar_T_Flint_07__tile_r0002_c0003,Oscar_T_Flint_07.png,Oscar_T_Flint,train
Oscar_T_Flint_07__tile_r0003_c0000,Oscar_T_Flint_07.png,Oscar_T_Flint,train
Oscar_T_Flint_07__tile_r0003_c0001,Oscar_T_Flint_07.png,Oscar_T_Flint,train
Oscar_T_Flint_07__tile_r0003_c0002,Oscar_T_Flint_07.png,Oscar_T_Flint,train
Oscar_T_Flint_07__tile_r0003_c0003,Oscar_T_Flint_07.png,Oscar_T_Flint,train
Oscar_T_Flint_07__tile_r0004_c0000,Oscar_T_Flint_07.png,Oscar_T_Flint,train
Oscar_T_Flint_07__tile_r0004_c0001,Oscar_T_Flint_07.png,Oscar_T_Flint,train
Oscar_T_Flint_07__tile_r0004_c0002,Oscar_T_Flint_07.png,Oscar_T_Flint,train
Oscar_T_Flint_07__tile_r0004_c0003,Oscar_T_Flint_07.png,Oscar_T_Flint,train
Oscar_T_Flint_07__tile_r0005_c0000,Oscar_T_Flint_07.png,Oscar_T_Flint,train
Oscar_T_Flint_07__tile_r0005_c0001,Oscar_T_Flint_07.png,Oscar_T_Flint,train
Oscar_T_Flint_07__tile_r0005_c0002,Oscar_T_Flint_07.png,Oscar_T_Flint,train
Oscar_T_Flint_07__tile_r0005_c0003,Oscar_T_Flint_07.png,Oscar_T_Flint,train
Oscar_T_Flint_07__tile_r0006_c0000,Oscar_T_Flint_07.png,Oscar_T_Flint,train
Oscar_T_Flint_07__tile_r0006_c0001,Oscar_T_Flint_07.png,Oscar_T_Flint,train
Oscar_T_Flint_07__tile_r0006_c0002,Oscar_T_Flint_07.png,Oscar_T_Flint,train
Oscar_T_Flint_07__tile_r0006_c0003,Oscar_T_Flint_07.png,Oscar_T_Flint,train
Oscar_T_Flint_08__tile_r0000_c0000,Oscar_T_Flint_08.png,Oscar_T_Flint,train
Oscar_T_Flint_08__tile_r0000_c0001,Oscar_T_Flint_08.png,Oscar_T_Flint,train
Oscar_T_Flint_08__tile_r0000_c0002,Oscar_T_Flint_08.png,Oscar_T_Flint,train
Oscar_T_Flint_08__tile_r0000_c0003,Oscar_T_Flint_08.png,Oscar_T_Flint,train
Oscar_T_Flint_08__tile_r0001_c0000,Oscar_T_Flint_08.png,Oscar_T_Flint,train
Oscar_T_Flint_08__tile_r0001_c0001,Oscar_T_Flint_08.png,Oscar_T_Flint,train
Oscar_T_Flint_08__tile_r0001_c0002,Oscar_T_Flint_08.png,Oscar_T_Flint,train
Oscar_T_Flint_08__tile_r0001_c0003,Oscar_T_Flint_08.png,Oscar_T_Flint,train
Oscar_T_Flint_08__tile_r0002_c0000,Oscar_T_Flint_08.png,Oscar_T_Flint,train
Oscar_T_Flint_08__tile_r0002_c0001,Oscar_T_Flint_08.png,Oscar_T_Flint,train
Oscar_T_Flint_08__tile_r0002_c0002,Oscar_T_Flint_08.png,Oscar_T_Flint,train
Oscar_T_Flint_08__tile_r0002_c0003,Oscar_T_Flint_08.png,Oscar_T_Flint,train
Oscar_T_Flint_08__tile_r0003_c0000,Oscar_T_Flint_08.png,Oscar_T_Flint,train
Oscar_T_Flint_08__tile_r0003_c0001,Oscar_T_Flint_08.png,Oscar_T_Flint,train
Oscar_T_Flint_08__tile_r0003_c0002,Oscar_T_Flint_08.png,Oscar_T_Flint,train
Oscar_T_Flint_08__tile_r0003_c0003,Oscar_T_Flint_08.png,Oscar_T_Flint,train
Oscar_T_Flint_08__tile_r0004_c0000,Oscar_T_Flint_08.png,Oscar_T_Flint,train
Oscar_T_Flint_08__tile_r0004_c0001,Oscar_T_Flint_08.png,Oscar_T_Flint,train
Oscar_T_Flint_08__tile_r0004_c0002,Oscar_T_Flint_08.png,Oscar_T_Flint,train
Oscar_T_Flint_08__tile_r0004_c0003,Oscar_T_Flint_08.png,Oscar_T_Flint,train
Oscar_T_Flint_08__tile_r0005_c0000,Oscar_T_Flint_08.png,Oscar_T_Flint,train
Oscar_T_Flint_08__tile_r0005_c0001,Oscar_T_Flint_08.png,Oscar_T_Flint,train
Oscar_T_Flint_08__tile_r0005_c0002,Oscar_T_Flint_08.png,Oscar_T_Flint,train
Oscar_T_Flint_08__tile_r0005_c0003,Oscar_T_Flint_08.png,Oscar_T_Flint,train
Oscar_T_Flint_08__tile_r0006_c0000,Oscar_T_Flint_08.png,Oscar_T_Flint,train
Oscar_T_Flint_08__tile_r0006_c0001,Oscar_T_Flint_08.png,Oscar_T_Flint,train
Oscar_T_Flint_08__tile_r0006_c0002,Oscar_T_Flint_08.png,Oscar_T_Flint,train
Oscar_T_Flint_08__tile_r0006_c0003,Oscar_T_Flint_08.png,Oscar_T_Flint,train
Oscar_T_Flint_08__tile_r0007_c0000,Oscar_T_Flint_08.png,Oscar_T_Flint,train
Oscar_T_Flint_08__tile_r0007_c0001,Oscar_T_Flint_08.png,Oscar_T_Flint,train
Oscar_T_Flint_08__tile_r0007_c0002,Oscar_T_Flint_08.png,Oscar_T_Flint,train
Oscar_T_Flint_08__tile_r0007_c0003,Oscar_T_Flint_08.png,Oscar_T_Flint,train
Oscar_T_Flint_09__tile_r0000_c0000,Oscar_T_Flint_09.png,Oscar_T_Flint,train
Oscar_T_Flint_09__tile_r0000_c0001,Oscar_T_Flint_09.png,Oscar_T_Flint,train
Oscar_T_Flint_09__tile_r0000_c0002,Oscar_T_Flint_09.png,Oscar_T_Flint,train
Oscar_T_Flint_09__tile_r0000_c0003,Oscar_T_Flint_09.png,Oscar_T_Flint,train
Oscar_T_Flint_09__tile_r0001_c0000,Oscar_T_Flint_09.png,Oscar_T_Flint,train
Oscar_T_Flint_09__tile_r0001_c0001,Oscar_T_Flint_09.png,Oscar_T_Flint,train
Oscar_T_Flint_09__tile_r0001_c0002,Oscar_T_Flint_09.png,Oscar_T_Flint,train
Oscar_T_Flint_09__tile_r0001_c0003,Oscar_T_Flint_09.png,Oscar_T_Flint,train
Oscar_T_Flint_09__tile_r0002_c0000,Oscar_T_Flint_09.png,Oscar_T_Flint,train
Oscar_T_Flint_09__tile_r0002_c0001,Oscar_T_Flint_09.png,Oscar_T_Flint,train
Oscar_T_Flint_09__tile_r0002_c0002,Oscar_T_Flint_09.png,Oscar_T_Flint,train
Oscar_T_Flint_09__tile_r0002_c0003,Oscar_T_Flint_09.png,Oscar_T_Flint,train
Oscar_T_Flint_09__tile_r0003_c0000,Oscar_T_Flint_09.png,Oscar_T_Flint,train
Oscar_T_Flint_09__tile_r0003_c0001,Oscar_T_Flint_09.png,Oscar_T_Flint,train
Oscar_T_Flint_09__tile_r0003_c0002,Oscar_T_Flint_09.png,Oscar_T_Flint,train
Oscar_T_Flint_09__tile_r0003_c0003,Oscar_T_Flint_09.png,Oscar_T_Flint,train
Oscar_T_Flint_10__tile_r0000_c0000,Oscar_T_Flint_10.png,Oscar_T_Flint,train
Oscar_T_Flint_10__tile_r0000_c0001,Oscar_T_Flint_10.png,Oscar_T_Flint,train
Oscar_T_Flint_10__tile_r0000_c0002,Oscar_T_Flint_10.png,Oscar_T_Flint,train
Oscar_T_Flint_10__tile_r0000_c0003,Oscar_T_Flint_10.png,Oscar_T_Flint,train
Oscar_T_Flint_10__tile_r0001_c0000,Oscar_T_Flint_10.png,Oscar_T_Flint,train
Oscar_T_Flint_10__tile_r0001_c0001,Oscar_T_Flint_10.png,Oscar_T_Flint,train
Oscar_T_Flint_10__tile_r0001_c0002,Oscar_T_Flint_10.png,Oscar_T_Flint,train
Oscar_T_Flint_10__tile_r0001_c0003,Oscar_T_Flint_10.png,Oscar_T_Flint,train
Oscar_T_Flint_10__tile_r0002_c0000,Oscar_T_Flint_10.png,Oscar_T_Flint,train
Oscar_T_Flint_10__tile_r0002_c0001,Oscar_T_Flint_10.png,Oscar_T_Flint,train
Oscar_T_Flint_10__tile_r0002_c0002,Oscar_T_Flint_10.png,Oscar_T_Flint,train
Oscar_T_Flint_10__tile_r0002_c0003,Oscar_T_Flint_10.png,Oscar_T_Flint,train
Oscar_T_Flint_10__tile_r0003_c0000,Oscar_T_Flint_10.png,Oscar_T_Flint,train
Oscar_T_Flint_10__tile_r0003_c0001,Oscar_T_Flint_10.png,Oscar_T_Flint,train
Oscar_T_Flint_10__tile_r0003_c0002,Oscar_T_Flint_10.png,Oscar_T_Flint,train
Oscar_T_Flint_10__tile_r0003_c0003,Oscar_T_Flint_10.png,Oscar_T_Flint,train
Oscar_T_Flint_11__tile_r0000_c0000,Oscar_T_Flint_11.png,Oscar_T_Flint,train
Oscar_T_Flint_11__tile_r0000_c0001,Oscar_T_Flint_11.png,Oscar_T_Flint,train
Oscar_T_Flint_11__tile_r0000_c0002,Oscar_T_Flint_11.png,Oscar_T_Flint,train
Oscar_T_Flint_11__tile_r0000_c0003,Oscar_T_Flint_11.png,Oscar_T_Flint,train
Oscar_T_Flint_11__tile_r0001_c0000,Oscar_T_Flint_11.png,Oscar_T_Flint,train
Oscar_T_Flint_11__tile_r0001_c0001,Oscar_T_Flint_11.png,Oscar_T_Flint,train
Oscar_T_Flint_11__tile_r0001_c0002,Oscar_T_Flint_11.png,Oscar_T_Flint,train
Oscar_T_Flint_11__tile_r0001_c0003,Oscar_T_Flint_11.png,Oscar_T_Flint,train
Oscar_T_Flint_11__tile_r0002_c0000,Oscar_T_Flint_11.png,Oscar_T_Flint,train
Oscar_T_Flint_11__tile_r0002_c0001,Oscar_T_Flint_11.png,Oscar_T_Flint,train
Oscar_T_Flint_11__tile_r0002_c0002,Oscar_T_Flint_11.png,Oscar_T_Flint,train
Oscar_T_Flint_11__tile_r0002_c0003,Oscar_T_Flint_11.png,Oscar_T_Flint,train
Oscar_T_Flint_11__tile_r0003_c0000,Oscar_T_Flint_11.png,Oscar_T_Flint,train
Oscar_T_Flint_11__tile_r0003_c0001,Oscar_T_Flint_11.png,Oscar_T_Flint,train
Oscar_T_Flint_11__tile_r0003_c0002,Oscar_T_Flint_11.png,Oscar_T_Flint,train
Oscar_T_Flint_11__tile_r0003_c0003,Oscar_T_Flint_11.png,Oscar_T_Flint,train
Oscar_T_Flint_12__tile_r0000_c0000,Oscar_T_Flint_12.png,Oscar_T_Flint,train
Oscar_T_Flint_12__tile_r0000_c0001,Oscar_T_Flint_12.png,Oscar_T_Flint,train
Oscar_T_Flint_12__tile_r0000_c0002,Oscar_T_Flint_12.png,Oscar_T_Flint,train
Oscar_T_Flint_12__tile_r0000_c0003,Oscar_T_Flint_12.png,Oscar_T_Flint,train
Oscar_T_Flint_12__tile_r0001_c0000,Oscar_T_Flint_12.png,Oscar_T_Flint,train
Oscar_T_Flint_12__tile_r0001_c0001,Oscar_T_Flint_12.png,Oscar_T_Flint,train
Oscar_T_Flint_12__tile_r0001_c0002,Oscar_T_Flint_12.png,Oscar_T_Flint,train
Oscar_T_Flint_12__tile_r0001_c0003,Oscar_T_Flint_12.png,Oscar_T_Flint,train
Oscar_T_Flint_12__tile_r0002_c0000,Oscar_T_Flint_12.png,Oscar_T_Flint,train
Oscar_T_Flint_12__tile_r0002_c0001,Oscar_T_Flint_12.png,Oscar_T_Flint,train
Oscar_T_Flint_12__tile_r0002_c0002,Oscar_T_Flint_12.png,Oscar_T_Flint,train
Oscar_T_Flint_12__tile_r0002_c0003,Oscar_T_Flint_12.png,Oscar_T_Flint,train
Oscar_T_Flint_12__tile_r0003_c0000,Oscar_T_Flint_12.png,Oscar_T_Flint,train
Oscar_T_Flint_12__tile_r0003_c0001,Oscar_T_Flint_12.png,Oscar_T_Flint,train
Oscar_T_Flint_12__tile_r0003_c0002,Oscar_T_Flint_12.png,Oscar_T_Flint,train
Oscar_T_Flint_12__tile_r0003_c0003,Oscar_T_Flint_12.png,Oscar_T_Flint,train
Oscar_T_Flint_13__tile_r0000_c0000,Oscar_T_Flint_13.png,Oscar_T_Flint,train
Oscar_T_Flint_13__tile_r0000_c0001,Oscar_T_Flint_13.png,Oscar_T_Flint,train
Oscar_T_Flint_13__tile_r0000_c0002,Oscar_T_Flint_13.png,Oscar_T_Flint,train
Oscar_T_Flint_13__tile_r0000_c0003,Oscar_T_Flint_13.png,Oscar_T_Flint,train
Oscar_T_Flint_13__tile_r0001_c0000,Oscar_T_Flint_13.png,Oscar_T_Flint,train
Oscar_T_Flint_13__tile_r0001_c0001,Oscar_T_Flint_13.png,Oscar_T_Flint,train
Oscar_T_Flint_13__tile_r0001_c0002,Oscar_T_Flint_13.png,Oscar_T_Flint,train
Oscar_T_Flint_13__tile_r0001_c0003,Oscar_T_Flint_13.png,Oscar_T_Flint,train
Oscar_T_Flint_13__tile_r0002_c0000,Oscar_T_Flint_13.png,Oscar_T_Flint,train
Oscar_T_Flint_13__tile_r0002_c0001,Oscar_T_Flint_13.png,Oscar_T_Flint,train
Oscar_T_Flint_13__tile_r0002_c0002,Oscar_T_Flint_13.png,Oscar_T_Flint,train
Oscar_T_Flint_13__tile_r0002_c0003,Oscar_T_Flint_13.png,Oscar_T_Flint,train
Oscar_T_Flint_13__tile_r0003_c0000,Oscar_T_Flint_13.png,Oscar_T_Flint,train
Oscar_T_Flint_13__tile_r0003_c0001,Oscar_T_Flint_13.png,Oscar_T_Flint,train
Oscar_T_Flint_13__tile_r0003_c0002,Oscar_T_Flint_13.png,Oscar_T_Flint,train
Oscar_T_Flint_13__tile_r0003_c0003,Oscar_T_Flint_13.png,Oscar_T_Flint,train
Oscar_T_Flint_14__tile_r0000_c0000,Oscar_T_Flint_14.png,Oscar_T_Flint,train
Oscar_T_Flint_14__tile_r0000_c0001,Oscar_T_Flint_14.png,Oscar_T_Flint,train
Oscar_T_Flint_14__tile_r0000_c0002,Oscar_T_Flint_14.png,Oscar_T_Flint,train
Oscar_T_Flint_14__tile_r0000_c0003,Oscar_T_Flint_14.png,Oscar_T_Flint,train
Oscar_T_Flint_14__tile_r0001_c0000,Oscar_T_Flint_14.png,Oscar_T_Flint,train
Oscar_T_Flint_14__tile_r0001_c0001,Oscar_T_Flint_14.png,Oscar_T_Flint,train
Oscar_T_Flint_14__tile_r0001_c0002,Oscar_T_Flint_14.png,Oscar_T_Flint,train
Oscar_T_Flint_14__tile_r0001_c0003,Oscar_T_Flint_14.png,Oscar_T_Flint,train
Oscar_T_Flint_14__tile_r0002_c0000,Oscar_T_Flint_14.png,Oscar_T_Flint,train
Oscar_T_Flint_14__tile_r0002_c0001,Oscar_T_Flint_14.png,Oscar_T_Flint,train
Oscar_T_Flint_14__tile_r0002_c0002,Oscar_T_Flint_14.png,Oscar_T_Flint,train
Oscar_T_Flint_14__tile_r0002_c0003,Oscar_T_Flint_14.png,Oscar_T_Flint,train
Oscar_T_Flint_14__tile_r0003_c0000,Oscar_T_Flint_14.png,Oscar_T_Flint,train
Oscar_T_Flint_14__tile_r0003_c0001,Oscar_T_Flint_14.png,Oscar_T_Flint,train
Oscar_T_Flint_14__tile_r0003_c0002,Oscar_T_Flint_14.png,Oscar_T_Flint,train
Oscar_T_Flint_14__tile_r0003_c0003,Oscar_T_Flint_14.png,Oscar_T_Flint,train
Oscar_T_Flint_15__tile_r0000_c0000,Oscar_T_Flint_15.png,Oscar_T_Flint,train
Oscar_T_Flint_15__tile_r0000_c0001,Oscar_T_Flint_15.png,Oscar_T_Flint,train
Oscar_T_Flint_15__tile_r0000_c0002,Oscar_T_Flint_15.png,Oscar_T_Flint,train
Oscar_T_Flint_15__tile_r0000_c0003,Oscar_T_Flint_15.png,Oscar_T_Flint,train
Oscar_T_Flint_15__tile_r0001_c0000,Oscar_T_Flint_15.png,Oscar_T_Flint,train
Oscar_T_Flint_15__tile_r0001_c0001,Oscar_T_Flint_15.png,Oscar_T_Flint,train
Oscar_T_Flint_15__tile_r0001_c0002,Oscar_T_Flint_15.png,Oscar_T_Flint,train
Oscar_T_Flint_15__tile_r0001_c0003,Oscar_T_Flint_15.png,Oscar_T_Flint,train
Oscar_T_Flint_15__tile_r0002_c0000,Oscar_T_Flint_15.png,Oscar_T_Flint,train
Oscar_T_Flint_15__tile_r0002_c0001,Oscar_T_Flint_15.png,Oscar_T_Flint,train
Oscar_T_Flint_15__tile_r0002_c0002,Oscar_T_Flint_15.png,Oscar_T_Flint,train
Oscar_T_Flint_15__tile_r0002_c0003,Oscar_T_Flint_15.png,Oscar_T_Flint,train
Oscar_T_Flint_15__tile_r0003_c0000,Oscar_T_Flint_15.png,Oscar_T_Flint,train
Oscar_T_Flint_15__tile_r0003_c0001,Oscar_T_Flint_15.png,Oscar_T_Flint,train
Oscar_T_Flint_15__tile_r0003_c0002,Oscar_T_Flint_15.png,Oscar_T_Flint,train
Oscar_T_Flint_15__tile_r0003_c0003,Oscar_T_Flint_15.png,Oscar_T_Flint,train
Oscar_T_Flint_16__tile_r0000_c0000,Oscar_T_Flint_16.png,Oscar_T_Flint,train
Oscar_T_Flint_16__tile_r0000_c0001,Oscar_T_Flint_16.png,Oscar_T_Flint,train
Oscar_T_Flint_16__tile_r0000_c0002,Oscar_T_Flint_16.png,Oscar_T_Flint,train
Oscar_T_Flint_16__tile_r0000_c0003,Oscar_T_Flint_16.png,Oscar_T_Flint,train
Oscar_T_Flint_16__tile_r0001_c0000,Oscar_T_Flint_16.png,Oscar_T_Flint,train
Oscar_T_Flint_16__tile_r0001_c0001,Oscar_T_Flint_16.png,Oscar_T_Flint,train
Oscar_T_Flint_16__tile_r0001_c0002,Oscar_T_Flint_16.png,Oscar_T_Flint,train
Oscar_T_Flint_16__tile_r0001_c0003,Oscar_T_Flint_16.png,Oscar_T_Flint,train
Oscar_T_Flint_16__tile_r0002_c0000,Oscar_T_Flint_16.png,Oscar_T_Flint,train
Oscar_T_Flint_16__tile_r0002_c0001,Oscar_T_Flint_16.png,Oscar_T_Flint,train
Oscar_T_Flint_16__tile_r0002_c0002,Oscar_T_Flint_16.png,Oscar_T_Flint,train
Oscar_T_Flint_16__tile_r0002_c0003,Oscar_T_Flint_16.png,Oscar_T_Flint,train
Oscar_T_Flint_16__tile_r0003_c0000,Oscar_T_Flint_16.png,Oscar_T_Flint,train
Oscar_T_Flint_16__tile_r0003_c0001,Oscar_T_Flint_16.png,Oscar_T_Flint,train
Oscar_T_Flint_16__tile_r0003_c0002,Oscar_T_Flint_16.png,Oscar_T_Flint,train
Oscar_T_Flint_16__tile_r0003_c0003,Oscar_T_Flint_16.png,Oscar_T_Flint,train
Oscar_T_Flint_17__tile_r0000_c0000,Oscar_T_Flint_17.png,Oscar_T_Flint,train
Oscar_T_Flint_17__tile_r0000_c0001,Oscar_T_Flint_17.png,Oscar_T_Flint,train
Oscar_T_Flint_17__tile_r0000_c0002,Oscar_T_Flint_17.png,Oscar_T_Flint,train
Oscar_T_Flint_17__tile_r0000_c0003,Oscar_T_Flint_17.png,Oscar_T_Flint,train
Oscar_T_Flint_17__tile_r0001_c0000,Oscar_T_Flint_17.png,Oscar_T_Flint,train
Oscar_T_Flint_17__tile_r0001_c0001,Oscar_T_Flint_17.png,Oscar_T_Flint,train
Oscar_T_Flint_17__tile_r0001_c0002,Oscar_T_Flint_17.png,Oscar_T_Flint,train
Oscar_T_Flint_17__tile_r0001_c0003,Oscar_T_Flint_17.png,Oscar_T_Flint,train
Oscar_T_Flint_17__tile_r0002_c0000,Oscar_T_Flint_17.png,Oscar_T_Flint,train
Oscar_T_Flint_17__tile_r0002_c0001,Oscar_T_Flint_17.png,Oscar_T_Flint,train
Oscar_T_Flint_17__tile_r0002_c0002,Oscar_T_Flint_17.png,Oscar_T_Flint,train
Oscar_T_Flint_17__tile_r0002_c0003,Oscar_T_Flint_17.png,Oscar_T_Flint,train
Oscar_T_Flint_17__tile_r0003_c0000,Oscar_T_Flint_17.png,Oscar_T_Flint,train
Oscar_T_Flint_17__tile_r0003_c0001,Oscar_T_Flint_17.png,Oscar_T_Flint,train
Oscar_T_Flint_17__tile_r0003_c0002,Oscar_T_Flint_17.png,Oscar_T_Flint,train
Oscar_T_Flint_17__tile_r0003_c0003,Oscar_T_Flint_17.png,Oscar_T_Flint,train
Oscar_T_Flint_18__tile_r0000_c0000,Oscar_T_Flint_18.png,Oscar_T_Flint,train
Oscar_T_Flint_18__tile_r0000_c0001,Oscar_T_Flint_18.png,Oscar_T_Flint,train
Oscar_T_Flint_18__tile_r0000_c0002,Oscar_T_Flint_18.png,Oscar_T_Flint,train
Oscar_T_Flint_18__tile_r0000_c0003,Oscar_T_Flint_18.png,Oscar_T_Flint,train
Oscar_T_Flint_18__tile_r0001_c0000,Oscar_T_Flint_18.png,Oscar_T_Flint,train
Oscar_T_Flint_18__tile_r0001_c0001,Oscar_T_Flint_18.png,Oscar_T_Flint,train
Oscar_T_Flint_18__tile_r0001_c0002,Oscar_T_Flint_18.png,Oscar_T_Flint,train
Oscar_T_Flint_18__tile_r0001_c0003,Oscar_T_Flint_18.png,Oscar_T_Flint,train
Oscar_T_Flint_18__tile_r0002_c0000,Oscar_T_Flint_18.png,Oscar_T_Flint,train
Oscar_T_Flint_18__tile_r0002_c0001,Oscar_T_Flint_18.png,Oscar_T_Flint,train
Oscar_T_Flint_18__tile_r0002_c0002,Oscar_T_Flint_18.png,Oscar_T_Flint,train
Oscar_T_Flint_18__tile_r0002_c0003,Oscar_T_Flint_18.png,Oscar_T_Flint,train
Oscar_T_Flint_18__tile_r0003_c0000,Oscar_T_Flint_18.png,Oscar_T_Flint,train
Oscar_T_Flint_18__tile_r0003_c0001,Oscar_T_Flint_18.png,Oscar_T_Flint,train
Oscar_T_Flint_18__tile_r0003_c0002,Oscar_T_Flint_18.png,Oscar_T_Flint,train
Oscar_T_Flint_18__tile_r0003_c0003,Oscar_T_Flint_18.png,Oscar_T_Flint,train
Oscar_T_Flint_19__tile_r0000_c0000,Oscar_T_Flint_19.png,Oscar_T_Flint,train
Oscar_T_Flint_19__tile_r0000_c0001,Oscar_T_Flint_19.png,Oscar_T_Flint,train
Oscar_T_Flint_19__tile_r0000_c0002,Oscar_T_Flint_19.png,Oscar_T_Flint,train
Oscar_T_Flint_19__tile_r0000_c0003,Oscar_T_Flint_19.png,Oscar_T_Flint,train
Oscar_T_Flint_19__tile_r0001_c0000,Oscar_T_Flint_19.png,Oscar_T_Flint,train
Oscar_T_Flint_19__tile_r0001_c0001,Oscar_T_Flint_19.png,Oscar_T_Flint,train
Oscar_T_Flint_19__tile_r0001_c0002,Oscar_T_Flint_19.png,Oscar_T_Flint,train
Oscar_T_Flint_19__tile_r0001_c0003,Oscar_T_Flint_19.png,Oscar_T_Flint,train
Oscar_T_Flint_19__tile_r0002_c0000,Oscar_T_Flint_19.png,Oscar_T_Flint,train
Oscar_T_Flint_19__tile_r0002_c0001,Oscar_T_Flint_19.png,Oscar_T_Flint,train
Oscar_T_Flint_19__tile_r0002_c0002,Oscar_T_Flint_19.png,Oscar_T_Flint,train
Oscar_T_Flint_19__tile_r0002_c0003,Oscar_T_Flint_19.png,Oscar_T_Flint,train
Oscar_T_Flint_19__tile_r0003_c0000,Oscar_T_Flint_19.png,Oscar_T_Flint,train
Oscar_T_Flint_19__tile_r0003_c0001,Oscar_T_Flint_19.png,Oscar_T_Flint,train
Oscar_T_Flint_19__tile_r0003_c0002,Oscar_T_Flint_19.png,Oscar_T_Flint,train
Oscar_T_Flint_19__tile_r0003_c0003,Oscar_T_Flint_19.png,Oscar_T_Flint,train
Oscar_T_Flint_20__tile_r0000_c0000,Oscar_T_Flint_20.png,Oscar_T_Flint,train
Oscar_T_Flint_20__tile_r0000_c0001,Oscar_T_Flint_20.png,Oscar_T_Flint,train
Oscar_T_Flint_20__tile_r0000_c0002,Oscar_T_Flint_20.png,Oscar_T_Flint,train
Oscar_T_Flint_20__tile_r0000_c0003,Oscar_T_Flint_20.png,Oscar_T_Flint,train
Oscar_T_Flint_20__tile_r0001_c0000,Oscar_T_Flint_20.png,Oscar_T_Flint,train
Oscar_T_Flint_20__tile_r0001_c0001,Oscar_T_Flint_20.png,Oscar_T_Flint,train
Oscar_T_Flint_20__tile_r0001_c0002,Oscar_T_Flint_20.png,Oscar_T_Flint,train
Oscar_T_Flint_20__tile_r0001_c0003,Oscar_T_Flint_20.png,Oscar_T_Flint,train
Oscar_T_Flint_20__tile_r0002_c0000,Oscar_T_Flint_20.png,Oscar_T_Flint,train
Oscar_T_Flint_20__tile_r0002_c0001,Oscar_T_Flint_20.png,Oscar_T_Flint,train
Oscar_T_Flint_20__tile_r0002_c0002,Oscar_T_Flint_20.png,Oscar_T_Flint,train
Oscar_T_Flint_20__tile_r0002_c0003,Oscar_T_Flint_20.png,Oscar_T_Flint,train
Oscar_T_Flint_20__tile_r0003_c0000,Oscar_T_Flint_20.png,Oscar_T_Flint,train
Oscar_T_Flint_20__tile_r0003_c0001,Oscar_T_Flint_20.png,Oscar_T_Flint,train
Oscar_T_Flint_20__tile_r0003_c0002,Oscar_T_Flint_20.png,Oscar_T_Flint,train
Oscar_T_Flint_20__tile_r0003_c0003,Oscar_T_Flint_20.png,Oscar_T_Flint,train
Oscar_T_Flint_21__tile_r0000_c0000,Oscar_T_Flint_21.png,Oscar_T_Flint,train
Oscar_T_Flint_21__tile_r0000_c0001,Oscar_T_Flint_21.png,Oscar_T_Flint,train
Oscar_T_Flint_21__tile_r0000_c0002,Oscar_T_Flint_21.png,Oscar_T_Flint,train
Oscar_T_Flint_21__tile_r0000_c0003,Oscar_T_Flint_21.png,Oscar_T_Flint,train
Oscar_T_Flint_21__tile_r0001_c0000,Oscar_T_Flint_21.png,Oscar_T_Flint,train
Oscar_T_Flint_21__tile_r0001_c0001,Oscar_T_Flint_21.png,Oscar_T_Flint,train
Oscar_T_Flint_21__tile_r0001_c0002,Oscar_T_Flint_21.png,Oscar_T_Flint,train
Oscar_T_Flint_21__tile_r0001_c0003,Oscar_T_Flint_21.png,Oscar_T_Flint,train
Oscar_T_Flint_21__tile_r0002_c0000,Oscar_T_Flint_21.png,Oscar_T_Flint,train
Oscar_T_Flint_21__tile_r0002_c0001,Oscar_T_Flint_21.png,Oscar_T_Flint,train
Oscar_T_Flint_21__tile_r0002_c0002,Oscar_T_Flint_21.png,Oscar_T_Flint,train
Oscar_T_Flint_21__tile_r0002_c0003,Oscar_T_Flint_21.png,Oscar_T_Flint,train
Oscar_T_Flint_21__tile_r0003_c0000,Oscar_T_Flint_21.png,Oscar_T_Flint,train
Oscar_T_Flint_21__tile_r0003_c0001,Oscar_T_Flint_21.png,Oscar_T_Flint,train
Oscar_T_Flint_21__tile_r0003_c0002,Oscar_T_Flint_21.png,Oscar_T_Flint,train
Oscar_T_Flint_21__tile_r0003_c0003,Oscar_T_Flint_21.png,Oscar_T_Flint,train
Oscar_T_Flint_22__tile_r0000_c0000,Oscar_T_Flint_22.png,Oscar_T_Flint,train
Oscar_T_Flint_22__tile_r0000_c0001,Oscar_T_Flint_22.png,Oscar_T_Flint,train
Oscar_T_Flint_22__tile_r0000_c0002,Oscar_T_Flint_22.png,Oscar_T_Flint,train
Oscar_T_Flint_22__tile_r0000_c0003,Oscar_T_Flint_22.png,Oscar_T_Flint,train
Oscar_T_Flint_22__tile_r0001_c0000,Oscar_T_Flint_22.png,Oscar_T_Flint,train
Oscar_T_Flint_22__tile_r0001_c0001,Oscar_T_Flint_22.png,Oscar_T_Flint,train
Oscar_T_Flint_22__tile_r0001_c0002,Oscar_T_Flint_22.png,Oscar_T_Flint,train
Oscar_T_Flint_22__tile_r0001_c0003,Oscar_T_Flint_22.png,Oscar_T_Flint,train
Oscar_T_Flint_22__tile_r0002_c0000,Oscar_T_Flint_22.png,Oscar_T_Flint,train
Oscar_T_Flint_22__tile_r0002_c0001,Oscar_T_Flint_22.png,Oscar_T_Flint,train
Oscar_T_Flint_22__tile_r0002_c0002,Oscar_T_Flint_22.png,Oscar_T_Flint,train
Oscar_T_Flint_22__tile_r0002_c0003,Oscar_T_Flint_22.png,Oscar_T_Flint,train
Pewabic_01__tile_r0000_c0000,Pewabic_01.png,Pewabic,train
Pewabic_01__tile_r0000_c0001,Pewabic_01.png,Pewabic,train
Pewabic_01__tile_r0000_c0002,Pewabic_01.png,Pewabic,train
Pewabic_01__tile_r0000_c0003,Pewabic_01.png,Pewabic,train
Pewabic_01__tile_r0001_c0000,Pewabic_01.png,Pewabic,train
Pewabic_01__tile_r0001_c0001,Pewabic_01.png,Pewabic,train
Pewabic_01__tile_r0001_c0002,Pewabic_01.png,Pewabic,train
Pewabic_01__tile_r0001_c0003,Pewabic_01.png,Pewabic,train
Pewabic_01__tile_r0002_c0000,Pewabic_01.png,Pewabic,train
Pewabic_01__tile_r0002_c0001,Pewabic_01.png,Pewabic,train
Pewabic_01__tile_r0002_c0002,Pewabic_01.png,Pewabic,train
Pewabic_01__tile_r0002_c0003,Pewabic_01.png,Pewabic,train
Pewabic_01__tile_r0003_c0000,Pewabic_01.png,Pewabic,train
Pewabic_01__tile_r0003_c0001,Pewabic_01.png,Pewabic,train
Pewabic_01__tile_r0003_c0002,Pewabic_01.png,Pewabic,train
Pewabic_01__tile_r0003_c0003,Pewabic_01.png,Pewabic,train
Pewabic_02__tile_r0000_c0000,Pewabic_02.png,Pewabic,train
Pewabic_02__tile_r0000_c0001,Pewabic_02.png,Pewabic,train
Pewabic_02__tile_r0000_c0002,Pewabic_02.png,Pewabic,train
Pewabic_02__tile_r0000_c0003,Pewabic_02.png,Pewabic,train
Pewabic_02__tile_r0001_c0000,Pewabic_02.png,Pewabic,train
Pewabic_02__tile_r0001_c0001,Pewabic_02.png,Pewabic,train
Pewabic_02__tile_r0001_c0002,Pewabic_02.png,Pewabic,train
Pewabic_02__tile_r0001_c0003,Pewabic_02.png,Pewabic,train
Pewabic_02__tile_r0002_c0000,Pewabic_02.png,Pewabic,train
Pewabic_02__tile_r0002_c0001,Pewabic_02.png,Pewabic,train
Pewabic_02__tile_r0002_c0002,Pewabic_02.png,Pewabic,train
Pewabic_02__tile_r0002_c0003,Pewabic_02.png,Pewabic,train
Pewabic_02__tile_r0003_c0000,Pewabic_02.png,Pewabic,train
Pewabic_02__tile_r0003_c0001,Pewabic_02.png,Pewabic,train
Pewabic_02__tile_r0003_c0002,Pewabic_02.png,Pewabic,train
Pewabic_02__tile_r0003_c0003,Pewabic_02.png,Pewabic,train
Pewabic_03__tile_r0000_c0000,Pewabic_03.png,Pewabic,train
Pewabic_03__tile_r0000_c0001,Pewabic_03.png,Pewabic,train
Pewabic_03__tile_r0000_c0002,Pewabic_03.png,Pewabic,train
Pewabic_03__tile_r0000_c0003,Pewabic_03.png,Pewabic,train
Pewabic_03__tile_r0001_c0000,Pewabic_03.png,Pewabic,train
Pewabic_03__tile_r0001_c0001,Pewabic_03.png,Pewabic,train
Pewabic_03__tile_r0001_c0002,Pewabic_03.png,Pewabic,train
Pewabic_03__tile_r0001_c0003,Pewabic_03.png,Pewabic,train
Pewabic_03__tile_r0002_c0000,Pewabic_03.png,Pewabic,train
Pewabic_03__tile_r0002_c0001,Pewabic_03.png,Pewabic,train
Pewabic_03__tile_r0002_c0002,Pewabic_03.png,Pewabic,train
Pewabic_03__tile_r0002_c0003,Pewabic_03.png,Pewabic,train
Pewabic_03__tile_r0003_c0000,Pewabic_03.png,Pewabic,train
Pewabic_03__tile_r0003_c0001,Pewabic_03.png,Pewabic,train
Pewabic_03__tile_r0003_c0002,Pewabic_03.png,Pewabic,train
Pewabic_03__tile_r0003_c0003,Pewabic_03.png,Pewabic,train
Pewabic_04__tile_r0000_c0000,Pewabic_04.png,Pewabic,train
Pewabic_04__tile_r0000_c0001,Pewabic_04.png,Pewabic,train
Pewabic_04__tile_r0000_c0002,Pewabic_04.png,Pewabic,train
Pewabic_04__tile_r0000_c0003,Pewabic_04.png,Pewabic,train
Pewabic_04__tile_r0001_c0000,Pewabic_04.png,Pewabic,train
Pewabic_04__tile_r0001_c0001,Pewabic_04.png,Pewabic,train
Pewabic_04__tile_r0001_c0002,Pewabic_04.png,Pewabic,train
Pewabic_04__tile_r0001_c0003,Pewabic_04.png,Pewabic,train
Pewabic_04__tile_r0002_c0000,Pewabic_04.png,Pewabic,train
Pewabic_04__tile_r0002_c0001,Pewabic_04.png,Pewabic,train
Pewabic_04__tile_r0002_c0002,Pewabic_04.png,Pewabic,train
Pewabic_04__tile_r0002_c0003,Pewabic_04.png,Pewabic,train
Pewabic_04__tile_r0003_c0000,Pewabic_04.png,Pewabic,train
Pewabic_04__tile_r0003_c0001,Pewabic_04.png,Pewabic,train
Pewabic_04__tile_r0003_c0002,Pewabic_04.png,Pewabic,train
Pewabic_04__tile_r0003_c0003,Pewabic_04.png,Pewabic,train
Pewabic_05__tile_r0000_c0000,Pewabic_05.png,Pewabic,train
Pewabic_05__tile_r0000_c0001,Pewabic_05.png,Pewabic,train
Pewabic_05__tile_r0000_c0002,Pewabic_05.png,Pewabic,train
Pewabic_05__tile_r0000_c0003,Pewabic_05.png,Pewabic,train
Pewabic_05__tile_r0001_c0000,Pewabic_05.png,Pewabic,train
Pewabic_05__tile_r0001_c0001,Pewabic_05.png,Pewabic,train
Pewabic_05__tile_r0001_c0002,Pewabic_05.png,Pewabic,train
Pewabic_05__tile_r0001_c0003,Pewabic_05.png,Pewabic,train
Pewabic_05__tile_r0002_c0000,Pewabic_05.png,Pewabic,train
Pewabic_05__tile_r0002_c0001,Pewabic_05.png,Pewabic,train
Pewabic_05__tile_r0002_c0002,Pewabic_05.png,Pewabic,train
Pewabic_05__tile_r0002_c0003,Pewabic_05.png,Pewabic,train
Pewabic_05__tile_r0003_c0000,Pewabic_05.png,Pewabic,train
Pewabic_05__tile_r0003_c0001,Pewabic_05.png,Pewabic,train
Pewabic_05__tile_r0003_c0002,Pewabic_05.png,Pewabic,train
Pewabic_05__tile_r0003_c0003,Pewabic_05.png,Pewabic,train
WP_Rend_01__tile_r0000_c0000,WP_Rend_01.png,WP_Rend,test
WP_Rend_01__tile_r0000_c0001,WP_Rend_01.png,WP_Rend,test
WP_Rend_01__tile_r0000_c0002,WP_Rend_01.png,WP_Rend,test
WP_Rend_01__tile_r0000_c0003,WP_Rend_01.png,WP_Rend,test
WP_Rend_01__tile_r0001_c0000,WP_Rend_01.png,WP_Rend,test
WP_Rend_01__tile_r0001_c0001,WP_Rend_01.png,WP_Rend,test
WP_Rend_01__tile_r0001_c0002,WP_Rend_01.png,WP_Rend,test
WP_Rend_01__tile_r0001_c0003,WP_Rend_01.png,WP_Rend,test
WP_Rend_01__tile_r0002_c0000,WP_Rend_01.png,WP_Rend,test
WP_Rend_01__tile_r0002_c0001,WP_Rend_01.png,WP_Rend,test
WP_Rend_01__tile_r0002_c0002,WP_Rend_01.png,WP_Rend,test
WP_Rend_01__tile_r0002_c0003,WP_Rend_01.png,WP_Rend,test
WP_Rend_01__tile_r0003_c0000,WP_Rend_01.png,WP_Rend,test
WP_Rend_01__tile_r0003_c0001,WP_Rend_01.png,WP_Rend,test
WP_Rend_01__tile_r0003_c0002,WP_Rend_01.png,WP_Rend,test
WP_Rend_01__tile_r0003_c0003,WP_Rend_01.png,WP_Rend,test
WP_Rend_02__tile_r0000_c0000,WP_Rend_02.png,WP_Rend,test
WP_Rend_02__tile_r0000_c0001,WP_Rend_02.png,WP_Rend,test
WP_Rend_02__tile_r0000_c0002,WP_Rend_02.png,WP_Rend,test
WP_Rend_02__tile_r0000_c0003,WP_Rend_02.png,WP_Rend,test
WP_Rend_02__tile_r0001_c0000,WP_Rend_02.png,WP_Rend,test
WP_Rend_02__tile_r0001_c0001,WP_Rend_02.png,WP_Rend,test
WP_Rend_02__tile_r0001_c0002,WP_Rend_02.png,WP_Rend,test
WP_Rend_02__tile_r0001_c0003,WP_Rend_02.png,WP_Rend,test
WP_Rend_02__tile_r0002_c0000,WP_Rend_02.png,WP_Rend,test
WP_Rend_02__tile_r0002_c0001,WP_Rend_02.png,WP_Rend,test
WP_Rend_02__tile_r0002_c0002,WP_Rend_02.png,WP_Rend,test
WP_Rend_02__tile_r0002_c0003,WP_Rend_02.png,WP_Rend,test
WP_Rend_02__tile_r0003_c0000,WP_Rend_02.png,WP_Rend,test
WP_Rend_02__tile_r0003_c0001,WP_Rend_02.png,WP_Rend,test
WP_Rend_02__tile_r0003_c0002,WP_Rend_02.png,WP_Rend,test
WP_Rend_02__tile_r0003_c0003,WP_Rend_02.png,WP_Rend,test
WP_Rend_03__tile_r0000_c0000,WP_Rend_03.png,WP_Rend,test
WP_Rend_03__tile_r0000_c0001,WP_Rend_03.png,WP_Rend,test
WP_Rend_03__tile_r0000_c0002,WP_Rend_03.png,WP_Rend,test
WP_Rend_03__tile_r0000_c0003,WP_Rend_03.png,WP_Rend,test
WP_Rend_04__tile_r0000_c0000,WP_Rend_04.png,WP_Rend,test
WP_Rend_04__tile_r0000_c0001,WP_Rend_04.png,WP_Rend,test
WP_Rend_04__tile_r0000_c0002,WP_Rend_04.png,WP_Rend,test
WP_Rend_04__tile_r0000_c0003,WP_Rend_04.png,WP_Rend,test
WP_Rend_04__tile_r0001_c0000,WP_Rend_04.png,WP_Rend,test
WP_Rend_04__tile_r0001_c0001,WP_Rend_04.png,WP_Rend,test
WP_Rend_04__tile_r0001_c0002,WP_Rend_04.png,WP_Rend,test
WP_Rend_04__tile_r0001_c0003,WP_Rend_04.png,WP_Rend,test
WP_Rend_04__tile_r0002_c0000,WP_Rend_04.png,WP_Rend,test
WP_Rend_04__tile_r0002_c0001,WP_Rend_04.png,WP_Rend,test
WP_Rend_04__tile_r0002_c0002,WP_Rend_04.png,WP_Rend,test
WP_Rend_04__tile_r0002_c0003,WP_Rend_04.png,WP_Rend,test
WP_Rend_04__tile_r0003_c0000,WP_Rend_04.png,WP_Rend,test
WP_Rend_04__tile_r0003_c0001,WP_Rend_04.png,WP_Rend,test
WP_Rend_04__tile_r0003_c0002,WP_Rend_04.png,WP_Rend,test
WP_Rend_04__tile_r0003_c0003,WP_Rend_04.png,WP_Rend,test
WP_Rend_05__tile_r0000_c0000,WP_Rend_05.png,WP_Rend,test
WP_Rend_05__tile_r0000_c0001,WP_Rend_05.png,WP_Rend,test
WP_Rend_05__tile_r0000_c0002,WP_Rend_05.png,WP_Rend,test
WP_Rend_05__tile_r0000_c0003,WP_Rend_05.png,WP_Rend,test
WP_Rend_05__tile_r0001_c0000,WP_Rend_05.png,WP_Rend,test
WP_Rend_05__tile_r0001_c0001,WP_Rend_05.png,WP_Rend,test
WP_Rend_05__tile_r0001_c0002,WP_Rend_05.png,WP_Rend,test
WP_Rend_05__tile_r0001_c0003,WP_Rend_05.png,WP_Rend,test
WP_Rend_05__tile_r0002_c0000,WP_Rend_05.png,WP_Rend,test
WP_Rend_05__tile_r0002_c0001,WP_Rend_05.png,WP_Rend,test
WP_Rend_05__tile_r0002_c0002,WP_Rend_05.png,WP_Rend,test
WP_Rend_05__tile_r0002_c0003,WP_Rend_05.png,WP_Rend,test
WP_Rend_05__tile_r0003_c0000,WP_Rend_05.png,WP_Rend,test
WP_Rend_05__tile_r0003_c0001,WP_Rend_05.png,WP_Rend,test
WP_Rend_05__tile_r0003_c0002,WP_Rend_05.png,WP_Rend,test
WP_Rend_05__tile_r0003_c0003,WP_Rend_05.png,WP_Rend,test
WP_Rend_06__tile_r0000_c0000,WP_Rend_06.png,WP_Rend,test
WP_Rend_06__tile_r0000_c0001,WP_Rend_06.png,WP_Rend,test
WP_Rend_06__tile_r0000_c0002,WP_Rend_06.png,WP_Rend,test
WP_Rend_06__tile_r0000_c0003,WP_Rend_06.png,WP_Rend,test
WP_Rend_06__tile_r0001_c0000,WP_Rend_06.png,WP_Rend,test
WP_Rend_06__tile_r0001_c0001,WP_Rend_06.png,WP_Rend,test
WP_Rend_06__tile_r0001_c0002,WP_Rend_06.png,WP_Rend,test
WP_Rend_06__tile_r0001_c0003,WP_Rend_06.png,WP_Rend,test
WP_Rend_06__tile_r0002_c0000,WP_Rend_06.png,WP_Rend,test
WP_Rend_06__tile_r0002_c0001,WP_Rend_06.png,WP_Rend,test
WP_Rend_06__tile_r0002_c0002,WP_Rend_06.png,WP_Rend,test
WP_Rend_06__tile_r0002_c0003,WP_Rend_06.png,WP_Rend,test
WP_Rend_06__tile_r0003_c0000,WP_Rend_06.png,WP_Rend,test
WP_Rend_06__tile_r0003_c0001,WP_Rend_06.png,WP_Rend,test
WP_Rend_06__tile_r0003_c0002,WP_Rend_06.png,WP_Rend,test
WP_Rend_06__tile_r0003_c0003,WP_Rend_06.png,WP_Rend,test
WP_Rend_07__tile_r0000_c0000,WP_Rend_07.png,WP_Rend,test
WP_Rend_07__tile_r0000_c0001,WP_Rend_07.png,WP_Rend,test
WP_Rend_07__tile_r0000_c0002,WP_Rend_07.png,WP_Rend,test
WP_Rend_07__tile_r0000_c0003,WP_Rend_07.png,WP_Rend,test
WP_Rend_07__tile_r0001_c0000,WP_Rend_07.png,WP_Rend,test
WP_Rend_07__tile_r0001_c0001,WP_Rend_07.png,WP_Rend,test
WP_Rend_07__tile_r0001_c0002,WP_Rend_07.png,WP_Rend,test
WP_Rend_07__tile_r0001_c0003,WP_Rend_07.png,WP_Rend,test
WP_Rend_07__tile_r0002_c0000,WP_Rend_07.png,WP_Rend,test
WP_Rend_07__tile_r0002_c0001,WP_Rend_07.png,WP_Rend,test
WP_Rend_07__tile_r0002_c0002,WP_Rend_07.png,WP_Rend,test
WP_Rend_07__tile_r0002_c0003,WP_Rend_07.png,WP_Rend,test
WP_Rend_07__tile_r0003_c0000,WP_Rend_07.png,WP_Rend,test
WP_Rend_07__tile_r0003_c0001,WP_Rend_07.png,WP_Rend,test
WP_Rend_07__tile_r0003_c0002,WP_Rend_07.png,WP_Rend,test
WP_Rend_07__tile_r0003_c0003,WP_Rend_07.png,WP_Rend,test
WP_Rend_08__tile_r0000_c0000,WP_Rend_08.png,WP_Rend,test
WP_Rend_08__tile_r0000_c0001,WP_Rend_08.png,WP_Rend,test
WP_Rend_08__tile_r0000_c0002,WP_Rend_08.png,WP_Rend,test
WP_Rend_08__tile_r0000_c0003,WP_Rend_08.png,WP_Rend,test
WP_Rend_08__tile_r0001_c0000,WP_Rend_08.png,WP_Rend,test
WP_Rend_08__tile_r0001_c0001,WP_Rend_08.png,WP_Rend,test
WP_Rend_08__tile_r0001_c0002,WP_Rend_08.png,WP_Rend,test
WP_Rend_08__tile_r0001_c0003,WP_Rend_08.png,WP_Rend,test
WP_Rend_08__tile_r0002_c0000,WP_Rend_08.png,WP_Rend,test
WP_Rend_08__tile_r0002_c0001,WP_Rend_08.png,WP_Rend,test
WP_Rend_08__tile_r0002_c0002,WP_Rend_08.png,WP_Rend,test
WP_Rend_08__tile_r0002_c0003,WP_Rend_08.png,WP_Rend,test
WP_Rend_08__tile_r0003_c0000,WP_Rend_08.png,WP_Rend,test
WP_Rend_08__tile_r0003_c0001,WP_Rend_08.png,WP_Rend,test
WP_Rend_08__tile_r0003_c0002,WP_Rend_08.png,WP_Rend,test
WP_Rend_08__tile_r0003_c0003,WP_Rend_08.png,WP_Rend,test
WP_Rend_08__tile_r0004_c0000,WP_Rend_08.png,WP_Rend,test
WP_Rend_08__tile_r0004_c0001,WP_Rend_08.png,WP_Rend,test
WP_Rend_08__tile_r0004_c0002,WP_Rend_08.png,WP_Rend,test
WP_Rend_08__tile_r0004_c0003,WP_Rend_08.png,WP_Rend,test
WP_Rend_08__tile_r0005_c0000,WP_Rend_08.png,WP_Rend,test
WP_Rend_08__tile_r0005_c0001,WP_Rend_08.png,WP_Rend,test
WP_Rend_08__tile_r0005_c0002,WP_Rend_08.png,WP_Rend,test
WP_Rend_08__tile_r0005_c0003,WP_Rend_08.png,WP_Rend,test
WP_Rend_08__tile_r0006_c0000,WP_Rend_08.png,WP_Rend,test
WP_Rend_08__tile_r0006_c0001,WP_Rend_08.png,WP_Rend,test
WP_Rend_08__tile_r0006_c0002,WP_Rend_08.png,WP_Rend,test
WP_Rend_08__tile_r0006_c0003,WP_Rend_08.png,WP_Rend,test
WP_Rend_08__tile_r0007_c0000,WP_Rend_08.png,WP_Rend,test
WP_Rend_08__tile_r0007_c0001,WP_Rend_08.png,WP_Rend,test
WP_Rend_08__tile_r0007_c0002,WP_Rend_08.png,WP_Rend,test
WP_Rend_08__tile_r0007_c0003,WP_Rend_08.png,WP_Rend,test
WP_Rend_08__tile_r0008_c0000,WP_Rend_08.png,WP_Rend,test
WP_Rend_08__tile_r0008_c0001,WP_Rend_08.png,WP_Rend,test
WP_Rend_08__tile_r0008_c0002,WP_Rend_08.png,WP_Rend,test
WP_Rend_08__tile_r0008_c0003,WP_Rend_08.png,WP_Rend,test
WP_Rend_08__tile_r0009_c0000,WP_Rend_08.png,WP_Rend,test
WP_Rend_08__tile_r0009_c0001,WP_Rend_08.png,WP_Rend,test
WP_Rend_08__tile_r0009_c0002,WP_Rend_08.png,WP_Rend,test
WP_Rend_08__tile_r0009_c0003,WP_Rend_08.png,WP_Rend,test
WP_Rend_08__tile_r0010_c0000,WP_Rend_08.png,WP_Rend,test
WP_Rend_08__tile_r0010_c0001,WP_Rend_08.png,WP_Rend,test
WP_Rend_08__tile_r0010_c0002,WP_Rend_08.png,WP_Rend,test
WP_Rend_08__tile_r0010_c0003,WP_Rend_08.png,WP_Rend,test
WP_Rend_08__tile_r0011_c0000,WP_Rend_08.png,WP_Rend,test
WP_Rend_08__tile_r0011_c0001,WP_Rend_08.png,WP_Rend,test
WP_Rend_08__tile_r0011_c0002,WP_Rend_08.png,WP_Rend,test
WP_Rend_08__tile_r0011_c0003,WP_Rend_08.png,WP_Rend,test
WP_Rend_09__tile_r0000_c0000,WP_Rend_09.png,WP_Rend,test
WP_Rend_09__tile_r0000_c0001,WP_Rend_09.png,WP_Rend,test
WP_Rend_09__tile_r0000_c0002,WP_Rend_09.png,WP_Rend,test
WP_Rend_09__tile_r0000_c0003,WP_Rend_09.png,WP_Rend,test
WP_Rend_09__tile_r0001_c0000,WP_Rend_09.png,WP_Rend,test
WP_Rend_09__tile_r0001_c0001,WP_Rend_09.png,WP_Rend,test
WP_Rend_09__tile_r0001_c0002,WP_Rend_09.png,WP_Rend,test
WP_Rend_09__tile_r0001_c0003,WP_Rend_09.png,WP_Rend,test
WP_Rend_09__tile_r0002_c0000,WP_Rend_09.png,WP_Rend,test
WP_Rend_09__tile_r0002_c0001,WP_Rend_09.png,WP_Rend,test
WP_Rend_09__tile_r0002_c0002,WP_Rend_09.png,WP_Rend,test
WP_Rend_09__tile_r0002_c0003,WP_Rend_09.png,WP_Rend,test
WP_Rend_09__tile_r0003_c0000,WP_Rend_09.png,WP_Rend,test
WP_Rend_09__tile_r0003_c0001,WP_Rend_09.png,WP_Rend,test
WP_Rend_09__tile_r0003_c0002,WP_Rend_09.png,WP_Rend,test
WP_Rend_09__tile_r0003_c0003,WP_Rend_09.png,WP_Rend,test
WP_Rend_09__tile_r0004_c0000,WP_Rend_09.png,WP_Rend,test
WP_Rend_09__tile_r0004_c0001,WP_Rend_09.png,WP_Rend,test
WP_Rend_09__tile_r0004_c0002,WP_Rend_09.png,WP_Rend,test
WP_Rend_09__tile_r0004_c0003,WP_Rend_09.png,WP_Rend,test
WP_Rend_09__tile_r0005_c0000,WP_Rend_09.png,WP_Rend,test
WP_Rend_09__tile_r0005_c0001,WP_Rend_09.png,WP_Rend,test
WP_Rend_09__tile_r0005_c0002,WP_Rend_09.png,WP_Rend,test
WP_Rend_09__tile_r0005_c0003,WP_Rend_09.png,WP_Rend,test
WP_Rend_09__tile_r0006_c0000,WP_Rend_09.png,WP_Rend,test
WP_Rend_09__tile_r0006_c0001,WP_Rend_09.png,WP_Rend,test
WP_Rend_09__tile_r0006_c0002,WP_Rend_09.png,WP_Rend,test
WP_Rend_09__tile_r0006_c0003,WP_Rend_09.png,WP_Rend,test
WP_Rend_09__tile_r0007_c0000,WP_Rend_09.png,WP_Rend,test
WP_Rend_09__tile_r0007_c0001,WP_Rend_09.png,WP_Rend,test
WP_Rend_09__tile_r0007_c0002,WP_Rend_09.png,WP_Rend,test
WP_Rend_09__tile_r0007_c0003,WP_Rend_09.png,WP_Rend,test
WP_Rend_09__tile_r0008_c0000,WP_Rend_09.png,WP_Rend,test
WP_Rend_09__tile_r0008_c0001,WP_Rend_09.png,WP_Rend,test
WP_Rend_09__tile_r0008_c0002,WP_Rend_09.png,WP_Rend,test
WP_Rend_09__tile_r0008_c0003,WP_Rend_09.png,WP_Rend,test
WP_Rend_09__tile_r0009_c0000,WP_Rend_09.png,WP_Rend,test
WP_Rend_09__tile_r0009_c0001,WP_Rend_09.png,WP_Rend,test
WP_Rend_09__tile_r0009_c0002,WP_Rend_09.png,WP_Rend,test
WP_Rend_09__tile_r0009_c0003,WP_Rend_09.png,WP_Rend,test
WP_Rend_09__tile_r0010_c0000,WP_Rend_09.png,WP_Rend,test
WP_Rend_09__tile_r0010_c0001,WP_Rend_09.png,WP_Rend,test
WP_Rend_09__tile_r0010_c0002,WP_Rend_09.png,WP_Rend,test
WP_Rend_09__tile_r0010_c0003,WP_Rend_09.png,WP_Rend,test
WP_Rend_10__tile_r0000_c0000,WP_Rend_10.png,WP_Rend,test
WP_Rend_10__tile_r0000_c0001,WP_Rend_10.png,WP_Rend,test
WP_Rend_10__tile_r0000_c0002,WP_Rend_10.png,WP_Rend,test
WP_Rend_10__tile_r0000_c0003,WP_Rend_10.png,WP_Rend,test
WP_Rend_10__tile_r0001_c0000,WP_Rend_10.png,WP_Rend,test
WP_Rend_10__tile_r0001_c0001,WP_Rend_10.png,WP_Rend,test
WP_Rend_10__tile_r0001_c0002,WP_Rend_10.png,WP_Rend,test
WP_Rend_10__tile_r0001_c0003,WP_Rend_10.png,WP_Rend,test
WP_Rend_10__tile_r0002_c0000,WP_Rend_10.png,WP_Rend,test
WP_Rend_10__tile_r0002_c0001,WP_Rend_10.png,WP_Rend,test
WP_Rend_10__tile_r0002_c0002,WP_Rend_10.png,WP_Rend,test
WP_Rend_10__tile_r0002_c0003,WP_Rend_10.png,WP_Rend,test
WP_Rend_10__tile_r0003_c0000,WP_Rend_10.png,WP_Rend,test
WP_Rend_10__tile_r0003_c0001,WP_Rend_10.png,WP_Rend,test
WP_Rend_10__tile_r0003_c0002,WP_Rend_10.png,WP_Rend,test
WP_Rend_10__tile_r0003_c0003,WP_Rend_10.png,WP_Rend,test
WP_Rend_10__tile_r0004_c0000,WP_Rend_10.png,WP_Rend,test
WP_Rend_10__tile_r0004_c0001,WP_Rend_10.png,WP_Rend,test
WP_Rend_10__tile_r0004_c0002,WP_Rend_10.png,WP_Rend,test
WP_Rend_10__tile_r0004_c0003,WP_Rend_10.png,WP_Rend,test
WP_Rend_10__tile_r0005_c0000,WP_Rend_10.png,WP_Rend,test
WP_Rend_10__tile_r0005_c0001,WP_Rend_10.png,WP_Rend,test
WP_Rend_10__tile_r0005_c0002,WP_Rend_10.png,WP_Rend,test
WP_Rend_10__tile_r0005_c0003,WP_Rend_10.png,WP_Rend,test
WP_Rend_10__tile_r0006_c0000,WP_Rend_10.png,WP_Rend,test
WP_Rend_10__tile_r0006_c0001,WP_Rend_10.png,WP_Rend,test
WP_Rend_10__tile_r0006_c0002,WP_Rend_10.png,WP_Rend,test
WP_Rend_10__tile_r0006_c0003,WP_Rend_10.png,WP_Rend,test
WP_Rend_10__tile_r0007_c0000,WP_Rend_10.png,WP_Rend,test
WP_Rend_10__tile_r0007_c0001,WP_Rend_10.png,WP_Rend,test
WP_Rend_10__tile_r0007_c0002,WP_Rend_10.png,WP_Rend,test
WP_Rend_10__tile_r0007_c0003,WP_Rend_10.png,WP_Rend,test
WP_Rend_10__tile_r0008_c0000,WP_Rend_10.png,WP_Rend,test
WP_Rend_10__tile_r0008_c0001,WP_Rend_10.png,WP_Rend,test
WP_Rend_10__tile_r0008_c0002,WP_Rend_10.png,WP_Rend,test
WP_Rend_10__tile_r0008_c0003,WP_Rend_10.png,WP_Rend,test
WP_Rend_10__tile_r0009_c0000,WP_Rend_10.png,WP_Rend,test
WP_Rend_10__tile_r0009_c0001,WP_Rend_10.png,WP_Rend,test
WP_Rend_10__tile_r0009_c0002,WP_Rend_10.png,WP_Rend,test
WP_Rend_10__tile_r0009_c0003,WP_Rend_10.png,WP_Rend,test
WP_Rend_10__tile_r0010_c0000,WP_Rend_10.png,WP_Rend,test
WP_Rend_10__tile_r0010_c0001,WP_Rend_10.png,WP_Rend,test
WP_Rend_10__tile_r0010_c0002,WP_Rend_10.png,WP_Rend,test
WP_Rend_10__tile_r0010_c0003,WP_Rend_10.png,WP_Rend,test
WP_Rend_11__tile_r0000_c0000,WP_Rend_11.png,WP_Rend,test
WP_Rend_11__tile_r0000_c0001,WP_Rend_11.png,WP_Rend,test
WP_Rend_11__tile_r0000_c0002,WP_Rend_11.png,WP_Rend,test
WP_Rend_11__tile_r0000_c0003,WP_Rend_11.png,WP_Rend,test
WP_Rend_11__tile_r0001_c0000,WP_Rend_11.png,WP_Rend,test
WP_Rend_11__tile_r0001_c0001,WP_Rend_11.png,WP_Rend,test
WP_Rend_11__tile_r0001_c0002,WP_Rend_11.png,WP_Rend,test
WP_Rend_11__tile_r0001_c0003,WP_Rend_11.png,WP_Rend,test
WP_Rend_11__tile_r0002_c0000,WP_Rend_11.png,WP_Rend,test
WP_Rend_11__tile_r0002_c0001,WP_Rend_11.png,WP_Rend,test
WP_Rend_11__tile_r0002_c0002,WP_Rend_11.png,WP_Rend,test
WP_Rend_11__tile_r0002_c0003,WP_Rend_11.png,WP_Rend,test
WP_Rend_11__tile_r0003_c0000,WP_Rend_11.png,WP_Rend,test
WP_Rend_11__tile_r0003_c0001,WP_Rend_11.png,WP_Rend,test
WP_Rend_11__tile_r0003_c0002,WP_Rend_11.png,WP_Rend,test
WP_Rend_11__tile_r0003_c0003,WP_Rend_11.png,WP_Rend,test
WP_Rend_11__tile_r0004_c0000,WP_Rend_11.png,WP_Rend,test
WP_Rend_11__tile_r0004_c0001,WP_Rend_11.png,WP_Rend,test
WP_Rend_11__tile_r0004_c0002,WP_Rend_11.png,WP_Rend,test
WP_Rend_11__tile_r0004_c0003,WP_Rend_11.png,WP_Rend,test
WP_Rend_11__tile_r0005_c0000,WP_Rend_11.png,WP_Rend,test
WP_Rend_11__tile_r0005_c0001,WP_Rend_11.png,WP_Rend,test
WP_Rend_11__tile_r0005_c0002,WP_Rend_11.png,WP_Rend,test
WP_Rend_11__tile_r0005_c0003,WP_Rend_11.png,WP_Rend,test
WP_Rend_11__tile_r0006_c0000,WP_Rend_11.png,WP_Rend,test
WP_Rend_11__tile_r0006_c0001,WP_Rend_11.png,WP_Rend,test
WP_Rend_11__tile_r0006_c0002,WP_Rend_11.png,WP_Rend,test
WP_Rend_11__tile_r0006_c0003,WP_Rend_11.png,WP_Rend,test
WP_Rend_11__tile_r0007_c0000,WP_Rend_11.png,WP_Rend,test
WP_Rend_11__tile_r0007_c0001,WP_Rend_11.png,WP_Rend,test
WP_Rend_11__tile_r0007_c0002,WP_Rend_11.png,WP_Rend,test
WP_Rend_11__tile_r0007_c0003,WP_Rend_11.png,WP_Rend,test
WP_Rend_11__tile_r0008_c0000,WP_Rend_11.png,WP_Rend,test
WP_Rend_11__tile_r0008_c0001,WP_Rend_11.png,WP_Rend,test
WP_Rend_11__tile_r0008_c0002,WP_Rend_11.png,WP_Rend,test
WP_Rend_11__tile_r0008_c0003,WP_Rend_11.png,WP_Rend,test
WP_Rend_11__tile_r0009_c0000,WP_Rend_11.png,WP_Rend,test
WP_Rend_11__tile_r0009_c0001,WP_Rend_11.png,WP_Rend,test
WP_Rend_11__tile_r0009_c0002,WP_Rend_11.png,WP_Rend,test
WP_Rend_11__tile_r0009_c0003,WP_Rend_11.png,WP_Rend,test
WP_Rend_11__tile_r0010_c0000,WP_Rend_11.png,WP_Rend,test
WP_Rend_11__tile_r0010_c0001,WP_Rend_11.png,WP_Rend,test
WP_Rend_11__tile_r0010_c0002,WP_Rend_11.png,WP_Rend,test
WP_Rend_11__tile_r0010_c0003,WP_Rend_11.png,WP_Rend,test
